Date,Time,Region,Season,Lead_Time,Weather_Regime,Actual_Rainfall,NWP_Rainfall,AI_Rainfall,Ensemble_Rainfall,Hybrid_Rainfall,NWP_Weight,AI_Weight,Ensemble_Weight,NWP_MAE,AI_MAE,Ensemble_MAE,Hybrid_MAE,Risk_Level,Risk_Score
2024-12-14,12:00,Rajasthan,Post-Monsoon,24 hours,Heavy Rain,58.0,68.6,57.6,60.9,60.6,11.1,34.5,54.4,10.22,2.94,1.68,2.6,Low,46
2024-07-24,00:00,Karnataka,Southwest Monsoon,48 hours,Normal,13.1,10.9,12.0,12.9,12.0,32.0,23.4,44.6,3.38,4.8,2.28,1.1,Low,12
2024-05-15,18:00,Tamil Nadu,Summer,24 hours,Normal,0.3,1.4,0.0,1.4,1.0,25.0,29.5,45.5,3.44,2.84,1.66,0.7,Low,12
2024-08-09,00:00,Andhra Pradesh,Southwest Monsoon,72 hours,Heavy Rain,78.2,82.6,77.4,77.1,77.8,10.9,34.7,54.4,9.58,2.66,1.52,0.4,Moderate,65
2024-06-08,18:00,Karnataka,Southwest Monsoon,6 hours,Heavy Rain,94.8,84.4,91.1,96.0,93.1,10.4,35.1,54.5,9.54,2.47,1.41,1.7,Moderate,65
2024-12-11,12:00,Andhra Pradesh,Northeast Monsoon,24 hours,Normal,10.9,14.0,13.9,10.9,12.7,27.3,31.2,41.5,3.01,2.57,1.81,1.8,Low,12
2024-04-08,00:00,Odisha,Summer,72 hours,Normal,0.0,0.0,0.0,3.2,1.3,25.2,35.0,39.8,3.0,2.02,1.71,1.3,Low,12
2024-02-04,18:00,Andhra Pradesh,Winter,6 hours,Normal,5.5,4.5,5.2,3.9,4.5,27.3,31.2,41.5,3.01,2.57,1.81,1.0,Low,12
2024-06-18,12:00,Rajasthan,Southwest Monsoon,12 hours,Heat Wave,0.0,6.0,0.5,0.7,1.8,22.6,43.4,34.0,2.55,1.09,1.53,1.8,Severe,92
2024-11-03,18:00,Rajasthan,Post-Monsoon,72 hours,High Wind,0.8,0.0,14.5,2.4,5.2,21.4,27.1,51.5,5.7,4.38,2.07,4.4,High,80
2024-08-09,00:00,Maharashtra,Southwest Monsoon,12 hours,Heavy Rain,105.0,105.5,105.2,105.2,105.2,12.0,28.4,59.6,6.93,2.65,1.0,0.2,Moderate,65
2024-08-04,00:00,Telangana,Southwest Monsoon,72 hours,Normal,4.4,8.8,14.2,6.6,8.5,30.3,16.1,53.6,4.11,8.21,2.11,4.1,Low,12
2024-01-25,18:00,Karnataka,Winter,24 hours,Normal,3.4,7.9,3.6,6.3,5.2,23.2,55.1,21.7,1.73,0.44,1.89,1.8,Low,12
2024-06-21,00:00,Maharashtra,Southwest Monsoon,12 hours,Heavy Rain,79.5,89.5,75.8,82.5,81.4,12.0,28.4,59.6,6.93,2.65,1.0,1.9,Moderate,65
2024-06-12,06:00,Andhra Pradesh,Southwest Monsoon,12 hours,Normal,4.8,2.6,0.7,7.1,3.9,27.3,31.2,41.5,3.01,2.57,1.81,0.9,Low,12
2024-04-08,12:00,Tamil Nadu,Summer,6 hours,Normal,0.0,8.2,4.1,3.2,5.0,30.6,30.1,39.3,2.54,2.6,1.87,5.0,Low,12
2024-03-06,12:00,Maharashtra,Summer,24 hours,High Wind,12.7,8.3,17.1,10.3,11.4,21.0,21.8,57.2,4.3,4.13,1.26,1.3,High,80
2024-01-08,18:00,Odisha,Winter,48 hours,Normal,1.9,0.0,0.0,2.2,1.0,26.6,30.1,43.3,2.82,2.44,1.54,0.9,Low,12
2024-03-18,18:00,Rajasthan,Summer,12 hours,Heat Wave,0.0,0.0,0.0,3.2,0.6,11.8,70.8,17.4,2.98,0.08,1.86,0.6,Severe,92
2024-02-11,00:00,Karnataka,Winter,72 hours,Normal,0.4,7.2,0.0,1.4,2.6,29.4,33.8,36.8,2.25,1.89,1.69,2.2,Low,12
2024-07-21,18:00,Rajasthan,Southwest Monsoon,12 hours,Normal,5.2,6.5,4.4,2.7,4.1,24.6,29.0,46.4,3.36,2.77,1.54,1.1,Low,12
2024-02-04,00:00,Andhra Pradesh,Winter,48 hours,Heat Wave,0.0,3.6,3.3,1.4,2.7,14.8,50.1,35.1,4.81,1.07,1.74,2.7,High,78
2024-02-08,12:00,Karnataka,Winter,24 hours,Normal,1.1,4.3,1.7,3.0,2.6,23.2,55.1,21.7,1.73,0.44,1.89,1.5,Low,12
2024-10-18,06:00,Karnataka,Post-Monsoon,24 hours,Normal,1.3,3.0,3.4,2.6,3.1,29.8,44.3,25.9,1.7,0.98,2.03,1.8,Low,12
2024-05-28,12:00,Rajasthan,Summer,6 hours,Heat Wave,0.0,0.0,0.0,0.7,0.2,22.6,43.4,34.0,2.55,1.09,1.53,0.2,Severe,92
2024-08-02,12:00,Maharashtra,Southwest Monsoon,24 hours,High Wind,21.9,29.3,24.6,20.2,23.1,21.0,21.8,57.2,4.3,4.13,1.26,1.2,Moderate,60
2024-11-23,06:00,Rajasthan,Post-Monsoon,6 hours,Heavy Rain,69.1,68.1,72.1,65.8,68.2,11.1,34.5,54.4,10.22,2.94,1.68,0.9,Moderate,65
2024-12-20,18:00,Andhra Pradesh,Northeast Monsoon,12 hours,Heat Wave,0.0,5.0,0.0,0.6,1.0,14.8,50.1,35.1,4.81,1.07,1.74,1.0,High,78
2024-04-26,06:00,Rajasthan,Summer,72 hours,Normal,0.0,0.0,2.0,1.7,1.4,26.5,37.2,36.3,3.64,2.44,2.52,1.4,Severe,92
2024-12-30,12:00,Karnataka,Post-Monsoon,12 hours,Normal,0.0,0.0,0.0,1.6,0.5,19.3,48.1,32.6,2.6,0.74,1.33,0.5,Low,12
2024-07-17,00:00,Odisha,Southwest Monsoon,12 hours,Heavy Rain,136.0,149.3,138.3,136.0,137.5,6.2,29.8,64.0,15.14,2.74,1.01,1.5,High,80
2024-11-13,00:00,Telangana,Post-Monsoon,48 hours,Normal,1.7,0.0,0.0,2.2,1.0,24.7,29.5,45.8,2.95,2.39,1.36,0.7,Low,12
2024-09-15,18:00,Tamil Nadu,Southwest Monsoon,72 hours,Normal,9.3,3.3,14.2,9.8,9.5,25.0,29.5,45.5,3.44,2.84,1.66,0.2,Low,12
2024-04-23,18:00,Tamil Nadu,Summer,72 hours,Normal,0.3,7.8,4.8,4.9,5.6,25.0,29.5,45.5,3.44,2.84,1.66,5.3,Low,12
2024-08-11,00:00,Rajasthan,Southwest Monsoon,24 hours,Storm/Cyclone,155.4,151.5,155.2,155.1,154.7,11.0,28.3,60.7,10.5,3.76,1.49,0.7,Severe,98
2024-08-13,00:00,Maharashtra,Southwest Monsoon,48 hours,Heavy Rain,138.6,135.4,143.9,141.3,141.4,8.9,22.3,68.8,11.09,4.14,1.0,2.8,High,80
2024-07-17,12:00,Andhra Pradesh,Southwest Monsoon,72 hours,Normal,3.7,8.8,0.0,3.1,3.6,24.2,28.4,47.4,4.5,3.76,2.06,0.1,Low,12
2024-03-16,00:00,Tamil Nadu,Summer,48 hours,Heat Wave,0.0,0.0,0.0,1.4,0.6,29.6,28.2,42.2,2.73,2.89,1.76,0.6,Severe,92
2024-01-22,06:00,Kerala,Winter,24 hours,Normal,0.0,0.0,6.1,1.1,1.3,62.5,17.8,19.7,0.3,2.3,2.04,1.3,Low,12
2024-12-15,00:00,Tamil Nadu,Northeast Monsoon,12 hours,Heavy Rain,114.7,108.3,113.5,113.3,112.6,16.1,43.4,40.5,5.72,1.8,1.97,2.1,Moderate,65
2024-01-14,18:00,Rajasthan,Winter,6 hours,Heavy Rain,57.6,53.5,53.5,57.2,55.5,11.1,34.5,54.4,10.22,2.94,1.68,2.1,Low,43
2024-02-13,18:00,Odisha,Winter,48 hours,Heat Wave,0.0,0.0,0.0,2.9,0.8,35.5,38.3,26.2,1.4,1.26,2.08,0.8,High,78
2024-05-24,06:00,Kerala,Summer,6 hours,Normal,2.4,7.5,6.6,4.2,5.9,28.3,31.8,39.9,2.0,1.72,1.27,3.5,Low,12
2024-05-08,18:00,Karnataka,Summer,6 hours,Normal,0.2,3.9,6.0,0.7,3.4,25.8,35.8,38.4,1.76,1.13,1.02,3.2,Low,12
2024-10-29,00:00,Odisha,Post-Monsoon,48 hours,Storm/Cyclone,145.5,126.3,159.8,146.5,148.5,9.0,28.5,62.5,14.51,4.26,1.67,3.0,Severe,98
2024-12-27,12:00,Telangana,Post-Monsoon,24 hours,Normal,0.4,2.5,0.0,2.0,1.3,29.3,43.5,27.2,1.85,1.08,2.03,0.9,Low,12
2024-05-29,18:00,Telangana,Summer,72 hours,Heat Wave,0.0,10.5,0.0,1.2,3.5,29.5,34.4,36.1,2.23,1.84,1.73,3.5,Moderate,55
2024-09-20,06:00,Telangana,Southwest Monsoon,12 hours,Heavy Rain,80.5,68.5,78.4,78.0,77.7,4.7,36.3,59.0,25.57,2.88,1.58,2.8,Moderate,65
2024-02-07,18:00,Andhra Pradesh,Winter,12 hours,Normal,0.0,0.0,0.0,3.2,0.7,27.3,51.5,21.2,1.58,0.6,2.18,0.7,Low,12
2024-03-06,12:00,Karnataka,Summer,12 hours,Normal,3.0,3.5,5.3,5.4,4.5,46.7,26.4,26.9,0.92,2.02,1.97,1.5,Low,12
2024-10-13,12:00,Rajasthan,Post-Monsoon,72 hours,Heavy Rain,129.6,116.8,130.9,123.1,125.1,11.1,34.5,54.4,10.22,2.94,1.68,4.5,High,80
2024-03-05,00:00,Rajasthan,Summer,72 hours,Heat Wave,0.0,0.0,0.0,2.0,0.7,22.6,43.4,34.0,2.55,1.09,1.53,0.7,Severe,92
2024-08-01,18:00,Odisha,Southwest Monsoon,6 hours,Heavy Rain,74.0,63.0,72.8,74.0,72.1,13.2,36.9,49.9,7.21,2.26,1.54,1.9,Moderate,65
2024-04-14,00:00,Maharashtra,Summer,6 hours,Normal,0.0,7.7,0.0,1.2,2.2,20.3,28.3,51.4,2.49,1.64,0.68,2.2,Low,12
2024-09-24,00:00,Tamil Nadu,Southwest Monsoon,12 hours,Heavy Rain,76.4,68.7,77.2,75.4,75.1,12.4,31.5,56.1,9.15,3.31,1.64,1.3,Moderate,65
2024-04-13,12:00,Andhra Pradesh,Summer,12 hours,Heavy Rain,74.9,88.2,78.0,73.6,76.5,10.1,33.0,56.9,12.68,3.52,1.83,1.6,Moderate,65
2024-01-20,00:00,Telangana,Winter,48 hours,Normal,0.0,0.0,0.0,1.9,0.7,30.6,30.0,39.4,2.32,2.38,1.69,0.7,Low,12
2024-09-16,18:00,Maharashtra,Southwest Monsoon,24 hours,Heavy Rain,154.3,151.7,158.6,151.5,153.4,10.0,27.1,62.9,12.42,4.26,1.55,0.9,High,80
2024-12-29,06:00,Telangana,Post-Monsoon,48 hours,Normal,3.6,0.0,7.9,7.1,5.6,24.7,29.5,45.8,2.95,2.39,1.36,2.0,Low,12
2024-05-10,12:00,Telangana,Summer,12 hours,Normal,0.0,0.0,1.2,2.1,1.3,18.0,47.1,34.9,3.62,1.07,1.62,1.3,High,78
2024-10-20,18:00,Rajasthan,Post-Monsoon,24 hours,Normal,0.0,5.9,0.2,0.7,1.4,16.6,37.1,46.3,3.78,1.42,1.04,1.4,Low,12
2024-03-12,12:00,Telangana,Summer,6 hours,Normal,2.2,2.7,4.3,2.4,2.9,39.4,19.4,41.2,0.88,2.3,0.82,0.7,Severe,92
2024-06-06,00:00,Telangana,Southwest Monsoon,12 hours,Normal,4.3,4.4,4.9,4.3,4.5,22.0,30.3,47.7,2.1,1.39,0.7,0.2,Low,12
2024-11-02,12:00,Tamil Nadu,Northeast Monsoon,12 hours,Heavy Rain,137.1,146.3,138.1,138.6,139.6,16.1,43.4,40.5,5.72,1.8,1.97,2.5,High,80
2024-05-13,12:00,Tamil Nadu,Summer,24 hours,Heavy Rain,86.8,79.9,84.4,84.5,83.9,12.4,31.5,56.1,9.15,3.31,1.64,2.9,Moderate,65
2024-11-29,06:00,Karnataka,Post-Monsoon,6 hours,Normal,2.0,5.8,3.9,1.7,3.0,15.0,33.0,52.0,3.43,1.28,0.63,1.0,Low,12
2024-08-19,00:00,Telangana,Southwest Monsoon,24 hours,Normal,8.1,6.3,5.7,8.1,6.8,36.4,28.0,35.6,1.68,2.33,1.73,1.3,Low,12
2024-07-08,18:00,Tamil Nadu,Southwest Monsoon,24 hours,High Wind,15.3,13.7,17.4,14.7,15.3,26.7,31.8,41.5,3.43,2.8,2.02,0.0,Moderate,60
2024-08-27,00:00,Telangana,Southwest Monsoon,72 hours,Heavy Rain,65.2,77.0,67.3,71.0,69.9,4.7,36.3,59.0,25.57,2.88,1.58,4.7,Moderate,65
2024-10-22,06:00,Maharashtra,Post-Monsoon,6 hours,Heavy Rain,92.6,88.7,96.0,95.2,94.8,10.0,27.1,62.9,12.42,4.26,1.55,2.2,Moderate,65
2024-06-15,06:00,Andhra Pradesh,Southwest Monsoon,48 hours,Heavy Rain,64.0,49.6,59.1,62.7,59.6,15.5,29.4,55.1,10.3,5.21,2.54,4.4,Low,46
2024-05-01,00:00,Maharashtra,Summer,72 hours,High Wind,17.8,20.5,5.7,18.9,16.4,21.0,21.8,57.2,4.3,4.13,1.26,1.4,Moderate,60
2024-04-20,06:00,Karnataka,Summer,24 hours,Normal,0.0,5.4,0.0,2.0,1.6,19.2,53.4,27.4,2.8,0.69,1.82,1.6,Low,12
2024-12-17,06:00,Andhra Pradesh,Northeast Monsoon,12 hours,Heavy Rain,126.8,127.4,126.5,128.9,127.9,8.2,35.9,55.9,12.92,2.56,1.46,1.1,High,80
2024-07-12,00:00,Andhra Pradesh,Southwest Monsoon,24 hours,Normal,3.7,7.4,4.8,4.2,5.0,16.3,41.1,42.6,4.45,1.46,1.39,1.3,Low,12
2024-05-23,06:00,Kerala,Summer,48 hours,Normal,0.7,4.6,0.0,5.5,3.4,32.1,33.4,34.5,2.83,2.7,2.6,2.7,Low,12
2024-11-30,06:00,Telangana,Post-Monsoon,48 hours,Normal,0.0,0.0,0.9,0.5,0.5,24.7,29.5,45.8,2.95,2.39,1.36,0.5,Low,12
2024-02-25,18:00,Odisha,Winter,24 hours,Normal,0.6,0.0,3.1,0.8,1.2,32.6,30.0,37.4,1.48,1.65,1.23,0.6,Low,12
2024-01-13,06:00,Tamil Nadu,Winter,72 hours,Heat Wave,0.0,7.5,0.0,2.5,3.3,29.6,28.2,42.2,2.73,2.89,1.76,3.3,Severe,92
2024-01-13,00:00,Maharashtra,Winter,12 hours,Normal,0.0,0.0,0.0,3.1,1.0,28.6,39.1,32.3,1.97,1.31,1.69,1.0,Low,12
2024-08-15,12:00,Rajasthan,Southwest Monsoon,24 hours,Normal,9.7,0.0,9.2,10.4,8.6,13.8,27.2,59.0,5.22,2.41,0.84,1.1,Low,12
2024-03-08,12:00,Odisha,Summer,48 hours,Heavy Rain,114.8,132.6,117.5,111.8,116.2,11.2,36.4,52.4,10.29,2.83,1.81,1.4,High,80
2024-08-22,18:00,Telangana,Southwest Monsoon,6 hours,Normal,5.6,2.4,11.4,4.2,5.5,20.1,23.2,56.7,4.05,3.44,1.11,0.1,Low,12
2024-04-03,00:00,Andhra Pradesh,Summer,24 hours,Heavy Rain,63.0,56.4,65.3,62.8,63.0,10.1,33.0,56.9,12.68,3.52,1.83,0.0,Moderate,60
2024-06-21,18:00,Kerala,Southwest Monsoon,72 hours,Heavy Rain,94.2,80.4,99.5,95.9,94.8,12.1,20.6,67.3,9.57,5.43,1.31,0.6,Moderate,65
2024-11-19,06:00,Andhra Pradesh,Northeast Monsoon,24 hours,Heavy Rain,117.8,106.2,113.2,116.2,114.3,5.9,42.8,51.3,13.92,1.48,1.15,3.5,Moderate,65
2024-07-24,00:00,Karnataka,Southwest Monsoon,24 hours,Storm/Cyclone,181.2,162.0,176.7,181.7,178.4,9.8,28.3,61.9,16.01,5.2,2.1,2.8,Severe,98
2024-09-07,00:00,Kerala,Southwest Monsoon,72 hours,Normal,8.2,10.4,22.6,12.9,13.9,35.3,19.8,44.9,3.45,6.52,2.6,5.7,Low,12
2024-01-13,18:00,Odisha,Winter,24 hours,High Wind,17.6,22.7,17.6,18.1,18.8,19.9,33.5,46.6,5.74,3.21,2.17,1.2,Moderate,60
2024-01-19,06:00,Tamil Nadu,Winter,72 hours,Normal,4.0,9.0,1.2,4.5,5.9,42.4,16.8,40.8,2.12,6.1,2.22,1.9,Low,12
2024-10-21,12:00,Kerala,Post-Monsoon,72 hours,High Wind,8.6,22.1,19.2,6.4,12.5,19.5,23.9,56.6,4.86,3.87,1.35,3.9,Low,12
2024-03-13,00:00,Kerala,Summer,12 hours,Heavy Rain,89.8,83.9,93.2,91.1,91.1,9.0,31.2,59.8,14.13,3.71,1.7,1.3,Moderate,65
2024-12-23,00:00,Karnataka,Post-Monsoon,24 hours,Normal,0.0,0.0,0.0,2.0,0.5,29.8,44.3,25.9,1.7,0.98,2.03,0.5,Low,12
2024-12-28,06:00,Telangana,Post-Monsoon,48 hours,Normal,0.0,4.5,0.0,1.7,1.9,24.7,29.5,45.8,2.95,2.39,1.36,1.9,Low,12
2024-04-06,00:00,Odisha,Summer,72 hours,Storm/Cyclone,87.8,70.7,71.9,87.0,81.2,9.0,28.5,62.5,14.51,4.26,1.67,6.6,Severe,98
2024-05-01,06:00,Karnataka,Summer,48 hours,Normal,0.0,0.0,0.0,4.2,1.2,40.6,30.2,29.2,1.58,2.3,2.4,1.2,Low,12
2024-11-15,00:00,Telangana,Post-Monsoon,72 hours,Normal,0.0,5.4,10.2,2.6,5.7,35.2,28.2,36.6,2.74,3.54,2.61,5.7,Low,12
2024-09-27,12:00,Tamil Nadu,Southwest Monsoon,24 hours,Normal,5.6,10.4,6.1,6.2,7.2,25.0,29.5,45.5,3.44,2.84,1.66,1.6,Low,12
2024-06-07,18:00,Andhra Pradesh,Southwest Monsoon,12 hours,High Wind,17.7,20.9,21.3,18.2,19.7,24.7,27.3,48.0,3.47,3.08,1.54,2.0,High,80
2024-01-16,18:00,Maharashtra,Winter,24 hours,Normal,0.3,4.7,0.0,3.1,2.5,25.7,33.4,40.9,2.67,1.94,1.49,2.2,Low,12
2024-11-21,18:00,Rajasthan,Post-Monsoon,48 hours,Heavy Rain,67.4,76.4,74.2,67.8,71.0,11.1,34.5,54.4,10.22,2.94,1.68,3.6,Moderate,65
2024-10-17,18:00,Telangana,Post-Monsoon,24 hours,Normal,1.0,4.2,4.4,4.7,4.4,29.3,43.5,27.2,1.85,1.08,2.03,3.4,Low,12
2024-05-28,18:00,Karnataka,Summer,12 hours,Normal,0.3,0.0,3.3,2.7,1.6,46.7,26.4,26.9,0.92,2.02,1.97,1.3,Low,12
2024-07-25,18:00,Karnataka,Southwest Monsoon,48 hours,Storm/Cyclone,158.6,131.8,163.3,159.4,157.8,9.8,28.3,61.9,16.01,5.2,2.1,0.8,Severe,98
2024-10-02,18:00,Maharashtra,Post-Monsoon,72 hours,High Wind,17.1,15.8,3.8,13.7,12.0,21.0,21.8,57.2,4.3,4.13,1.26,5.1,High,80
2024-10-28,18:00,Andhra Pradesh,Northeast Monsoon,72 hours,Heavy Rain,109.9,110.2,111.4,104.8,107.5,14.0,28.8,57.2,12.88,6.0,2.78,2.4,Moderate,65
2024-07-14,12:00,Rajasthan,Southwest Monsoon,6 hours,Normal,12.9,13.2,13.9,15.8,14.6,19.4,38.7,41.9,3.1,1.31,1.17,1.7,Low,12
2024-09-12,12:00,Kerala,Southwest Monsoon,48 hours,Heavy Rain,89.0,91.8,83.6,85.9,85.5,9.2,39.9,50.9,17.49,3.64,2.74,3.5,Moderate,65
2024-10-12,12:00,Tamil Nadu,Northeast Monsoon,72 hours,Heat Wave,0.0,2.8,5.9,3.5,4.0,29.6,28.2,42.2,2.73,2.89,1.76,4.0,Severe,92
2024-04-12,12:00,Karnataka,Summer,6 hours,Normal,1.4,0.6,0.0,0.9,0.5,25.8,35.8,38.4,1.76,1.13,1.02,0.9,Moderate,55
2024-10-14,00:00,Kerala,Post-Monsoon,6 hours,Normal,0.0,3.8,0.0,0.0,1.3,33.6,27.7,38.7,2.09,2.64,1.75,1.3,Low,12
2024-10-08,12:00,Andhra Pradesh,Northeast Monsoon,12 hours,High Wind,23.5,22.8,23.7,25.3,24.2,24.7,27.3,48.0,3.47,3.08,1.54,0.7,Moderate,60
2024-08-29,06:00,Odisha,Southwest Monsoon,6 hours,Storm/Cyclone,100.3,93.5,98.2,101.1,99.6,9.0,28.5,62.5,14.51,4.26,1.67,0.7,High,85
2024-04-20,00:00,Telangana,Summer,6 hours,Normal,0.6,2.5,0.8,0.0,1.1,39.4,19.4,41.2,0.88,2.3,0.82,0.5,Low,12
2024-01-20,06:00,Kerala,Winter,24 hours,Heavy Rain,107.2,107.7,108.4,103.7,105.5,9.0,31.2,59.8,14.13,3.71,1.7,1.7,Moderate,65
2024-07-08,18:00,Andhra Pradesh,Southwest Monsoon,72 hours,Normal,6.5,8.5,0.0,4.7,4.3,24.2,28.4,47.4,4.5,3.76,2.06,2.2,Low,12
2024-07-30,06:00,Kerala,Southwest Monsoon,24 hours,Heavy Rain,130.7,135.3,134.0,127.0,129.9,9.0,31.2,59.8,14.13,3.71,1.7,0.8,High,80
2024-11-09,06:00,Maharashtra,Post-Monsoon,6 hours,Normal,0.0,0.0,0.0,0.3,0.1,23.4,32.4,44.2,1.95,1.27,0.8,0.1,Low,12
2024-03-03,18:00,Rajasthan,Summer,48 hours,Heavy Rain,67.9,42.0,63.2,67.1,63.0,11.1,34.5,54.4,10.22,2.94,1.68,4.9,Moderate,60
2024-11-13,06:00,Telangana,Post-Monsoon,72 hours,Normal,0.0,0.0,2.2,2.1,1.4,35.2,28.2,36.6,2.74,3.54,2.61,1.4,Low,12
2024-09-01,12:00,Rajasthan,Southwest Monsoon,24 hours,Normal,4.8,0.4,2.0,7.0,4.7,13.8,27.2,59.0,5.22,2.41,0.84,0.1,Low,12
2024-03-13,18:00,Andhra Pradesh,Summer,12 hours,Normal,0.0,8.7,2.6,1.6,4.0,29.2,34.7,36.1,1.92,1.54,1.46,4.0,Low,12
2024-05-27,06:00,Andhra Pradesh,Summer,24 hours,Normal,2.3,0.0,2.1,4.4,2.3,24.8,42.9,32.3,2.61,1.3,1.89,0.0,Low,12
2024-08-06,00:00,Telangana,Southwest Monsoon,6 hours,Normal,4.0,0.0,0.9,3.4,2.1,20.1,23.2,56.7,4.05,3.44,1.11,1.9,Low,12
2024-03-26,18:00,Andhra Pradesh,Summer,48 hours,Normal,0.0,7.6,0.0,1.2,1.5,17.0,63.8,19.2,2.72,0.36,2.36,1.5,Low,12
2024-04-26,00:00,Karnataka,Summer,72 hours,Normal,0.0,7.3,11.0,0.0,5.4,39.8,22.8,37.4,2.04,3.92,2.2,5.4,Low,12
2024-02-16,00:00,Kerala,Winter,48 hours,Normal,0.8,0.0,0.0,2.9,1.1,41.1,19.8,39.1,2.38,5.46,2.52,0.3,Low,12
2024-01-16,12:00,Andhra Pradesh,Winter,24 hours,Normal,0.3,7.8,1.6,4.6,4.4,30.1,37.3,32.6,2.67,2.06,2.43,4.1,Low,12
2024-07-04,00:00,Andhra Pradesh,Southwest Monsoon,48 hours,Normal,7.1,14.1,8.4,7.5,9.6,27.3,31.2,41.5,3.01,2.57,1.81,2.5,Low,12
2024-09-22,18:00,Karnataka,Southwest Monsoon,72 hours,Heavy Rain,79.1,52.9,73.5,77.6,74.6,7.0,32.1,60.9,22.61,4.52,2.15,4.5,Moderate,65
2024-10-10,06:00,Maharashtra,Post-Monsoon,24 hours,Normal,0.0,0.0,1.3,0.8,0.8,25.5,33.7,40.8,2.0,1.39,1.06,0.8,Low,12
2024-08-07,18:00,Rajasthan,Southwest Monsoon,48 hours,Normal,10.7,12.4,9.2,7.3,8.7,19.4,20.2,60.4,4.8,4.58,1.2,2.0,Low,12
2024-04-12,12:00,Tamil Nadu,Summer,24 hours,Heavy Rain,52.0,23.4,56.6,49.6,48.6,12.4,31.5,56.1,9.15,3.31,1.64,3.4,Moderate,60
2024-08-28,18:00,Kerala,Southwest Monsoon,72 hours,Normal,8.7,14.8,0.0,10.9,10.1,35.3,19.8,44.9,3.45,6.52,2.6,1.4,Low,12
2024-01-10,06:00,Rajasthan,Winter,6 hours,Normal,1.2,5.8,0.0,1.9,1.6,14.1,42.2,43.7,4.78,1.26,1.2,0.4,Low,12
2024-06-05,06:00,Rajasthan,Southwest Monsoon,12 hours,Heavy Rain,123.3,110.4,119.8,122.3,119.8,14.3,33.7,52.0,7.58,2.92,1.72,3.5,High,80
2024-04-09,12:00,Maharashtra,Summer,24 hours,Heavy Rain,115.0,147.4,117.3,113.7,118.0,10.0,27.1,62.9,12.42,4.26,1.55,3.0,High,80
2024-09-02,00:00,Karnataka,Southwest Monsoon,24 hours,Storm/Cyclone,126.8,132.5,122.1,125.1,125.0,9.8,28.3,61.9,16.01,5.2,2.1,1.8,Severe,98
2024-12-26,06:00,Telangana,Post-Monsoon,72 hours,Normal,0.0,0.3,2.2,3.9,2.2,35.2,28.2,36.6,2.74,3.54,2.61,2.2,Low,12
2024-05-09,18:00,Kerala,Summer,72 hours,Heavy Rain,117.7,134.0,117.2,118.7,119.6,9.0,31.2,59.8,14.13,3.71,1.7,1.9,High,80
2024-03-10,06:00,Andhra Pradesh,Summer,12 hours,Normal,0.0,0.0,4.9,1.1,2.1,29.2,34.7,36.1,1.92,1.54,1.46,2.1,Low,12
2024-03-23,06:00,Odisha,Summer,6 hours,Normal,1.7,1.6,0.9,3.5,1.9,32.8,37.5,29.7,1.62,1.36,1.84,0.2,Low,12
2024-06-10,06:00,Rajasthan,Southwest Monsoon,72 hours,Normal,6.7,0.4,17.8,7.4,7.4,31.2,20.8,48.0,3.9,6.09,2.36,0.7,Low,12
2024-02-04,12:00,Kerala,Winter,24 hours,Normal,0.0,0.0,3.4,4.1,1.4,62.5,17.8,19.7,0.3,2.3,2.04,1.4,Low,12
2024-10-04,18:00,Rajasthan,Post-Monsoon,12 hours,Normal,0.0,2.7,0.0,2.2,1.3,22.7,46.8,30.5,2.43,0.92,1.68,1.3,Low,12
2024-07-23,12:00,Tamil Nadu,Southwest Monsoon,24 hours,Heavy Rain,135.5,125.5,135.1,138.0,135.4,12.3,36.9,50.8,8.24,2.41,1.61,0.1,High,80
2024-05-13,18:00,Andhra Pradesh,Summer,48 hours,Normal,0.9,2.2,0.0,4.3,1.2,17.0,63.8,19.2,2.72,0.36,2.36,0.3,Low,12
2024-10-22,06:00,Andhra Pradesh,Northeast Monsoon,48 hours,Heavy Rain,126.3,101.4,118.1,126.4,123.1,7.0,18.8,74.2,17.62,6.28,1.22,3.2,High,80
2024-12-29,12:00,Maharashtra,Post-Monsoon,12 hours,Normal,0.8,0.0,0.0,1.6,0.7,25.7,33.4,40.9,2.67,1.94,1.49,0.1,Low,12
2024-12-27,18:00,Telangana,Post-Monsoon,72 hours,Heavy Rain,94.7,86.4,88.1,94.5,91.8,4.7,36.3,59.0,25.57,2.88,1.58,2.9,Moderate,65
2024-08-21,06:00,Odisha,Southwest Monsoon,6 hours,Normal,3.7,2.8,3.5,5.6,4.7,11.6,26.6,61.8,7.01,2.78,0.91,1.0,Low,12
2024-07-26,00:00,Maharashtra,Southwest Monsoon,48 hours,Storm/Cyclone,196.3,185.0,200.6,198.8,198.6,5.6,32.9,61.5,22.97,3.47,1.62,2.3,Severe,98
2024-05-22,06:00,Kerala,Summer,48 hours,Heavy Rain,110.5,96.6,98.3,109.5,104.8,9.0,31.2,59.8,14.13,3.71,1.7,5.7,Moderate,65
2024-04-10,18:00,Odisha,Summer,24 hours,Normal,1.1,1.5,4.6,2.3,2.9,25.2,35.0,39.8,3.0,2.02,1.71,1.8,Low,12
2024-09-07,12:00,Odisha,Southwest Monsoon,24 hours,Heavy Rain,68.2,61.6,67.3,70.0,68.1,11.2,36.4,52.4,10.29,2.83,1.81,0.1,Moderate,65
2024-12-08,06:00,Kerala,Post-Monsoon,72 hours,Normal,1.3,0.0,10.5,1.9,3.5,23.5,23.7,52.8,4.47,4.43,1.72,2.2,Low,12
2024-03-03,12:00,Karnataka,Summer,48 hours,Normal,0.2,0.6,0.7,2.9,1.3,40.6,30.2,29.2,1.58,2.3,2.4,1.1,Low,12
2024-07-16,12:00,Odisha,Southwest Monsoon,72 hours,Heavy Rain,134.8,127.8,143.2,137.6,138.0,13.2,30.7,56.1,11.45,4.64,2.31,3.2,High,80
2024-07-06,00:00,Rajasthan,Southwest Monsoon,24 hours,Normal,4.7,4.8,10.3,3.8,5.7,13.8,27.2,59.0,5.22,2.41,0.84,1.0,Low,12
2024-07-12,12:00,Andhra Pradesh,Southwest Monsoon,48 hours,Normal,4.1,5.6,13.4,3.4,7.1,27.3,31.2,41.5,3.01,2.57,1.81,3.0,Low,12
2024-11-27,00:00,Telangana,Post-Monsoon,6 hours,Normal,0.0,0.0,0.0,0.2,0.0,43.3,40.1,16.6,0.48,0.56,2.06,0.0,Low,12
2024-04-16,12:00,Rajasthan,Summer,24 hours,Normal,0.0,5.6,1.1,2.2,2.7,24.6,29.0,46.4,3.36,2.77,1.54,2.7,Severe,92
2024-02-14,12:00,Tamil Nadu,Winter,72 hours,Normal,2.0,0.0,0.0,6.9,2.8,42.4,16.8,40.8,2.12,6.1,2.22,0.8,Low,12
2024-10-06,00:00,Andhra Pradesh,Northeast Monsoon,24 hours,Normal,14.4,7.0,14.3,18.1,13.9,27.3,31.2,41.5,3.01,2.57,1.81,0.5,Low,12
2024-10-07,12:00,Tamil Nadu,Northeast Monsoon,48 hours,Normal,15.3,11.2,0.1,13.6,9.0,25.0,29.5,45.5,3.44,2.84,1.66,6.3,Low,12
2024-11-17,06:00,Telangana,Post-Monsoon,24 hours,Heat Wave,0.0,0.0,0.0,3.3,1.2,29.5,34.4,36.1,2.23,1.84,1.73,1.2,High,78
2024-03-31,18:00,Rajasthan,Summer,72 hours,Normal,0.2,6.3,0.0,3.8,3.0,26.5,37.2,36.3,3.64,2.44,2.52,2.8,Severe,92
2024-10-27,06:00,Maharashtra,Post-Monsoon,72 hours,Normal,0.0,11.7,3.6,1.2,4.4,20.4,42.8,36.8,4.08,1.68,2.04,4.4,Low,12
2024-05-11,18:00,Tamil Nadu,Summer,12 hours,Heavy Rain,87.5,86.3,94.3,85.2,88.2,12.4,31.5,56.1,9.15,3.31,1.64,0.7,Moderate,65
2024-12-24,06:00,Kerala,Post-Monsoon,24 hours,Heavy Rain,58.6,44.9,61.3,60.2,59.2,9.0,31.2,59.8,14.13,3.71,1.7,0.6,Low,45
2024-04-23,06:00,Karnataka,Summer,12 hours,Normal,8.0,4.9,8.2,5.0,5.8,46.7,26.4,26.9,0.92,2.02,1.97,2.2,Low,12
2024-06-20,18:00,Tamil Nadu,Southwest Monsoon,48 hours,High Wind,12.1,11.9,20.0,13.6,15.2,26.7,31.8,41.5,3.43,2.8,2.02,3.1,Moderate,60
2024-02-15,18:00,Andhra Pradesh,Winter,72 hours,Normal,0.0,0.0,8.0,3.1,2.7,39.4,17.4,43.2,2.26,5.76,2.02,2.7,Low,12
2024-09-25,18:00,Maharashtra,Southwest Monsoon,6 hours,Heavy Rain,79.2,81.6,78.2,78.5,78.7,10.0,27.1,62.9,12.42,4.26,1.55,0.5,Moderate,65
2024-02-20,06:00,Kerala,Winter,12 hours,Normal,1.5,7.5,5.8,1.9,4.5,23.9,33.4,42.7,2.35,1.54,1.1,3.0,Low,12
2024-11-29,18:00,Kerala,Post-Monsoon,6 hours,Normal,0.0,1.1,0.2,0.9,0.8,33.6,27.7,38.7,2.09,2.64,1.75,0.8,Low,12
2024-12-08,00:00,Karnataka,Post-Monsoon,12 hours,Heavy Rain,126.3,132.5,125.1,128.9,128.1,9.9,29.7,60.4,13.22,4.05,1.74,1.8,High,80
2024-01-16,06:00,Andhra Pradesh,Winter,48 hours,Normal,1.5,0.0,0.0,3.9,1.6,27.3,31.2,41.5,3.01,2.57,1.81,0.1,Low,12
2024-04-02,18:00,Maharashtra,Summer,24 hours,Heavy Rain,77.1,77.4,77.7,78.3,78.0,10.0,27.1,62.9,12.42,4.26,1.55,0.9,Moderate,65
2024-10-09,18:00,Maharashtra,Post-Monsoon,6 hours,Normal,0.7,0.0,0.0,1.7,0.8,23.4,32.4,44.2,1.95,1.27,0.8,0.1,Low,12
2024-12-13,12:00,Telangana,Post-Monsoon,24 hours,Storm/Cyclone,131.0,114.5,128.9,132.9,130.2,6.7,36.0,57.3,18.62,3.06,1.74,0.8,Severe,98
2024-02-17,06:00,Karnataka,Winter,72 hours,Normal,0.0,0.0,0.0,4.4,1.6,29.4,33.8,36.8,2.25,1.89,1.69,1.6,Low,12
2024-12-28,18:00,Tamil Nadu,Northeast Monsoon,48 hours,Normal,19.5,20.5,23.5,20.7,21.5,25.0,29.5,45.5,3.44,2.84,1.66,2.0,Low,16
2024-03-23,18:00,Kerala,Summer,48 hours,Heavy Rain,110.6,115.3,105.4,110.8,109.5,9.0,31.2,59.8,14.13,3.71,1.7,1.1,Moderate,65
2024-09-14,00:00,Tamil Nadu,Southwest Monsoon,6 hours,High Wind,21.5,28.3,21.6,21.9,23.5,26.7,31.8,41.5,3.43,2.8,2.02,2.0,High,80
2024-11-05,00:00,Odisha,Post-Monsoon,24 hours,Normal,1.5,1.3,4.4,0.2,2.0,24.6,35.7,39.7,1.76,1.06,0.9,0.5,Low,12
2024-02-08,00:00,Andhra Pradesh,Winter,12 hours,Normal,0.0,0.0,0.8,2.1,0.9,27.3,51.5,21.2,1.58,0.6,2.18,0.9,Low,12
2024-08-10,18:00,Rajasthan,Southwest Monsoon,6 hours,Heat Wave,0.0,1.0,0.1,2.6,1.2,22.6,43.4,34.0,2.55,1.09,1.53,1.2,Severe,92
2024-01-16,00:00,Andhra Pradesh,Winter,24 hours,Normal,0.0,0.0,0.0,2.3,0.7,30.1,37.3,32.6,2.67,2.06,2.43,0.7,Low,12
2024-03-26,12:00,Andhra Pradesh,Summer,24 hours,Normal,0.4,0.0,3.0,4.6,2.8,24.8,42.9,32.3,2.61,1.3,1.89,2.4,Low,12
2024-11-10,00:00,Maharashtra,Post-Monsoon,48 hours,Heavy Rain,67.6,82.9,77.5,64.7,70.0,10.0,27.1,62.9,12.42,4.26,1.55,2.4,Moderate,65
2024-05-06,06:00,Rajasthan,Summer,6 hours,High Wind,0.7,0.0,1.9,5.0,3.1,21.4,27.1,51.5,5.7,4.38,2.07,2.4,High,78
2024-03-17,00:00,Odisha,Summer,12 hours,Normal,0.0,0.0,2.1,0.9,1.1,25.2,35.0,39.8,3.0,2.02,1.71,1.1,Low,12
2024-12-07,00:00,Kerala,Post-Monsoon,48 hours,Normal,0.0,9.5,1.4,0.7,3.2,26.1,29.7,44.2,3.09,2.66,1.62,3.2,Low,12
2024-10-22,00:00,Tamil Nadu,Northeast Monsoon,72 hours,Heavy Rain,114.3,115.2,108.4,114.7,113.7,14.9,17.5,67.6,6.3,5.31,1.0,0.6,Moderate,65
2024-10-13,00:00,Andhra Pradesh,Northeast Monsoon,72 hours,Heavy Rain,157.5,180.1,168.7,158.6,164.5,14.0,28.8,57.2,12.88,6.0,2.78,7.0,High,80
2024-03-01,12:00,Andhra Pradesh,Summer,72 hours,High Wind,14.9,11.0,24.8,16.2,17.3,24.7,27.3,48.0,3.47,3.08,1.54,2.4,Moderate,60
2024-04-15,06:00,Kerala,Summer,6 hours,Normal,0.0,5.6,1.9,0.4,2.3,28.3,31.8,39.9,2.0,1.72,1.27,2.3,Low,12
2024-03-06,06:00,Tamil Nadu,Summer,48 hours,Normal,0.0,0.0,0.0,1.0,0.2,21.1,58.0,20.9,1.39,0.19,1.41,0.2,Low,12
2024-10-13,06:00,Telangana,Post-Monsoon,6 hours,Normal,0.3,0.0,0.4,0.2,0.2,43.3,40.1,16.6,0.48,0.56,2.06,0.1,Low,12
2024-08-28,18:00,Rajasthan,Southwest Monsoon,72 hours,Normal,6.6,0.0,2.8,6.7,3.8,31.2,20.8,48.0,3.9,6.09,2.36,2.8,Low,12
2024-11-20,06:00,Maharashtra,Post-Monsoon,24 hours,Normal,3.3,0.0,3.7,2.0,2.1,25.5,33.7,40.8,2.0,1.39,1.06,1.2,Low,12
2024-08-17,18:00,Kerala,Southwest Monsoon,12 hours,Normal,13.3,8.6,10.8,10.0,9.9,26.1,29.7,44.2,3.09,2.66,1.62,3.4,Low,12
2024-06-20,18:00,Karnataka,Southwest Monsoon,48 hours,High Wind,23.5,16.3,17.6,21.2,19.1,24.0,25.8,50.2,3.25,2.98,1.29,4.4,High,80
2024-09-20,18:00,Karnataka,Southwest Monsoon,24 hours,Heavy Rain,146.0,119.0,145.4,149.7,145.4,9.9,29.7,60.4,13.22,4.05,1.74,0.6,High,80
2024-12-19,00:00,Tamil Nadu,Northeast Monsoon,72 hours,Heavy Rain,87.5,79.0,93.1,89.2,88.4,14.9,17.5,67.6,6.3,5.31,1.0,0.9,Moderate,65
2024-11-15,18:00,Karnataka,Post-Monsoon,6 hours,Normal,1.2,11.9,0.0,2.6,3.1,15.0,33.0,52.0,3.43,1.28,0.63,1.9,Low,12
2024-11-20,00:00,Odisha,Post-Monsoon,6 hours,Storm/Cyclone,92.0,85.7,90.9,93.2,91.9,9.0,28.5,62.5,14.51,4.26,1.67,0.1,Severe,98
2024-07-25,00:00,Odisha,Southwest Monsoon,48 hours,Normal,6.6,6.6,16.3,10.8,11.2,26.0,27.9,46.1,4.45,4.12,2.29,4.6,Low,12
2024-11-19,12:00,Andhra Pradesh,Northeast Monsoon,6 hours,Normal,15.3,13.7,13.3,17.3,15.1,27.3,31.2,41.5,3.01,2.57,1.81,0.2,Low,12
2024-03-23,00:00,Odisha,Summer,48 hours,Storm/Cyclone,162.3,140.7,173.1,165.1,165.2,9.0,28.5,62.5,14.51,4.26,1.67,2.9,Severe,98
2024-12-30,06:00,Telangana,Post-Monsoon,48 hours,High Wind,2.2,6.0,2.6,1.0,2.4,18.1,30.0,51.9,4.87,2.73,1.37,0.2,High,80
2024-02-25,12:00,Andhra Pradesh,Winter,12 hours,Heavy Rain,65.2,53.1,64.6,65.6,64.0,10.1,33.0,56.9,12.68,3.52,1.83,1.2,Low,49
2024-02-25,00:00,Rajasthan,Winter,48 hours,Heavy Rain,56.2,36.1,55.0,53.0,51.8,11.1,34.5,54.4,10.22,2.94,1.68,4.4,Low,40
2024-11-02,12:00,Maharashtra,Post-Monsoon,12 hours,Heavy Rain,96.1,105.6,91.3,93.2,93.9,10.0,27.1,62.9,12.42,4.26,1.55,2.2,Moderate,65
2024-01-02,06:00,Odisha,Winter,48 hours,Normal,0.0,0.0,5.0,3.2,2.9,26.6,30.1,43.3,2.82,2.44,1.54,2.9,Low,12
2024-10-01,00:00,Odisha,Post-Monsoon,24 hours,Normal,0.4,0.0,0.8,1.9,1.0,24.6,35.7,39.7,1.76,1.06,0.9,0.6,Low,12
2024-02-20,00:00,Andhra Pradesh,Winter,48 hours,Normal,0.8,5.1,3.1,2.9,3.6,27.3,31.2,41.5,3.01,2.57,1.81,2.8,Low,12
2024-11-11,12:00,Rajasthan,Post-Monsoon,6 hours,High Wind,18.0,22.6,18.9,17.7,19.1,21.4,27.1,51.5,5.7,4.38,2.07,1.1,Low,14
2024-10-12,18:00,Rajasthan,Post-Monsoon,12 hours,Normal,0.3,0.3,1.5,1.1,1.1,22.7,46.8,30.5,2.43,0.92,1.68,0.8,Low,12
2024-05-16,06:00,Kerala,Summer,24 hours,High Wind,8.6,4.8,9.2,9.1,8.3,19.5,23.9,56.6,4.86,3.87,1.35,0.3,High,80
2024-06-21,18:00,Tamil Nadu,Southwest Monsoon,12 hours,High Wind,18.6,14.2,17.3,18.1,16.8,26.7,31.8,41.5,3.43,2.8,2.02,1.8,Low,13
2024-10-27,18:00,Andhra Pradesh,Northeast Monsoon,12 hours,High Wind,18.5,19.0,16.9,20.0,18.9,24.7,27.3,48.0,3.47,3.08,1.54,0.4,High,80
2024-05-24,00:00,Andhra Pradesh,Summer,24 hours,Normal,1.6,2.7,3.6,0.6,2.4,24.8,42.9,32.3,2.61,1.3,1.89,0.8,Low,12
2024-07-27,12:00,Odisha,Southwest Monsoon,48 hours,Heavy Rain,63.6,69.0,63.1,65.1,64.5,10.9,50.1,39.0,9.84,1.76,2.4,0.9,Moderate,65
2024-05-10,12:00,Odisha,Summer,48 hours,Heavy Rain,88.6,91.6,92.1,90.3,91.1,11.2,36.4,52.4,10.29,2.83,1.81,2.5,Moderate,65
2024-12-16,00:00,Odisha,Post-Monsoon,24 hours,Heavy Rain,54.4,46.5,52.8,55.1,53.3,11.2,36.4,52.4,10.29,2.83,1.81,1.1,Low,41
2024-11-12,06:00,Kerala,Post-Monsoon,6 hours,Heat Wave,0.0,0.0,2.4,2.2,1.7,28.3,40.8,30.9,1.93,1.19,1.73,1.7,Severe,92
2024-09-09,00:00,Maharashtra,Southwest Monsoon,6 hours,Heavy Rain,91.3,75.2,89.7,89.4,88.1,10.0,27.1,62.9,12.42,4.26,1.55,3.2,Moderate,65
2024-06-15,12:00,Kerala,Southwest Monsoon,12 hours,Heavy Rain,143.4,114.9,148.7,143.8,144.1,5.7,39.9,54.4,18.52,2.2,1.48,0.7,High,80
2024-07-01,00:00,Kerala,Southwest Monsoon,6 hours,High Wind,24.0,16.8,20.7,22.7,21.1,19.5,23.9,56.6,4.86,3.87,1.35,2.9,Moderate,60
2024-04-10,18:00,Kerala,Summer,6 hours,Normal,1.1,0.0,0.0,1.8,0.7,28.3,31.8,39.9,2.0,1.72,1.27,0.4,Low,12
2024-08-09,12:00,Telangana,Southwest Monsoon,72 hours,Normal,13.1,13.5,20.2,12.4,14.0,30.3,16.1,53.6,4.11,8.21,2.11,0.9,Low,12
2024-07-14,12:00,Odisha,Southwest Monsoon,6 hours,Heavy Rain,89.6,81.4,90.0,86.9,87.3,13.2,36.9,49.9,7.21,2.26,1.54,2.3,Moderate,65
2024-08-08,00:00,Tamil Nadu,Southwest Monsoon,72 hours,Normal,4.9,11.6,7.2,8.6,8.9,25.0,29.5,45.5,3.44,2.84,1.66,4.0,Low,12
2024-11-14,12:00,Telangana,Post-Monsoon,6 hours,Normal,0.0,0.0,0.0,2.1,0.3,43.3,40.1,16.6,0.48,0.56,2.06,0.3,Low,12
2024-02-11,00:00,Odisha,Winter,48 hours,Normal,0.8,0.0,0.0,1.6,0.7,26.6,30.1,43.3,2.82,2.44,1.54,0.1,Low,12
2024-11-13,00:00,Maharashtra,Post-Monsoon,72 hours,Normal,0.0,1.6,0.0,1.6,0.9,20.4,42.8,36.8,4.08,1.68,2.04,0.9,Low,12
2024-12-06,18:00,Karnataka,Post-Monsoon,6 hours,Heat Wave,0.0,0.5,0.0,2.7,0.7,21.0,56.4,22.6,2.66,0.68,2.44,0.7,High,78
2024-09-24,00:00,Rajasthan,Southwest Monsoon,12 hours,High Wind,12.8,14.1,7.8,11.0,10.8,21.4,27.1,51.5,5.7,4.38,2.07,2.0,Moderate,60
2024-06-02,18:00,Odisha,Southwest Monsoon,6 hours,Storm/Cyclone,153.4,173.1,152.6,154.5,155.6,9.0,28.5,62.5,14.51,4.26,1.67,2.2,Severe,98
2024-06-16,06:00,Karnataka,Southwest Monsoon,12 hours,Normal,7.6,0.0,11.3,7.4,6.5,29.4,33.8,36.8,2.25,1.89,1.69,1.1,Low,12
2024-09-16,18:00,Telangana,Southwest Monsoon,24 hours,Normal,4.3,6.9,7.5,6.3,6.9,36.4,28.0,35.6,1.68,2.33,1.73,2.6,Low,12
2024-02-11,12:00,Kerala,Winter,24 hours,Normal,0.0,0.0,0.6,0.8,0.3,62.5,17.8,19.7,0.3,2.3,2.04,0.3,Low,12
2024-02-07,12:00,Kerala,Winter,6 hours,Normal,0.0,0.0,0.0,1.1,0.5,26.1,29.7,44.2,3.09,2.66,1.62,0.5,Low,12
2024-12-09,00:00,Rajasthan,Post-Monsoon,24 hours,Normal,2.7,0.0,3.3,2.9,2.6,16.6,37.1,46.3,3.78,1.42,1.04,0.1,Low,12
2024-06-12,00:00,Rajasthan,Southwest Monsoon,24 hours,Heavy Rain,80.5,69.8,81.0,82.1,80.4,11.1,34.5,54.4,10.22,2.94,1.68,0.1,Moderate,65
2024-01-26,06:00,Maharashtra,Winter,6 hours,Normal,0.0,0.4,3.9,1.5,2.0,25.7,33.4,40.9,2.67,1.94,1.49,2.0,Low,12
2024-03-03,18:00,Kerala,Summer,24 hours,Normal,3.2,8.4,2.6,1.4,4.0,29.5,41.0,29.5,1.87,1.21,1.87,0.8,Low,12
2024-09-15,06:00,Andhra Pradesh,Southwest Monsoon,48 hours,Heavy Rain,114.4,101.1,114.9,114.5,112.5,15.5,29.4,55.1,10.3,5.21,2.54,1.9,Moderate,65
2024-04-16,18:00,Andhra Pradesh,Summer,6 hours,Storm/Cyclone,160.0,133.8,160.3,159.5,156.9,10.9,24.6,64.5,10.94,4.55,1.43,3.1,Severe,98
2024-04-17,18:00,Kerala,Summer,12 hours,Normal,0.0,0.0,0.0,0.4,0.2,41.5,20.2,38.3,0.76,2.1,0.87,0.2,Low,12
2024-01-22,06:00,Andhra Pradesh,Winter,72 hours,Normal,0.1,0.0,4.8,2.8,2.0,39.4,17.4,43.2,2.26,5.76,2.02,1.9,Low,12
2024-08-31,18:00,Tamil Nadu,Southwest Monsoon,12 hours,Normal,4.8,0.0,5.3,2.0,2.5,25.0,29.5,45.5,3.44,2.84,1.66,2.3,Low,12
2024-06-06,18:00,Telangana,Southwest Monsoon,6 hours,Normal,7.2,0.0,11.9,7.2,6.8,20.1,23.2,56.7,4.05,3.44,1.11,0.4,Low,12
2024-06-28,18:00,Odisha,Southwest Monsoon,12 hours,Heavy Rain,123.1,119.9,125.6,122.6,123.3,6.2,29.8,64.0,15.14,2.74,1.01,0.2,High,80
2024-02-14,00:00,Odisha,Winter,6 hours,Normal,0.0,4.8,1.6,0.3,1.9,25.2,35.0,39.8,3.0,2.02,1.71,1.9,Low,12
2024-08-19,06:00,Kerala,Southwest Monsoon,48 hours,Normal,10.8,2.7,6.7,10.3,8.3,14.3,24.1,61.6,7.42,4.2,1.34,2.5,Low,12
2024-01-21,12:00,Rajasthan,Winter,48 hours,Normal,2.1,6.9,10.3,4.0,6.5,24.6,29.0,46.4,3.36,2.77,1.54,4.4,Low,12
2024-09-06,12:00,Maharashtra,Southwest Monsoon,6 hours,Normal,8.5,10.6,11.6,8.5,10.1,25.7,33.4,40.9,2.67,1.94,1.49,1.6,Low,12
2024-01-15,12:00,Andhra Pradesh,Winter,24 hours,Normal,0.0,3.5,0.0,4.3,2.5,30.1,37.3,32.6,2.67,2.06,2.43,2.5,Low,12
2024-09-29,12:00,Kerala,Southwest Monsoon,6 hours,Heavy Rain,125.0,121.6,125.2,127.0,125.9,7.6,39.0,53.4,10.22,1.58,1.02,0.9,High,80
2024-02-20,18:00,Karnataka,Winter,48 hours,Normal,0.1,0.0,0.0,1.6,0.6,29.4,33.8,36.8,2.25,1.89,1.69,0.5,Low,12
2024-12-28,06:00,Rajasthan,Post-Monsoon,6 hours,Normal,0.0,2.7,2.0,1.8,2.1,24.6,29.0,46.4,3.36,2.77,1.54,2.1,Low,12
2024-11-09,00:00,Rajasthan,Post-Monsoon,72 hours,Normal,1.5,0.8,8.1,1.5,2.6,26.0,19.8,54.2,4.23,5.73,1.77,1.1,Low,12
2024-05-15,12:00,Karnataka,Summer,48 hours,Normal,1.7,5.6,2.7,3.3,4.1,40.6,30.2,29.2,1.58,2.3,2.4,2.4,Low,12
2024-05-04,06:00,Telangana,Summer,12 hours,Heat Wave,0.0,2.1,0.0,0.0,0.6,29.5,34.4,36.1,2.23,1.84,1.73,0.6,Moderate,55
2024-08-05,12:00,Telangana,Southwest Monsoon,24 hours,High Wind,19.4,20.6,16.7,18.3,18.2,18.1,30.0,51.9,4.87,2.73,1.37,1.2,Low,14
2024-12-20,12:00,Kerala,Post-Monsoon,24 hours,Normal,0.1,12.4,0.0,3.1,4.6,26.1,29.7,44.2,3.09,2.66,1.62,4.5,Low,12
2024-06-07,18:00,Kerala,Southwest Monsoon,72 hours,Heavy Rain,78.4,78.7,72.5,81.1,79.0,12.1,20.6,67.3,9.57,5.43,1.31,0.6,Moderate,65
2024-05-11,18:00,Tamil Nadu,Summer,6 hours,Normal,0.0,0.0,1.2,4.3,2.1,30.6,30.1,39.3,2.54,2.6,1.87,2.1,Low,12
2024-11-17,18:00,Kerala,Post-Monsoon,6 hours,Normal,0.7,4.5,7.1,1.9,4.2,33.6,27.7,38.7,2.09,2.64,1.75,3.5,Low,12
2024-04-19,12:00,Maharashtra,Summer,48 hours,Heavy Rain,120.7,102.0,111.5,121.7,117.0,10.0,27.1,62.9,12.42,4.26,1.55,3.7,High,80
2024-04-05,18:00,Kerala,Summer,12 hours,Normal,0.0,0.0,3.0,0.0,0.6,41.5,20.2,38.3,0.76,2.1,0.87,0.6,Low,12
2024-12-21,00:00,Maharashtra,Post-Monsoon,48 hours,Normal,0.5,2.3,0.0,3.7,1.9,35.7,34.3,30.0,2.05,2.15,2.53,1.4,Low,12
2024-12-05,18:00,Telangana,Post-Monsoon,48 hours,Normal,0.0,0.0,0.0,4.2,1.9,24.7,29.5,45.8,2.95,2.39,1.36,1.9,Low,12
2024-08-17,12:00,Maharashtra,Southwest Monsoon,72 hours,Storm/Cyclone,193.0,177.4,190.1,191.5,190.2,5.6,32.9,61.5,22.97,3.47,1.62,2.8,Severe,98
2024-02-17,12:00,Telangana,Winter,12 hours,Heavy Rain,99.9,117.4,101.5,98.3,100.4,4.7,36.3,59.0,25.57,2.88,1.58,0.5,Moderate,65
2024-08-02,12:00,Rajasthan,Southwest Monsoon,12 hours,Normal,10.6,10.7,14.9,8.6,10.9,24.6,29.0,46.4,3.36,2.77,1.54,0.3,Low,12
2024-02-09,00:00,Maharashtra,Winter,12 hours,Normal,0.0,4.7,0.0,0.8,1.6,28.6,39.1,32.3,1.97,1.31,1.69,1.6,Low,12
2024-01-13,00:00,Tamil Nadu,Winter,24 hours,Normal,0.0,2.4,0.0,1.3,1.2,25.0,29.5,45.5,3.44,2.84,1.66,1.2,Low,12
2024-08-05,12:00,Odisha,Southwest Monsoon,12 hours,High Wind,24.6,17.7,22.2,28.3,24.1,19.9,33.5,46.6,5.74,3.21,2.17,0.5,High,80
2024-10-02,18:00,Andhra Pradesh,Northeast Monsoon,72 hours,Storm/Cyclone,140.6,127.7,135.1,140.1,137.5,10.9,24.6,64.5,10.94,4.55,1.43,3.1,Severe,98
2024-06-26,00:00,Kerala,Southwest Monsoon,72 hours,Heavy Rain,138.4,120.1,131.0,138.0,134.4,12.1,20.6,67.3,9.57,5.43,1.31,4.0,High,80
2024-10-24,18:00,Rajasthan,Post-Monsoon,72 hours,High Wind,12.9,8.2,11.1,14.7,12.3,21.4,27.1,51.5,5.7,4.38,2.07,0.6,High,80
2024-09-01,18:00,Andhra Pradesh,Southwest Monsoon,24 hours,Normal,4.0,10.3,3.6,3.8,4.8,16.3,41.1,42.6,4.45,1.46,1.39,0.8,Low,12
2024-03-12,18:00,Kerala,Summer,24 hours,Normal,1.7,1.8,1.5,4.5,2.5,29.5,41.0,29.5,1.87,1.21,1.87,0.8,Low,12
2024-02-16,12:00,Maharashtra,Winter,72 hours,Normal,0.0,0.5,0.0,1.0,0.5,25.7,33.4,40.9,2.67,1.94,1.49,0.5,Low,12
2024-02-17,12:00,Rajasthan,Winter,72 hours,Normal,4.8,10.3,8.0,3.8,6.6,24.6,29.0,46.4,3.36,2.77,1.54,1.8,Low,12
2024-10-30,18:00,Rajasthan,Post-Monsoon,72 hours,Heat Wave,0.0,0.0,0.0,1.9,0.6,22.6,43.4,34.0,2.55,1.09,1.53,0.6,High,78
2024-10-23,18:00,Telangana,Post-Monsoon,24 hours,Normal,0.2,0.0,0.0,3.6,1.0,29.3,43.5,27.2,1.85,1.08,2.03,0.8,Low,12
2024-06-22,12:00,Odisha,Southwest Monsoon,6 hours,Heavy Rain,134.5,125.8,131.7,133.5,131.8,13.2,36.9,49.9,7.21,2.26,1.54,2.7,High,80
2024-12-10,06:00,Tamil Nadu,Northeast Monsoon,48 hours,Normal,12.9,16.0,14.5,14.1,14.7,25.0,29.5,45.5,3.44,2.84,1.66,1.8,Low,12
2024-02-18,18:00,Tamil Nadu,Winter,6 hours,Normal,0.3,0.0,1.7,1.7,1.3,25.0,29.5,45.5,3.44,2.84,1.66,1.0,Low,12
2024-09-16,00:00,Tamil Nadu,Southwest Monsoon,48 hours,Heavy Rain,85.0,69.9,85.9,81.5,81.0,13.6,24.5,61.9,9.97,5.33,1.81,4.0,Moderate,65
2024-03-04,18:00,Kerala,Summer,6 hours,Normal,0.0,0.4,3.6,1.9,2.0,28.3,31.8,39.9,2.0,1.72,1.27,2.0,Low,12
2024-02-20,06:00,Andhra Pradesh,Winter,72 hours,High Wind,9.6,18.2,11.9,7.0,11.1,24.7,27.3,48.0,3.47,3.08,1.54,1.5,High,80
2024-10-27,18:00,Karnataka,Post-Monsoon,24 hours,Normal,0.0,0.0,0.0,0.6,0.2,29.8,44.3,25.9,1.7,0.98,2.03,0.2,Low,12
2024-05-12,00:00,Kerala,Summer,24 hours,Normal,0.3,2.2,0.5,1.0,1.1,29.5,41.0,29.5,1.87,1.21,1.87,0.8,Low,12
2024-03-18,00:00,Telangana,Summer,12 hours,Normal,0.0,8.3,0.0,1.4,2.0,18.0,47.1,34.9,3.62,1.07,1.62,2.0,Low,12
2024-12-04,12:00,Maharashtra,Post-Monsoon,48 hours,Heavy Rain,78.0,50.4,79.7,78.7,76.1,10.0,27.1,62.9,12.42,4.26,1.55,1.9,Moderate,65
2024-04-01,12:00,Andhra Pradesh,Summer,6 hours,Heavy Rain,64.6,59.2,62.6,68.9,65.8,10.1,33.0,56.9,12.68,3.52,1.83,1.2,Moderate,65
2024-01-23,18:00,Kerala,Winter,24 hours,Normal,1.0,0.0,1.6,4.6,1.2,62.5,17.8,19.7,0.3,2.3,2.04,0.2,Low,12
2024-05-01,06:00,Odisha,Summer,24 hours,High Wind,5.3,13.1,1.1,7.7,6.6,19.9,33.5,46.6,5.74,3.21,2.17,1.3,High,80
2024-12-11,00:00,Karnataka,Post-Monsoon,48 hours,Normal,0.0,1.2,8.2,0.1,3.2,29.4,33.8,36.8,2.25,1.89,1.69,3.2,Low,12
2024-03-03,00:00,Tamil Nadu,Summer,6 hours,High Wind,6.4,7.2,10.9,9.7,9.4,26.7,31.8,41.5,3.43,2.8,2.02,3.0,Moderate,60
2024-11-13,12:00,Maharashtra,Post-Monsoon,24 hours,Normal,0.7,1.0,0.7,0.0,0.5,25.5,33.7,40.8,2.0,1.39,1.06,0.2,Low,12
2024-02-07,12:00,Andhra Pradesh,Winter,48 hours,Heat Wave,0.0,8.4,3.4,2.0,3.6,14.8,50.1,35.1,4.81,1.07,1.74,3.6,Severe,92
2024-06-15,06:00,Maharashtra,Southwest Monsoon,48 hours,Storm/Cyclone,157.5,183.0,148.9,161.4,158.5,5.6,32.9,61.5,22.97,3.47,1.62,1.0,Severe,98
2024-01-24,06:00,Kerala,Winter,72 hours,Normal,1.8,17.1,0.0,2.3,4.1,16.7,30.1,53.2,4.37,2.2,1.03,2.3,Low,12
2024-01-04,06:00,Tamil Nadu,Winter,48 hours,Normal,0.0,7.7,0.9,2.7,4.1,36.5,26.3,37.2,2.63,3.85,2.57,4.1,Low,12
2024-12-10,00:00,Karnataka,Post-Monsoon,24 hours,Normal,0.0,8.0,0.0,0.6,2.5,29.8,44.3,25.9,1.7,0.98,2.03,2.5,Low,12
2024-05-22,00:00,Rajasthan,Summer,48 hours,Heat Wave,0.0,3.6,0.0,1.0,1.2,22.6,43.4,34.0,2.55,1.09,1.53,1.2,High,78
2024-11-18,06:00,Maharashtra,Post-Monsoon,48 hours,Normal,1.3,5.2,5.2,3.6,4.7,35.7,34.3,30.0,2.05,2.15,2.53,3.4,Low,12
2024-12-25,00:00,Kerala,Post-Monsoon,12 hours,Normal,0.2,5.6,0.0,0.0,1.2,20.7,34.3,45.0,2.72,1.44,0.98,1.0,Low,12
2024-07-26,12:00,Kerala,Southwest Monsoon,6 hours,Storm/Cyclone,129.8,125.7,124.4,129.7,127.5,14.0,30.6,55.4,8.99,3.84,1.89,2.3,Severe,98
2024-06-28,18:00,Kerala,Southwest Monsoon,48 hours,Heavy Rain,108.2,90.5,102.3,109.8,105.0,9.2,39.9,50.9,17.49,3.64,2.74,3.2,Moderate,65
2024-03-27,06:00,Karnataka,Summer,24 hours,Normal,0.6,0.0,3.5,3.9,2.9,19.2,53.4,27.4,2.8,0.69,1.82,2.3,Low,12
2024-11-29,06:00,Andhra Pradesh,Northeast Monsoon,48 hours,Heavy Rain,113.6,114.7,123.1,112.0,114.3,7.0,18.8,74.2,17.62,6.28,1.22,0.7,Moderate,65
2024-11-30,12:00,Kerala,Post-Monsoon,12 hours,Heat Wave,0.0,0.0,0.5,0.0,0.2,28.3,40.8,30.9,1.93,1.19,1.73,0.2,Severe,92
2024-09-20,00:00,Odisha,Southwest Monsoon,12 hours,Heavy Rain,72.6,49.6,71.9,72.1,70.6,6.2,29.8,64.0,15.14,2.74,1.01,2.0,Moderate,65
2024-02-05,00:00,Maharashtra,Winter,24 hours,Normal,0.0,0.7,2.9,2.8,2.3,25.7,33.4,40.9,2.67,1.94,1.49,2.3,Low,12
2024-12-21,00:00,Telangana,Post-Monsoon,48 hours,Normal,0.0,7.1,5.8,0.0,3.5,24.7,29.5,45.8,2.95,2.39,1.36,3.5,Low,12
2024-12-08,12:00,Odisha,Post-Monsoon,48 hours,Normal,0.0,0.0,0.0,0.0,0.0,25.2,35.0,39.8,3.0,2.02,1.71,0.0,Low,12
2024-07-19,06:00,Rajasthan,Southwest Monsoon,12 hours,Heat Wave,0.0,1.3,1.8,1.3,1.5,22.6,43.4,34.0,2.55,1.09,1.53,1.5,High,78
2024-09-18,18:00,Rajasthan,Southwest Monsoon,12 hours,Heavy Rain,137.4,149.8,137.5,134.4,137.6,14.3,33.7,52.0,7.58,2.92,1.72,0.2,High,80
2024-07-27,18:00,Telangana,Southwest Monsoon,72 hours,Normal,4.9,0.0,20.6,1.7,4.2,30.3,16.1,53.6,4.11,8.21,2.11,0.7,Low,12
2024-12-03,06:00,Rajasthan,Post-Monsoon,48 hours,Heavy Rain,97.0,88.6,95.0,95.3,94.5,11.1,34.5,54.4,10.22,2.94,1.68,2.5,Moderate,65
2024-01-17,06:00,Karnataka,Winter,24 hours,Normal,0.0,0.0,0.0,2.2,0.5,23.2,55.1,21.7,1.73,0.44,1.89,0.5,Low,12
2024-02-07,00:00,Karnataka,Winter,6 hours,Normal,2.3,8.1,1.7,4.3,4.7,35.2,35.8,29.0,1.26,1.23,1.64,2.4,Low,12
2024-04-18,18:00,Andhra Pradesh,Summer,6 hours,Storm/Cyclone,85.3,107.2,83.7,88.3,89.2,10.9,24.6,64.5,10.94,4.55,1.43,3.9,Severe,98
2024-08-02,00:00,Tamil Nadu,Southwest Monsoon,12 hours,Storm/Cyclone,134.6,119.9,139.2,134.4,134.0,9.7,22.0,68.3,13.44,5.63,1.48,0.6,Severe,98
2024-05-16,18:00,Odisha,Summer,12 hours,Storm/Cyclone,144.5,140.6,140.6,143.3,142.3,9.0,28.5,62.5,14.51,4.26,1.67,2.2,Severe,98
2024-06-26,00:00,Tamil Nadu,Southwest Monsoon,24 hours,Heavy Rain,93.9,97.6,97.2,94.8,96.0,12.3,36.9,50.8,8.24,2.41,1.61,2.1,Moderate,65
2024-09-22,18:00,Andhra Pradesh,Southwest Monsoon,72 hours,Normal,5.6,6.9,7.0,7.3,7.1,24.2,28.4,47.4,4.5,3.76,2.06,1.5,Low,12
2024-08-08,06:00,Karnataka,Southwest Monsoon,48 hours,Normal,8.3,9.0,9.3,11.5,10.2,32.0,23.4,44.6,3.38,4.8,2.28,1.9,Low,12
2024-03-09,18:00,Rajasthan,Summer,48 hours,Normal,0.0,5.3,3.8,2.5,3.6,24.6,29.0,46.4,3.36,2.77,1.54,3.6,Moderate,55
2024-10-14,00:00,Kerala,Post-Monsoon,48 hours,Normal,0.0,2.7,4.6,0.3,2.2,26.1,29.7,44.2,3.09,2.66,1.62,2.2,Low,12
2024-10-27,18:00,Kerala,Post-Monsoon,12 hours,Normal,0.6,0.0,2.2,1.0,1.2,20.7,34.3,45.0,2.72,1.44,0.98,0.6,Low,12
2024-05-11,06:00,Telangana,Summer,6 hours,Heat Wave,0.0,0.0,2.2,1.2,1.1,32.5,28.6,38.9,1.56,1.84,1.22,1.1,High,78
2024-01-25,18:00,Telangana,Winter,72 hours,Normal,0.0,0.0,3.3,2.1,1.2,54.4,16.8,28.8,0.93,4.13,2.2,1.2,Low,12
2024-08-01,18:00,Odisha,Southwest Monsoon,72 hours,Heavy Rain,115.3,97.2,119.1,116.8,114.9,13.2,30.7,56.1,11.45,4.64,2.31,0.4,Moderate,65
2024-11-12,18:00,Andhra Pradesh,Northeast Monsoon,48 hours,Heavy Rain,119.9,93.7,123.6,119.6,118.5,7.0,18.8,74.2,17.62,6.28,1.22,1.4,High,80
2024-03-29,00:00,Odisha,Summer,6 hours,Normal,0.0,0.2,0.0,1.7,0.6,32.8,37.5,29.7,1.62,1.36,1.84,0.6,Low,12
2024-09-19,06:00,Andhra Pradesh,Southwest Monsoon,24 hours,Normal,18.3,27.1,18.0,19.8,20.3,16.3,41.1,42.6,4.45,1.46,1.39,2.0,Low,15
2024-03-30,06:00,Andhra Pradesh,Summer,72 hours,Normal,0.0,4.0,0.0,2.9,2.3,27.3,31.2,41.5,3.01,2.57,1.81,2.3,Low,12
2024-01-25,18:00,Rajasthan,Winter,24 hours,Normal,1.6,1.1,0.0,2.2,1.0,25.7,43.7,30.6,1.88,0.9,1.5,0.6,Low,12
2024-04-04,12:00,Telangana,Summer,72 hours,High Wind,4.2,0.0,7.0,4.0,4.2,18.1,30.0,51.9,4.87,2.73,1.37,0.0,Severe,92
2024-05-14,06:00,Kerala,Summer,72 hours,Normal,1.1,0.0,3.3,2.6,2.3,21.1,36.8,42.1,4.18,2.18,1.84,1.2,Low,12
2024-08-14,12:00,Tamil Nadu,Southwest Monsoon,48 hours,Heavy Rain,115.7,98.6,112.4,116.6,113.1,13.6,24.5,61.9,9.97,5.33,1.81,2.6,Moderate,65
2024-07-30,06:00,Odisha,Southwest Monsoon,48 hours,Normal,10.5,9.7,6.7,12.5,10.2,26.0,27.9,46.1,4.45,4.12,2.29,0.3,Low,12
2024-02-27,00:00,Kerala,Winter,72 hours,Normal,0.0,0.0,0.0,0.0,0.0,16.7,30.1,53.2,4.37,2.2,1.03,0.0,Low,12
2024-02-17,00:00,Maharashtra,Winter,12 hours,Normal,0.0,0.0,0.2,2.8,1.0,28.6,39.1,32.3,1.97,1.31,1.69,1.0,Low,12
2024-03-01,06:00,Kerala,Summer,12 hours,Normal,0.0,0.0,0.0,0.7,0.3,41.5,20.2,38.3,0.76,2.1,0.87,0.3,Low,12
2024-08-19,12:00,Tamil Nadu,Southwest Monsoon,6 hours,Heavy Rain,79.0,83.6,75.6,81.4,79.5,10.8,37.1,52.1,7.25,1.76,1.11,0.5,Moderate,65
2024-06-15,18:00,Andhra Pradesh,Southwest Monsoon,48 hours,Heavy Rain,92.4,104.7,104.0,89.6,96.2,15.5,29.4,55.1,10.3,5.21,2.54,3.8,Moderate,65
2024-01-25,18:00,Kerala,Winter,72 hours,Normal,0.3,0.0,1.1,3.5,2.2,16.7,30.1,53.2,4.37,2.2,1.03,1.9,Low,12
2024-02-26,06:00,Maharashtra,Winter,12 hours,Normal,1.0,0.5,4.0,1.4,2.2,28.6,39.1,32.3,1.97,1.31,1.69,1.2,Low,12
2024-06-10,06:00,Rajasthan,Southwest Monsoon,6 hours,Normal,6.3,5.4,7.3,5.0,6.0,19.4,38.7,41.9,3.1,1.31,1.17,0.3,Low,12
2024-05-25,00:00,Tamil Nadu,Summer,72 hours,Storm/Cyclone,126.6,135.6,114.4,127.5,125.4,9.7,22.0,68.3,13.44,5.63,1.48,1.2,Severe,98
2024-06-12,06:00,Andhra Pradesh,Southwest Monsoon,6 hours,Heavy Rain,75.8,59.6,74.0,75.8,73.6,10.1,33.0,56.9,12.68,3.52,1.83,2.2,Moderate,65
2024-01-26,00:00,Karnataka,Winter,72 hours,Heavy Rain,114.4,123.6,105.2,114.7,112.8,9.9,29.7,60.4,13.22,4.05,1.74,1.6,Moderate,65
2024-06-23,06:00,Maharashtra,Southwest Monsoon,6 hours,Normal,9.0,10.1,11.3,10.0,10.5,25.7,33.4,40.9,2.67,1.94,1.49,1.5,Low,12
2024-01-27,06:00,Karnataka,Winter,24 hours,Heavy Rain,69.9,65.1,67.3,71.2,69.4,9.9,29.7,60.4,13.22,4.05,1.74,0.5,Moderate,65
2024-06-02,06:00,Telangana,Southwest Monsoon,12 hours,Normal,9.6,12.1,6.9,11.4,10.2,22.0,30.3,47.7,2.1,1.39,0.7,0.6,Low,12
2024-08-14,18:00,Odisha,Southwest Monsoon,12 hours,Normal,3.8,1.4,5.5,5.6,4.5,25.2,35.0,39.8,3.0,2.02,1.71,0.7,Low,12
2024-08-10,06:00,Tamil Nadu,Southwest Monsoon,48 hours,Heavy Rain,96.8,93.4,88.6,95.8,93.7,13.6,24.5,61.9,9.97,5.33,1.81,3.1,Moderate,65
2024-08-17,18:00,Kerala,Southwest Monsoon,6 hours,Heavy Rain,84.5,63.8,86.0,85.6,84.1,7.6,39.0,53.4,10.22,1.58,1.02,0.4,Moderate,65
2024-07-20,06:00,Tamil Nadu,Southwest Monsoon,24 hours,Heavy Rain,139.1,137.9,142.4,140.0,140.6,12.3,36.9,50.8,8.24,2.41,1.61,1.5,High,80
2024-12-09,12:00,Andhra Pradesh,Northeast Monsoon,48 hours,Normal,12.0,9.7,8.9,12.2,10.9,31.6,15.1,53.3,3.1,7.02,1.63,1.1,Low,12
2024-05-08,00:00,Telangana,Summer,24 hours,Normal,0.0,8.5,1.2,1.2,3.4,30.6,30.0,39.4,2.32,2.38,1.69,3.4,Low,12
2024-03-10,18:00,Andhra Pradesh,Summer,12 hours,Normal,0.0,0.0,0.0,1.1,0.4,29.2,34.7,36.1,1.92,1.54,1.46,0.4,Low,12
2024-07-17,12:00,Rajasthan,Southwest Monsoon,24 hours,Heavy Rain,104.5,97.2,107.9,103.4,104.3,11.1,34.5,54.4,10.22,2.94,1.68,0.2,Moderate,65
2024-01-21,00:00,Andhra Pradesh,Winter,12 hours,Heat Wave,0.0,8.5,0.3,1.1,1.8,14.8,50.1,35.1,4.81,1.07,1.74,1.8,Severe,92
2024-04-28,12:00,Odisha,Summer,48 hours,Normal,0.2,0.0,5.6,2.4,2.9,25.2,35.0,39.8,3.0,2.02,1.71,2.7,Low,12
2024-08-07,00:00,Maharashtra,Southwest Monsoon,72 hours,Heavy Rain,87.9,83.5,86.2,93.4,90.0,15.1,25.8,59.1,14.52,8.28,3.34,2.1,Moderate,65
2024-09-25,18:00,Maharashtra,Southwest Monsoon,72 hours,Normal,10.8,15.1,17.9,11.4,14.5,25.7,33.4,40.9,2.67,1.94,1.49,3.7,Low,12
2024-08-19,00:00,Maharashtra,Southwest Monsoon,48 hours,Heavy Rain,89.2,89.4,79.5,89.5,87.3,8.9,22.3,68.8,11.09,4.14,1.0,1.9,Moderate,65
2024-10-29,06:00,Rajasthan,Post-Monsoon,12 hours,Heavy Rain,88.7,66.2,87.5,87.9,85.4,11.1,34.5,54.4,10.22,2.94,1.68,3.3,Moderate,65
2024-05-17,18:00,Andhra Pradesh,Summer,24 hours,Storm/Cyclone,94.7,81.3,97.3,92.8,92.7,10.9,24.6,64.5,10.94,4.55,1.43,2.0,Severe,98
2024-11-19,18:00,Karnataka,Post-Monsoon,72 hours,Normal,0.0,0.0,10.5,4.0,2.2,64.8,12.2,23.0,0.24,3.42,1.58,2.2,Low,12
2024-02-13,06:00,Telangana,Winter,6 hours,Normal,1.5,0.0,0.0,2.2,0.9,30.6,30.0,39.4,2.32,2.38,1.69,0.6,Low,12
2024-10-30,18:00,Tamil Nadu,Northeast Monsoon,12 hours,Normal,13.0,7.3,13.8,13.1,11.9,25.0,29.5,45.5,3.44,2.84,1.66,1.1,Low,12
2024-01-17,06:00,Maharashtra,Winter,72 hours,Heavy Rain,96.5,64.6,91.3,99.1,93.5,10.0,27.1,62.9,12.42,4.26,1.55,3.0,Moderate,65
2024-05-03,00:00,Andhra Pradesh,Summer,72 hours,Normal,0.0,0.0,12.2,4.5,5.7,27.3,31.2,41.5,3.01,2.57,1.81,5.7,Low,12
2024-01-04,06:00,Andhra Pradesh,Winter,12 hours,Normal,0.0,0.0,0.0,0.6,0.1,27.3,51.5,21.2,1.58,0.6,2.18,0.1,Low,12
2024-11-24,06:00,Kerala,Post-Monsoon,6 hours,Heat Wave,0.0,5.4,3.6,2.8,3.9,28.3,40.8,30.9,1.93,1.19,1.73,3.9,Severe,92
2024-09-30,00:00,Tamil Nadu,Southwest Monsoon,12 hours,Heavy Rain,68.7,47.1,64.6,65.9,63.2,12.4,31.5,56.1,9.15,3.31,1.64,5.5,Moderate,60
2024-11-20,06:00,Karnataka,Post-Monsoon,6 hours,Heavy Rain,124.7,127.7,122.8,121.7,122.6,9.9,29.7,60.4,13.22,4.05,1.74,2.1,High,80
2024-12-24,00:00,Odisha,Post-Monsoon,12 hours,Heavy Rain,112.8,106.3,110.0,111.1,110.2,11.2,36.4,52.4,10.29,2.83,1.81,2.6,Moderate,65
2024-09-11,12:00,Andhra Pradesh,Southwest Monsoon,24 hours,Normal,5.9,7.1,3.7,5.4,5.0,16.3,41.1,42.6,4.45,1.46,1.39,0.9,Low,12
2024-01-28,18:00,Kerala,Winter,48 hours,Normal,1.5,8.3,6.4,4.4,6.4,41.1,19.8,39.1,2.38,5.46,2.52,4.9,Low,12
2024-02-15,12:00,Karnataka,Winter,12 hours,Normal,0.1,2.9,1.6,1.1,1.8,29.4,33.8,36.8,2.25,1.89,1.69,1.7,Low,12
2024-12-23,18:00,Andhra Pradesh,Northeast Monsoon,48 hours,Normal,16.3,13.6,9.6,15.1,13.8,31.6,15.1,53.3,3.1,7.02,1.63,2.5,Low,12
2024-02-21,06:00,Andhra Pradesh,Winter,6 hours,Normal,1.5,2.5,0.2,3.9,2.4,27.3,31.2,41.5,3.01,2.57,1.81,0.9,Low,12
2024-12-01,12:00,Andhra Pradesh,Northeast Monsoon,12 hours,Heavy Rain,132.3,121.0,131.2,132.9,131.3,8.2,35.9,55.9,12.92,2.56,1.46,1.0,High,80
2024-01-23,06:00,Kerala,Winter,72 hours,Normal,0.0,7.9,10.6,1.7,5.4,16.7,30.1,53.2,4.37,2.2,1.03,5.4,Low,12
2024-05-15,12:00,Odisha,Summer,24 hours,Storm/Cyclone,131.1,118.8,131.4,131.7,130.5,9.0,28.5,62.5,14.51,4.26,1.67,0.6,Severe,98
2024-12-17,12:00,Andhra Pradesh,Northeast Monsoon,12 hours,Heavy Rain,110.5,125.0,108.0,108.8,109.8,8.2,35.9,55.9,12.92,2.56,1.46,0.7,Moderate,65
2024-02-02,00:00,Rajasthan,Winter,6 hours,Normal,0.8,4.4,2.0,0.7,1.8,14.1,42.2,43.7,4.78,1.26,1.2,1.0,Low,12
2024-01-09,18:00,Rajasthan,Winter,72 hours,High Wind,17.8,37.8,32.0,15.7,24.8,21.4,27.1,51.5,5.7,4.38,2.07,7.0,Low,19
2024-09-17,06:00,Telangana,Southwest Monsoon,12 hours,High Wind,12.4,24.6,10.6,12.3,14.0,18.1,30.0,51.9,4.87,2.73,1.37,1.6,Moderate,60
2024-12-19,18:00,Tamil Nadu,Northeast Monsoon,6 hours,Normal,12.5,20.2,17.2,13.9,15.2,12.7,15.4,71.9,4.7,3.8,0.42,2.7,Low,12
2024-10-30,12:00,Telangana,Post-Monsoon,72 hours,Normal,0.8,0.2,6.6,2.2,2.7,35.2,28.2,36.6,2.74,3.54,2.61,1.9,Low,12
2024-02-10,12:00,Maharashtra,Winter,72 hours,Normal,0.0,0.0,0.0,3.7,1.5,25.7,33.4,40.9,2.67,1.94,1.49,1.5,Low,12
2024-04-09,00:00,Maharashtra,Summer,24 hours,Normal,2.2,1.9,2.8,2.4,2.4,25.7,33.4,40.9,2.67,1.94,1.49,0.2,Low,12
2024-12-27,12:00,Telangana,Post-Monsoon,6 hours,Normal,0.0,0.0,0.7,3.9,0.9,43.3,40.1,16.6,0.48,0.56,2.06,0.9,Low,12
2024-06-21,12:00,Rajasthan,Southwest Monsoon,12 hours,High Wind,22.0,15.5,25.1,21.5,21.2,21.4,27.1,51.5,5.7,4.38,2.07,0.8,Moderate,60
2024-09-14,18:00,Odisha,Southwest Monsoon,48 hours,Normal,6.9,11.3,9.3,7.3,8.9,26.0,27.9,46.1,4.45,4.12,2.29,2.0,Low,12
2024-12-01,06:00,Maharashtra,Post-Monsoon,48 hours,Heat Wave,0.0,2.0,0.0,2.0,1.4,38.0,30.7,31.3,1.43,1.89,1.84,1.4,Severe,92
2024-02-12,00:00,Tamil Nadu,Winter,12 hours,Normal,0.1,0.0,0.0,0.4,0.1,21.6,42.6,35.8,2.64,1.09,1.39,0.0,Low,12
2024-05-04,00:00,Karnataka,Summer,6 hours,Normal,3.0,7.1,5.5,4.3,5.5,25.8,35.8,38.4,1.76,1.13,1.02,2.5,Low,12
2024-02-09,06:00,Karnataka,Winter,72 hours,Normal,0.0,13.6,0.0,4.1,5.5,29.4,33.8,36.8,2.25,1.89,1.69,5.5,Low,12
2024-04-30,18:00,Kerala,Summer,72 hours,Normal,0.0,0.0,2.4,6.4,3.6,21.1,36.8,42.1,4.18,2.18,1.84,3.6,Low,12
2024-10-25,18:00,Odisha,Post-Monsoon,12 hours,High Wind,10.5,12.4,9.3,9.2,9.9,19.9,33.5,46.6,5.74,3.21,2.17,0.6,High,80
2024-11-03,06:00,Kerala,Post-Monsoon,12 hours,Normal,1.4,4.8,0.4,2.7,2.3,20.7,34.3,45.0,2.72,1.44,0.98,0.9,Low,12
2024-12-09,18:00,Kerala,Post-Monsoon,6 hours,High Wind,15.5,16.8,15.6,15.8,15.9,19.5,23.9,56.6,4.86,3.87,1.35,0.4,High,80
2024-01-15,00:00,Tamil Nadu,Winter,12 hours,Normal,0.0,4.5,3.4,3.7,3.7,21.6,42.6,35.8,2.64,1.09,1.39,3.7,Low,12
2024-03-06,00:00,Telangana,Summer,6 hours,Heat Wave,0.0,1.6,2.9,1.4,1.9,32.5,28.6,38.9,1.56,1.84,1.22,1.9,Severe,92
2024-11-20,00:00,Karnataka,Post-Monsoon,6 hours,Heavy Rain,85.6,2.75,85.5,85.9,77.5,9.9,29.7,60.4,13.22,4.05,1.74,8.1,Moderate,65
2024-03-07,00:00,Telangana,Summer,48 hours,Heat Wave,0.0,0.0,2.6,0.8,1.1,34.9,34.6,30.5,1.86,1.88,2.2,1.1,Severe,92
2024-05-17,06:00,Kerala,Summer,48 hours,Normal,0.1,0.8,7.9,1.1,3.3,32.1,33.4,34.5,2.83,2.7,2.6,3.2,Low,12
2024-01-17,12:00,Maharashtra,Winter,12 hours,Heat Wave,0.0,5.2,0.0,0.1,2.0,38.0,30.7,31.3,1.43,1.89,1.84,2.0,Severe,92
2024-01-31,00:00,Telangana,Winter,48 hours,Normal,0.0,0.0,5.0,0.0,1.5,30.6,30.0,39.4,2.32,2.38,1.69,1.5,Low,12
2024-10-22,00:00,Andhra Pradesh,Northeast Monsoon,72 hours,Normal,13.1,0.1,11.0,12.6,8.7,27.3,31.2,41.5,3.01,2.57,1.81,4.4,Low,12
2024-06-27,06:00,Andhra Pradesh,Southwest Monsoon,24 hours,Heavy Rain,129.5,107.9,124.9,129.2,125.8,8.6,36.8,54.6,12.64,2.56,1.56,3.7,High,80
2024-11-23,00:00,Tamil Nadu,Northeast Monsoon,48 hours,Heavy Rain,159.6,160.6,159.8,164.6,162.2,11.0,41.7,47.3,10.38,2.36,2.02,2.6,High,80
2024-12-22,12:00,Tamil Nadu,Northeast Monsoon,72 hours,Heavy Rain,155.7,156.5,167.3,154.9,157.3,14.9,17.5,67.6,6.3,5.31,1.0,1.6,High,80
2024-07-19,12:00,Karnataka,Southwest Monsoon,12 hours,Heavy Rain,98.2,93.7,94.5,99.8,97.2,7.7,40.3,52.0,11.26,1.73,1.23,1.0,Moderate,65
2024-07-13,12:00,Kerala,Southwest Monsoon,12 hours,Normal,8.5,5.5,7.0,9.6,7.8,26.1,29.7,44.2,3.09,2.66,1.62,0.7,Low,12
2024-01-10,06:00,Telangana,Winter,24 hours,Normal,0.0,0.0,0.0,1.3,0.3,30.2,43.6,26.2,1.35,0.78,1.63,0.3,Low,12
2024-04-02,18:00,Kerala,Summer,48 hours,Normal,0.0,3.7,1.8,3.2,2.9,32.1,33.4,34.5,2.83,2.7,2.6,2.9,Low,12
2024-03-15,06:00,Maharashtra,Summer,72 hours,Normal,0.0,0.0,12.4,1.1,4.6,25.7,33.4,40.9,2.67,1.94,1.49,4.6,Low,12
2024-09-27,12:00,Odisha,Southwest Monsoon,48 hours,Heavy Rain,74.7,80.9,79.7,71.6,76.7,10.9,50.1,39.0,9.84,1.76,2.4,2.0,Moderate,65
2024-05-10,18:00,Tamil Nadu,Summer,48 hours,Normal,0.5,0.0,0.5,1.5,0.6,21.1,58.0,20.9,1.39,0.19,1.41,0.1,Low,12
2024-07-17,18:00,Karnataka,Southwest Monsoon,12 hours,Heavy Rain,83.0,64.6,79.6,80.1,78.7,7.7,40.3,52.0,11.26,1.73,1.23,4.3,Moderate,65
2024-12-12,18:00,Rajasthan,Post-Monsoon,48 hours,Normal,0.5,0.0,11.0,2.8,2.6,41.7,12.4,45.9,1.67,6.77,1.47,2.1,Low,12
2024-06-08,12:00,Odisha,Southwest Monsoon,6 hours,Storm/Cyclone,94.7,86.2,97.2,93.6,94.0,9.0,28.5,62.5,14.51,4.26,1.67,0.7,High,85
2024-06-12,18:00,Tamil Nadu,Southwest Monsoon,12 hours,Heavy Rain,103.9,100.7,103.9,99.3,100.9,12.4,31.5,56.1,9.15,3.31,1.64,3.0,Moderate,65
2024-12-26,00:00,Telangana,Post-Monsoon,72 hours,Normal,0.1,0.0,0.0,3.4,1.2,35.2,28.2,36.6,2.74,3.54,2.61,1.1,Low,12
2024-10-15,12:00,Maharashtra,Post-Monsoon,72 hours,Heat Wave,0.0,0.1,0.0,2.6,0.9,38.0,30.7,31.3,1.43,1.89,1.84,0.9,High,78
2024-05-31,06:00,Tamil Nadu,Summer,6 hours,Normal,0.5,0.1,4.8,1.4,2.0,30.6,30.1,39.3,2.54,2.6,1.87,1.5,Low,12
2024-08-27,06:00,Tamil Nadu,Southwest Monsoon,12 hours,High Wind,9.4,12.8,10.5,7.6,9.9,26.7,31.8,41.5,3.43,2.8,2.02,0.5,Moderate,60
2024-02-11,12:00,Odisha,Winter,24 hours,Normal,0.0,0.0,1.3,1.0,0.8,32.6,30.0,37.4,1.48,1.65,1.23,0.8,Low,12
2024-03-15,00:00,Andhra Pradesh,Summer,6 hours,Normal,0.0,0.0,2.2,2.6,1.9,20.2,52.9,26.9,2.44,0.62,1.7,1.9,Low,12
2024-09-15,12:00,Karnataka,Southwest Monsoon,48 hours,Heavy Rain,85.4,99.9,89.3,85.6,87.5,8.3,19.8,71.9,11.59,4.56,0.89,2.1,Moderate,65
2024-02-11,00:00,Rajasthan,Winter,48 hours,Heavy Rain,122.7,124.8,124.0,123.9,124.0,11.1,34.5,54.4,10.22,2.94,1.68,1.3,High,80
2024-09-25,00:00,Karnataka,Southwest Monsoon,6 hours,Heat Wave,0.0,0.0,2.4,2.4,1.9,21.0,56.4,22.6,2.66,0.68,2.44,1.9,Severe,92
2024-02-19,12:00,Telangana,Winter,6 hours,Heat Wave,0.0,0.0,0.0,1.6,0.6,29.5,34.4,36.1,2.23,1.84,1.73,0.6,Severe,92
2024-07-20,00:00,Rajasthan,Southwest Monsoon,48 hours,Heat Wave,0.0,5.5,0.0,2.0,1.9,22.6,43.4,34.0,2.55,1.09,1.53,1.9,Severe,92
2024-11-28,06:00,Tamil Nadu,Northeast Monsoon,48 hours,Heavy Rain,86.0,65.7,81.7,85.1,81.5,11.0,41.7,47.3,10.38,2.36,2.02,4.5,Moderate,65
2024-08-14,00:00,Kerala,Southwest Monsoon,48 hours,Heavy Rain,102.0,98.7,104.2,95.7,99.4,9.2,39.9,50.9,17.49,3.64,2.74,2.6,Moderate,65
2024-12-03,06:00,Karnataka,Post-Monsoon,24 hours,Normal,0.0,8.0,0.0,0.5,2.5,29.8,44.3,25.9,1.7,0.98,2.03,2.5,Low,12
2024-02-10,18:00,Odisha,Winter,24 hours,Normal,1.0,0.0,0.0,2.6,1.0,32.6,30.0,37.4,1.48,1.65,1.23,0.0,Low,12
2024-04-16,00:00,Maharashtra,Summer,48 hours,Heavy Rain,110.7,104.1,106.1,110.5,108.7,10.0,27.1,62.9,12.42,4.26,1.55,2.0,Moderate,65
2024-09-23,12:00,Andhra Pradesh,Southwest Monsoon,6 hours,Normal,6.8,2.0,5.0,4.5,4.0,24.0,24.3,51.7,2.94,2.9,1.1,2.8,Low,12
2024-04-05,00:00,Karnataka,Summer,24 hours,Normal,0.0,6.2,1.1,2.5,2.5,19.2,53.4,27.4,2.8,0.69,1.82,2.5,Low,12
2024-02-23,18:00,Andhra Pradesh,Winter,48 hours,Heavy Rain,64.6,49.4,55.9,59.2,57.1,10.1,33.0,56.9,12.68,3.52,1.83,7.5,Moderate,60
2024-10-26,06:00,Telangana,Post-Monsoon,24 hours,High Wind,1.9,0.0,4.6,1.4,2.1,18.1,30.0,51.9,4.87,2.73,1.37,0.2,Moderate,60
2024-10-06,06:00,Karnataka,Post-Monsoon,72 hours,Heavy Rain,109.0,94.5,100.1,106.8,103.6,9.9,29.7,60.4,13.22,4.05,1.74,5.4,Moderate,65
2024-12-21,18:00,Karnataka,Post-Monsoon,72 hours,Normal,0.0,0.0,0.0,0.9,0.2,64.8,12.2,23.0,0.24,3.42,1.58,0.2,Low,12
2024-10-22,06:00,Maharashtra,Post-Monsoon,48 hours,Normal,0.0,2.0,0.0,3.2,1.7,35.7,34.3,30.0,2.05,2.15,2.53,1.7,Low,12
2024-03-26,12:00,Telangana,Summer,72 hours,Heat Wave,0.0,0.5,4.3,0.0,1.6,29.5,34.4,36.1,2.23,1.84,1.73,1.6,Severe,92
2024-09-03,06:00,Maharashtra,Southwest Monsoon,24 hours,Normal,15.8,14.8,16.6,19.0,17.3,22.7,32.5,44.8,3.34,2.18,1.44,1.5,Low,13
2024-02-01,00:00,Tamil Nadu,Winter,12 hours,High Wind,18.7,21.7,17.0,17.4,18.4,26.7,31.8,41.5,3.43,2.8,2.02,0.3,Moderate,60
2024-12-30,12:00,Tamil Nadu,Northeast Monsoon,24 hours,Normal,13.5,23.4,14.7,12.7,16.0,25.0,29.5,45.5,3.44,2.84,1.66,2.5,Low,12
2024-10-02,00:00,Odisha,Post-Monsoon,6 hours,Storm/Cyclone,173.0,146.1,172.7,174.2,171.2,9.0,28.5,62.5,14.51,4.26,1.67,1.8,Severe,98
2024-08-04,06:00,Odisha,Southwest Monsoon,48 hours,Heavy Rain,95.7,99.5,96.6,94.4,96.1,10.9,50.1,39.0,9.84,1.76,2.4,0.4,Moderate,65
2024-09-26,00:00,Tamil Nadu,Southwest Monsoon,24 hours,Heavy Rain,141.5,130.9,139.6,139.2,138.3,12.3,36.9,50.8,8.24,2.41,1.61,3.2,High,80
2024-08-13,06:00,Tamil Nadu,Southwest Monsoon,24 hours,Heavy Rain,88.7,92.0,89.5,90.2,90.2,12.3,36.9,50.8,8.24,2.41,1.61,1.5,Moderate,65
2024-04-12,06:00,Odisha,Summer,24 hours,Storm/Cyclone,138.0,128.5,139.4,136.2,136.4,9.0,28.5,62.5,14.51,4.26,1.67,1.6,Severe,98
2024-04-16,00:00,Karnataka,Summer,12 hours,Normal,0.7,0.0,1.7,2.5,1.1,46.7,26.4,26.9,0.92,2.02,1.97,0.4,Low,12
2024-06-10,12:00,Tamil Nadu,Southwest Monsoon,6 hours,Heavy Rain,133.1,115.6,132.5,134.2,131.6,10.8,37.1,52.1,7.25,1.76,1.11,1.5,High,80
2024-03-24,18:00,Tamil Nadu,Summer,24 hours,Normal,0.0,0.0,0.4,1.8,0.9,25.0,29.5,45.5,3.44,2.84,1.66,0.9,Low,12
2024-08-31,18:00,Telangana,Southwest Monsoon,24 hours,Heat Wave,0.0,0.0,0.0,1.8,0.6,29.5,34.4,36.1,2.23,1.84,1.73,0.6,Severe,92
2024-08-07,00:00,Telangana,Southwest Monsoon,72 hours,Heavy Rain,117.6,82.7,113.1,116.2,113.5,4.7,36.3,59.0,25.57,2.88,1.58,4.1,Moderate,65
2024-07-17,06:00,Odisha,Southwest Monsoon,12 hours,Heavy Rain,68.6,39.6,65.7,66.7,64.7,6.2,29.8,64.0,15.14,2.74,1.01,3.9,Moderate,65
2024-05-27,12:00,Andhra Pradesh,Summer,12 hours,Heavy Rain,55.6,32.1,57.0,55.6,53.7,10.1,33.0,56.9,12.68,3.52,1.83,1.9,Low,41
2024-09-05,18:00,Kerala,Southwest Monsoon,48 hours,Heavy Rain,79.4,70.0,81.9,80.8,80.2,9.2,39.9,50.9,17.49,3.64,2.74,0.8,Moderate,65
2024-08-28,00:00,Kerala,Southwest Monsoon,12 hours,High Wind,17.9,16.0,15.8,17.0,16.5,19.5,23.9,56.6,4.86,3.87,1.35,1.4,Moderate,60
2024-10-26,18:00,Tamil Nadu,Northeast Monsoon,24 hours,Heavy Rain,110.9,118.5,110.5,107.5,109.8,12.4,31.5,56.1,9.15,3.31,1.64,1.1,Moderate,65
2024-02-28,00:00,Tamil Nadu,Winter,48 hours,Normal,0.0,0.0,15.2,3.7,5.4,36.5,26.3,37.2,2.63,3.85,2.57,5.4,Low,12
2024-01-17,06:00,Karnataka,Winter,6 hours,Heavy Rain,99.5,110.7,100.1,102.8,102.8,9.9,29.7,60.4,13.22,4.05,1.74,3.3,Moderate,65
2024-04-15,06:00,Tamil Nadu,Summer,48 hours,Heavy Rain,90.2,102.2,79.9,94.4,91.8,14.6,25.7,59.7,10.92,5.98,2.28,1.6,Moderate,65
2024-09-09,00:00,Andhra Pradesh,Southwest Monsoon,12 hours,High Wind,21.8,21.4,22.0,23.9,22.8,24.7,27.3,48.0,3.47,3.08,1.54,1.0,High,80
2024-09-13,00:00,Kerala,Southwest Monsoon,12 hours,Heavy Rain,91.4,87.5,89.1,90.9,90.0,5.7,39.9,54.4,18.52,2.2,1.48,1.4,Moderate,65
2024-07-27,12:00,Maharashtra,Southwest Monsoon,6 hours,High Wind,21.3,22.2,22.0,21.1,21.5,21.0,21.8,57.2,4.3,4.13,1.26,0.2,High,80
2024-04-08,12:00,Tamil Nadu,Summer,48 hours,Heavy Rain,53.0,53.5,59.2,50.3,53.1,14.6,25.7,59.7,10.92,5.98,2.28,0.1,Moderate,60
2024-05-30,12:00,Karnataka,Summer,48 hours,Normal,0.4,0.0,0.0,4.8,1.4,40.6,30.2,29.2,1.58,2.3,2.4,1.0,Low,12
2024-06-21,06:00,Rajasthan,Southwest Monsoon,12 hours,Heavy Rain,139.3,139.2,134.3,138.4,137.1,14.3,33.7,52.0,7.58,2.92,1.72,2.2,High,80
2024-03-08,06:00,Rajasthan,Summer,12 hours,High Wind,16.4,18.5,17.8,18.7,18.4,21.4,27.1,51.5,5.7,4.38,2.07,2.0,High,80
2024-01-03,18:00,Karnataka,Winter,12 hours,High Wind,13.0,12.0,11.5,11.4,11.6,24.0,25.8,50.2,3.25,2.98,1.29,1.4,Moderate,60
2024-01-31,06:00,Rajasthan,Winter,72 hours,Heat Wave,0.0,16.6,10.9,5.7,10.4,22.6,43.4,34.0,2.55,1.09,1.53,10.4,Severe,92
2024-08-08,06:00,Maharashtra,Southwest Monsoon,6 hours,Heavy Rain,116.9,102.8,114.0,117.9,115.3,10.0,27.1,62.9,12.42,4.26,1.55,1.6,Moderate,65
2024-12-05,12:00,Kerala,Post-Monsoon,6 hours,Heat Wave,0.0,0.7,0.0,2.0,0.8,28.3,40.8,30.9,1.93,1.19,1.73,0.8,Severe,92
2024-02-29,06:00,Rajasthan,Winter,24 hours,Normal,0.0,0.0,2.1,2.5,1.7,25.7,43.7,30.6,1.88,0.9,1.5,1.7,Low,12
2024-03-24,06:00,Telangana,Summer,6 hours,Normal,0.0,0.0,1.5,1.5,0.9,39.4,19.4,41.2,0.88,2.3,0.82,0.9,Moderate,55
2024-07-01,12:00,Karnataka,Southwest Monsoon,72 hours,Heavy Rain,139.8,104.5,138.4,140.6,137.4,7.0,32.1,60.9,22.61,4.52,2.15,2.4,High,80
2024-02-27,00:00,Odisha,Winter,72 hours,Normal,0.0,0.0,0.0,1.2,0.5,25.2,35.0,39.8,3.0,2.02,1.71,0.5,Low,12
2024-05-20,06:00,Maharashtra,Summer,6 hours,Normal,0.0,3.7,0.0,1.2,1.4,20.3,28.3,51.4,2.49,1.64,0.68,1.4,Low,12
2024-09-29,06:00,Rajasthan,Southwest Monsoon,48 hours,Storm/Cyclone,176.3,164.5,173.8,171.6,171.4,11.0,28.3,60.7,10.5,3.76,1.49,4.9,Severe,98
2024-06-26,00:00,Tamil Nadu,Southwest Monsoon,6 hours,Heavy Rain,85.6,96.8,83.7,84.7,85.6,10.8,37.1,52.1,7.25,1.76,1.11,0.0,Moderate,65
2024-05-23,00:00,Rajasthan,Summer,48 hours,Normal,0.9,0.0,5.0,6.5,4.5,24.6,29.0,46.4,3.36,2.77,1.54,3.6,Moderate,55
2024-10-24,00:00,Telangana,Post-Monsoon,24 hours,Normal,1.3,0.0,0.3,0.9,0.4,29.3,43.5,27.2,1.85,1.08,2.03,0.9,Low,12
2024-12-19,18:00,Maharashtra,Post-Monsoon,24 hours,Heavy Rain,103.7,86.4,102.5,105.7,102.9,10.0,27.1,62.9,12.42,4.26,1.55,0.8,Moderate,65
2024-05-19,00:00,Kerala,Summer,12 hours,Heavy Rain,83.5,57.2,87.1,81.4,81.0,9.0,31.2,59.8,14.13,3.71,1.7,2.5,Moderate,65
2024-10-29,12:00,Maharashtra,Post-Monsoon,6 hours,Heat Wave,0.0,0.0,0.9,2.1,0.9,38.0,30.7,31.3,1.43,1.89,1.84,0.9,Severe,92
2024-09-17,12:00,Kerala,Southwest Monsoon,72 hours,Normal,12.3,11.3,17.4,14.6,14.0,35.3,19.8,44.9,3.45,6.52,2.6,1.7,Low,12
2024-07-27,00:00,Andhra Pradesh,Southwest Monsoon,72 hours,Normal,5.2,0.0,3.0,6.1,3.7,24.2,28.4,47.4,4.5,3.76,2.06,1.5,Low,12
2024-07-08,00:00,Rajasthan,Southwest Monsoon,72 hours,Heat Wave,0.0,8.2,0.0,0.8,2.1,22.6,43.4,34.0,2.55,1.09,1.53,2.1,Severe,92
2024-04-11,06:00,Telangana,Summer,24 hours,High Wind,0.7,0.2,6.2,3.9,3.9,18.1,30.0,51.9,4.87,2.73,1.37,3.2,Moderate,60
2024-06-10,06:00,Telangana,Southwest Monsoon,48 hours,Normal,4.2,6.8,3.5,6.0,5.3,20.2,35.0,44.8,5.5,2.96,2.2,1.1,Low,12
2024-03-09,06:00,Telangana,Summer,12 hours,High Wind,14.0,14.2,12.8,11.7,12.5,18.1,30.0,51.9,4.87,2.73,1.37,1.5,High,80
2024-01-11,18:00,Rajasthan,Winter,12 hours,Normal,0.0,0.0,0.1,1.8,0.9,24.6,29.0,46.4,3.36,2.77,1.54,0.9,Low,12
2024-08-23,18:00,Andhra Pradesh,Southwest Monsoon,48 hours,High Wind,12.0,9.3,16.4,11.2,12.2,24.7,27.3,48.0,3.47,3.08,1.54,0.2,Moderate,60
2024-05-08,00:00,Karnataka,Summer,12 hours,Storm/Cyclone,152.5,138.0,152.1,149.3,149.0,9.8,28.3,61.9,16.01,5.2,2.1,3.5,Severe,98
2024-02-29,06:00,Telangana,Winter,48 hours,Heat Wave,0.0,0.0,2.9,0.7,1.3,29.5,34.4,36.1,2.23,1.84,1.73,1.3,Severe,92
2024-01-10,00:00,Rajasthan,Winter,48 hours,Normal,0.1,0.0,4.2,1.7,2.0,24.6,29.0,46.4,3.36,2.77,1.54,1.9,Low,12
2024-10-12,00:00,Rajasthan,Post-Monsoon,48 hours,Normal,2.6,7.3,0.0,3.2,4.5,41.7,12.4,45.9,1.67,6.77,1.47,1.9,Low,12
2024-05-17,18:00,Tamil Nadu,Summer,12 hours,Normal,0.1,3.4,0.9,1.6,1.8,25.0,29.5,45.5,3.44,2.84,1.66,1.7,Low,12
2024-08-20,06:00,Rajasthan,Southwest Monsoon,48 hours,Normal,8.9,0.3,9.9,10.4,8.3,19.4,20.2,60.4,4.8,4.58,1.2,0.6,Low,12
2024-12-17,06:00,Rajasthan,Post-Monsoon,48 hours,Normal,0.0,0.0,3.3,1.1,0.9,41.7,12.4,45.9,1.67,6.77,1.47,0.9,Low,12
2024-09-23,12:00,Maharashtra,Southwest Monsoon,48 hours,Heavy Rain,122.4,107.7,123.9,122.7,121.6,8.9,22.3,68.8,11.09,4.14,1.0,0.8,High,80
2024-09-26,00:00,Karnataka,Southwest Monsoon,24 hours,Normal,8.7,7.2,10.8,7.4,8.5,29.4,33.8,36.8,2.25,1.89,1.69,0.2,Low,12
2024-10-02,00:00,Kerala,Post-Monsoon,12 hours,Normal,0.0,6.2,0.0,0.8,1.6,20.7,34.3,45.0,2.72,1.44,0.98,1.6,Low,12
2024-01-16,18:00,Odisha,Winter,12 hours,Normal,0.0,0.0,0.0,2.9,1.2,25.2,35.0,39.8,3.0,2.02,1.71,1.2,Low,12
2024-01-16,12:00,Tamil Nadu,Winter,24 hours,Normal,0.0,0.0,1.8,1.4,1.2,25.0,29.5,45.5,3.44,2.84,1.66,1.2,Low,12
2024-08-10,00:00,Telangana,Southwest Monsoon,48 hours,Normal,4.2,12.0,8.1,2.0,6.2,20.2,35.0,44.8,5.5,2.96,2.2,2.0,Low,12
2024-08-29,06:00,Rajasthan,Southwest Monsoon,72 hours,Normal,6.9,6.8,0.0,6.4,5.2,31.2,20.8,48.0,3.9,6.09,2.36,1.7,Low,12
2024-03-08,06:00,Karnataka,Summer,6 hours,Normal,0.0,0.0,0.4,2.2,1.0,25.8,35.8,38.4,1.76,1.13,1.02,1.0,Low,12
2024-12-11,00:00,Karnataka,Post-Monsoon,24 hours,Heavy Rain,70.6,82.4,70.6,71.9,72.6,9.9,29.7,60.4,13.22,4.05,1.74,2.0,Moderate,65
2024-01-13,06:00,Rajasthan,Winter,6 hours,Normal,0.0,5.7,0.0,2.4,1.9,14.1,42.2,43.7,4.78,1.26,1.2,1.9,Low,12
2024-05-08,12:00,Karnataka,Summer,48 hours,Heavy Rain,102.3,106.4,108.6,103.2,105.1,9.9,29.7,60.4,13.22,4.05,1.74,2.8,Moderate,65
2024-08-29,18:00,Telangana,Southwest Monsoon,12 hours,Normal,6.7,6.8,9.8,8.2,8.4,22.0,30.3,47.7,2.1,1.39,0.7,1.7,Low,12
2024-02-19,06:00,Telangana,Winter,12 hours,Normal,0.0,5.3,0.4,2.4,2.4,28.5,40.8,30.7,1.56,0.94,1.41,2.4,Low,12
2024-04-29,06:00,Odisha,Summer,48 hours,High Wind,10.2,23.6,18.7,7.4,14.4,19.9,33.5,46.6,5.74,3.21,2.17,4.2,Moderate,60
2024-04-27,18:00,Rajasthan,Summer,24 hours,High Wind,3.8,14.2,2.5,6.3,7.0,21.4,27.1,51.5,5.7,4.38,2.07,3.2,Moderate,55
2024-02-21,00:00,Rajasthan,Winter,48 hours,Normal,1.8,6.7,0.0,2.1,2.6,24.6,29.0,46.4,3.36,2.77,1.54,0.8,Low,12
2024-04-08,18:00,Andhra Pradesh,Summer,72 hours,High Wind,0.2,0.0,0.0,3.4,1.6,24.7,27.3,48.0,3.47,3.08,1.54,1.4,Moderate,60
2024-09-05,18:00,Maharashtra,Southwest Monsoon,24 hours,High Wind,15.6,14.3,10.8,13.9,13.3,21.0,21.8,57.2,4.3,4.13,1.26,2.3,High,80
2024-03-02,12:00,Telangana,Summer,48 hours,Normal,0.1,0.6,6.2,4.0,3.6,30.6,30.0,39.4,2.32,2.38,1.69,3.5,Severe,92
2024-07-09,12:00,Karnataka,Southwest Monsoon,48 hours,Normal,15.2,22.4,26.8,17.5,21.2,32.0,23.4,44.6,3.38,4.8,2.28,6.0,Low,16
2024-08-28,06:00,Kerala,Southwest Monsoon,72 hours,Normal,7.5,9.1,4.3,6.9,7.2,35.3,19.8,44.9,3.45,6.52,2.6,0.3,Low,12
2024-10-20,18:00,Tamil Nadu,Northeast Monsoon,12 hours,High Wind,35.6,38.2,38.4,34.6,36.8,26.7,31.8,41.5,3.43,2.8,2.02,1.2,Moderate,60
2024-04-15,18:00,Maharashtra,Summer,12 hours,Heavy Rain,116.5,122.2,116.8,118.2,118.2,10.0,27.1,62.9,12.42,4.26,1.55,1.7,High,80
2024-08-08,00:00,Karnataka,Southwest Monsoon,72 hours,Heavy Rain,147.5,155.7,152.1,143.4,147.1,7.0,32.1,60.9,22.61,4.52,2.15,0.4,High,80
2024-03-17,12:00,Andhra Pradesh,Summer,6 hours,Normal,0.0,2.2,0.0,1.6,0.9,20.2,52.9,26.9,2.44,0.62,1.7,0.9,Moderate,55
2024-06-21,12:00,Kerala,Southwest Monsoon,12 hours,Heavy Rain,87.7,110.9,87.0,87.9,88.9,5.7,39.9,54.4,18.52,2.2,1.48,1.2,Moderate,65
2024-01-18,12:00,Maharashtra,Winter,48 hours,High Wind,12.8,6.6,3.2,13.7,9.9,21.0,21.8,57.2,4.3,4.13,1.26,2.9,Moderate,60
2024-04-05,12:00,Karnataka,Summer,24 hours,Normal,0.5,0.0,0.0,2.8,0.8,19.2,53.4,27.4,2.8,0.69,1.82,0.3,Low,12
2024-07-14,00:00,Odisha,Southwest Monsoon,72 hours,Normal,8.7,3.7,7.1,4.9,5.4,25.2,35.0,39.8,3.0,2.02,1.71,3.3,Low,12
2024-12-01,00:00,Rajasthan,Post-Monsoon,6 hours,Normal,0.0,0.0,0.0,1.9,0.9,24.6,29.0,46.4,3.36,2.77,1.54,0.9,Low,12
2024-03-01,00:00,Kerala,Summer,48 hours,Normal,0.9,0.0,4.1,1.9,2.0,32.1,33.4,34.5,2.83,2.7,2.6,1.1,Low,12
2024-10-24,12:00,Telangana,Post-Monsoon,72 hours,Normal,1.4,9.9,6.7,3.8,6.8,35.2,28.2,36.6,2.74,3.54,2.61,5.4,Low,12
2024-08-24,06:00,Karnataka,Southwest Monsoon,6 hours,Heavy Rain,139.2,127.0,141.3,136.5,137.2,10.4,35.1,54.5,9.54,2.47,1.41,2.0,High,80
2024-01-14,06:00,Karnataka,Winter,72 hours,Normal,0.2,0.0,12.2,1.5,4.7,29.4,33.8,36.8,2.25,1.89,1.69,4.5,Low,12
2024-02-12,00:00,Telangana,Winter,12 hours,Normal,0.0,0.0,1.4,3.9,1.8,28.5,40.8,30.7,1.56,0.94,1.41,1.8,Low,12
2024-01-09,00:00,Rajasthan,Winter,6 hours,Normal,0.0,5.8,0.7,1.5,1.8,14.1,42.2,43.7,4.78,1.26,1.2,1.8,Low,12
2024-06-06,06:00,Telangana,Southwest Monsoon,24 hours,High Wind,12.6,15.0,10.3,13.4,12.8,18.1,30.0,51.9,4.87,2.73,1.37,0.2,Moderate,60
2024-07-08,12:00,Maharashtra,Southwest Monsoon,6 hours,Storm/Cyclone,156.0,167.4,157.6,154.8,156.4,5.6,32.9,61.5,22.97,3.47,1.62,0.4,Severe,98
2024-03-07,18:00,Andhra Pradesh,Summer,24 hours,Normal,0.7,10.0,3.3,2.0,4.5,24.8,42.9,32.3,2.61,1.3,1.89,3.8,Low,12
2024-11-12,06:00,Rajasthan,Post-Monsoon,12 hours,Normal,0.0,0.0,0.3,1.9,0.7,22.7,46.8,30.5,2.43,0.92,1.68,0.7,Low,12
2024-06-17,00:00,Odisha,Southwest Monsoon,6 hours,Normal,5.9,4.8,7.5,6.7,6.7,11.6,26.6,61.8,7.01,2.78,0.91,0.8,Low,12
2024-05-16,00:00,Tamil Nadu,Summer,72 hours,Normal,1.0,6.6,6.7,1.1,4.1,25.0,29.5,45.5,3.44,2.84,1.66,3.1,Low,12
2024-04-07,18:00,Telangana,Summer,72 hours,Heat Wave,0.0,0.0,0.0,2.8,1.0,29.5,34.4,36.1,2.23,1.84,1.73,1.0,Severe,92
2024-09-04,12:00,Tamil Nadu,Southwest Monsoon,48 hours,Normal,3.8,0.0,9.7,3.9,4.3,23.0,22.8,54.2,5.31,5.37,1.97,0.5,Low,12
2024-04-07,12:00,Kerala,Summer,12 hours,High Wind,4.1,8.7,1.8,4.0,4.4,19.5,23.9,56.6,4.86,3.87,1.35,0.3,High,80
2024-07-12,12:00,Telangana,Southwest Monsoon,24 hours,Normal,8.4,7.1,12.6,8.7,9.2,36.4,28.0,35.6,1.68,2.33,1.73,0.8,Low,12
2024-08-17,00:00,Rajasthan,Southwest Monsoon,24 hours,Normal,5.8,0.0,4.2,5.1,4.2,13.8,27.2,59.0,5.22,2.41,0.84,1.6,Low,12
2024-11-03,06:00,Kerala,Post-Monsoon,6 hours,Normal,0.0,0.0,1.0,1.5,0.9,33.6,27.7,38.7,2.09,2.64,1.75,0.9,Low,12
2024-10-08,12:00,Maharashtra,Post-Monsoon,48 hours,Normal,0.0,0.0,1.6,2.0,1.1,35.7,34.3,30.0,2.05,2.15,2.53,1.1,Low,12
2024-03-04,00:00,Tamil Nadu,Summer,72 hours,Normal,0.3,0.0,0.0,0.0,0.0,25.0,29.5,45.5,3.44,2.84,1.66,0.3,Low,12
2024-09-19,18:00,Kerala,Southwest Monsoon,12 hours,Normal,25.4,33.8,28.1,24.9,28.2,26.1,29.7,44.2,3.09,2.66,1.62,2.8,Low,21
2024-06-13,06:00,Karnataka,Southwest Monsoon,72 hours,Storm/Cyclone,164.7,179.6,153.9,161.5,161.1,9.8,28.3,61.9,16.01,5.2,2.1,3.6,Severe,98
2024-09-19,06:00,Telangana,Southwest Monsoon,24 hours,Normal,5.1,5.3,4.2,8.3,6.1,36.4,28.0,35.6,1.68,2.33,1.73,1.0,Low,12
2024-01-11,00:00,Maharashtra,Winter,12 hours,Heavy Rain,88.8,87.5,85.9,88.8,88.0,8.8,23.8,67.4,10.72,3.65,0.97,0.8,Moderate,65
2024-03-26,12:00,Odisha,Summer,24 hours,Normal,0.0,0.1,0.0,1.7,0.7,25.2,35.0,39.8,3.0,2.02,1.71,0.7,Low,12
2024-06-11,18:00,Maharashtra,Southwest Monsoon,24 hours,Normal,9.4,13.2,14.0,10.0,12.0,22.7,32.5,44.8,3.34,2.18,1.44,2.6,Low,12
2024-07-25,00:00,Odisha,Southwest Monsoon,24 hours,Heavy Rain,74.4,80.2,76.7,77.6,77.6,11.2,36.4,52.4,10.29,2.83,1.81,3.2,Moderate,65
2024-10-01,18:00,Kerala,Post-Monsoon,24 hours,Normal,0.0,2.3,0.0,1.5,1.3,26.1,29.7,44.2,3.09,2.66,1.62,1.3,Low,12
2024-04-25,18:00,Maharashtra,Summer,6 hours,Heavy Rain,55.0,55.2,58.8,56.6,57.1,10.0,27.1,62.9,12.42,4.26,1.55,2.1,Low,44
2024-04-09,00:00,Odisha,Summer,72 hours,Normal,0.6,0.9,0.6,4.4,2.2,25.2,35.0,39.8,3.0,2.02,1.71,1.6,Low,12
2024-10-09,12:00,Kerala,Post-Monsoon,72 hours,Normal,0.0,0.0,6.8,1.4,2.4,23.5,23.7,52.8,4.47,4.43,1.72,2.4,Low,12
2024-07-31,12:00,Karnataka,Southwest Monsoon,24 hours,Normal,8.3,4.2,9.7,9.2,7.9,29.4,33.8,36.8,2.25,1.89,1.69,0.4,Low,12
2024-10-24,18:00,Tamil Nadu,Northeast Monsoon,72 hours,Heavy Rain,138.2,130.5,133.5,140.5,137.8,14.9,17.5,67.6,6.3,5.31,1.0,0.4,High,80
2024-02-05,18:00,Odisha,Winter,48 hours,Normal,1.3,0.0,0.0,0.5,0.2,26.6,30.1,43.3,2.82,2.44,1.54,1.1,Low,12
2024-08-15,00:00,Andhra Pradesh,Southwest Monsoon,48 hours,Heavy Rain,102.8,104.4,107.0,100.8,103.2,15.5,29.4,55.1,10.3,5.21,2.54,0.4,Moderate,65
2024-03-04,18:00,Karnataka,Summer,24 hours,Normal,0.0,0.8,0.0,2.6,0.9,19.2,53.4,27.4,2.8,0.69,1.82,0.9,Low,12
2024-09-28,06:00,Rajasthan,Southwest Monsoon,6 hours,Heavy Rain,92.6,90.3,96.3,89.7,92.0,11.1,34.5,54.4,10.22,2.94,1.68,0.6,Moderate,65
2024-08-21,00:00,Maharashtra,Southwest Monsoon,72 hours,Normal,11.2,8.3,7.8,5.4,6.9,25.7,33.4,40.9,2.67,1.94,1.49,4.3,Low,12
2024-05-19,12:00,Rajasthan,Summer,6 hours,Normal,0.0,0.0,4.0,1.3,1.8,30.3,34.0,35.7,1.95,1.68,1.58,1.8,Severe,92
2024-03-22,00:00,Maharashtra,Summer,48 hours,Normal,2.3,20.4,4.4,3.6,6.3,13.4,51.6,35.0,6.3,1.26,2.1,4.0,Low,12
2024-06-27,18:00,Kerala,Southwest Monsoon,72 hours,Heavy Rain,85.3,67.0,84.9,88.2,85.0,12.1,20.6,67.3,9.57,5.43,1.31,0.3,Moderate,65
2024-03-13,06:00,Karnataka,Summer,72 hours,Heavy Rain,86.2,71.1,66.1,88.8,80.3,9.9,29.7,60.4,13.22,4.05,1.74,5.9,Moderate,65
2024-09-12,06:00,Karnataka,Southwest Monsoon,48 hours,Normal,7.8,12.3,5.8,8.4,9.0,32.0,23.4,44.6,3.38,4.8,2.28,1.2,Low,12
2024-09-09,12:00,Tamil Nadu,Southwest Monsoon,48 hours,Heavy Rain,66.5,76.3,56.5,68.6,66.7,13.6,24.5,61.9,9.97,5.33,1.81,0.2,Moderate,65
2024-09-02,18:00,Rajasthan,Southwest Monsoon,48 hours,Heat Wave,0.0,0.0,0.0,1.2,0.4,22.6,43.4,34.0,2.55,1.09,1.53,0.4,Severe,92
2024-11-26,00:00,Karnataka,Post-Monsoon,24 hours,Heavy Rain,73.1,75.2,76.2,74.5,75.1,9.9,29.7,60.4,13.22,4.05,1.74,2.0,Moderate,65
2024-01-04,00:00,Karnataka,Winter,12 hours,Normal,0.0,0.0,0.3,1.1,0.5,29.4,33.8,36.8,2.25,1.89,1.69,0.5,Low,12
2024-08-26,12:00,Rajasthan,Southwest Monsoon,24 hours,Normal,5.8,9.1,2.9,5.4,5.2,13.8,27.2,59.0,5.22,2.41,0.84,0.6,Low,12
2024-09-27,12:00,Odisha,Southwest Monsoon,6 hours,High Wind,22.9,49.6,20.1,21.6,26.7,19.9,33.5,46.6,5.74,3.21,2.17,3.8,Moderate,60
2024-03-12,06:00,Andhra Pradesh,Summer,12 hours,High Wind,2.7,2.8,0.0,3.9,2.6,24.7,27.3,48.0,3.47,3.08,1.54,0.1,High,80
2024-04-19,18:00,Maharashtra,Summer,12 hours,Heavy Rain,87.4,110.1,83.3,85.7,87.5,10.0,27.1,62.9,12.42,4.26,1.55,0.1,Moderate,65
2024-11-01,00:00,Telangana,Post-Monsoon,12 hours,Normal,0.1,0.0,0.0,0.8,0.4,25.8,25.9,48.3,1.43,1.42,0.53,0.3,Low,12
2024-04-05,00:00,Kerala,Summer,48 hours,Normal,1.3,0.0,2.8,4.3,2.4,32.1,33.4,34.5,2.83,2.7,2.6,1.1,Low,12
2024-11-13,12:00,Telangana,Post-Monsoon,48 hours,Normal,2.6,7.4,1.2,3.3,3.7,24.7,29.5,45.8,2.95,2.39,1.36,1.1,Low,12
2024-09-14,00:00,Andhra Pradesh,Southwest Monsoon,6 hours,Storm/Cyclone,177.5,180.7,177.1,179.7,179.2,10.9,24.6,64.5,10.94,4.55,1.43,1.7,Severe,98
2024-05-03,12:00,Tamil Nadu,Summer,72 hours,High Wind,4.2,11.8,7.3,6.7,8.3,26.7,31.8,41.5,3.43,2.8,2.02,4.1,High,80
2024-07-11,12:00,Karnataka,Southwest Monsoon,24 hours,High Wind,20.2,18.1,26.5,20.2,21.3,24.0,25.8,50.2,3.25,2.98,1.29,1.1,Moderate,60
2024-02-09,00:00,Odisha,Winter,48 hours,Heavy Rain,128.0,106.9,129.9,127.2,125.9,11.2,36.4,52.4,10.29,2.83,1.81,2.1,High,80
2024-05-12,12:00,Kerala,Summer,6 hours,Normal,0.0,0.0,0.0,1.1,0.4,28.3,31.8,39.9,2.0,1.72,1.27,0.4,Low,12
2024-06-27,06:00,Kerala,Southwest Monsoon,48 hours,Normal,10.3,21.1,6.3,12.9,12.5,14.3,24.1,61.6,7.42,4.2,1.34,2.2,Low,12
2024-07-10,18:00,Kerala,Southwest Monsoon,72 hours,Storm/Cyclone,177.6,174.4,169.2,174.5,172.9,14.0,30.6,55.4,8.99,3.84,1.89,4.7,Severe,98
2024-05-02,18:00,Rajasthan,Summer,12 hours,Heat Wave,0.0,5.5,0.0,2.4,1.1,11.8,70.8,17.4,2.98,0.08,1.86,1.1,Severe,92
2024-10-23,12:00,Rajasthan,Post-Monsoon,24 hours,Normal,0.0,0.6,0.0,2.3,1.2,16.6,37.1,46.3,3.78,1.42,1.04,1.2,Low,12
2024-12-07,06:00,Telangana,Post-Monsoon,12 hours,Normal,0.0,0.0,1.3,0.8,0.7,25.8,25.9,48.3,1.43,1.42,0.53,0.7,Low,12
2024-02-18,18:00,Odisha,Winter,24 hours,Normal,0.0,7.1,1.7,1.7,3.5,32.6,30.0,37.4,1.48,1.65,1.23,3.5,Low,12
2024-01-18,06:00,Telangana,Winter,24 hours,Normal,0.2,3.9,0.0,0.5,1.3,30.2,43.6,26.2,1.35,0.78,1.63,1.1,Low,12
2024-07-03,06:00,Maharashtra,Southwest Monsoon,48 hours,Normal,15.4,18.2,12.2,15.4,15.1,25.7,33.4,40.9,2.67,1.94,1.49,0.3,Low,12
2024-08-09,00:00,Rajasthan,Southwest Monsoon,12 hours,Normal,6.6,9.6,5.9,6.9,7.3,24.6,29.0,46.4,3.36,2.77,1.54,0.7,Low,12
2024-10-13,18:00,Karnataka,Post-Monsoon,24 hours,Normal,0.0,0.0,4.9,3.2,3.0,29.8,44.3,25.9,1.7,0.98,2.03,3.0,Low,12
2024-05-19,06:00,Andhra Pradesh,Summer,48 hours,Normal,0.0,0.6,0.0,1.4,0.4,17.0,63.8,19.2,2.72,0.36,2.36,0.4,Low,12
2024-09-29,00:00,Telangana,Southwest Monsoon,12 hours,Heat Wave,0.0,0.0,0.0,2.2,0.8,29.5,34.4,36.1,2.23,1.84,1.73,0.8,Severe,92
2024-07-09,18:00,Andhra Pradesh,Southwest Monsoon,72 hours,High Wind,16.2,22.4,8.9,13.8,14.6,24.7,27.3,48.0,3.47,3.08,1.54,1.6,Moderate,60
2024-05-23,00:00,Odisha,Summer,6 hours,Heavy Rain,60.7,62.4,57.6,60.0,59.4,11.2,36.4,52.4,10.29,2.83,1.81,1.3,Moderate,60
2024-09-02,06:00,Tamil Nadu,Southwest Monsoon,6 hours,Heavy Rain,112.7,121.2,111.9,114.2,114.1,10.8,37.1,52.1,7.25,1.76,1.11,1.4,Moderate,65
2024-02-12,06:00,Maharashtra,Winter,12 hours,Heat Wave,0.0,0.0,2.6,1.1,1.1,38.0,30.7,31.3,1.43,1.89,1.84,1.1,Moderate,55
2024-07-07,18:00,Kerala,Southwest Monsoon,24 hours,Heat Wave,0.0,0.0,0.0,2.5,0.8,28.3,40.8,30.9,1.93,1.19,1.73,0.8,High,78
2024-06-17,18:00,Andhra Pradesh,Southwest Monsoon,24 hours,Storm/Cyclone,146.7,132.4,149.5,146.6,145.8,10.9,24.6,64.5,10.94,4.55,1.43,0.9,Severe,98
2024-03-16,18:00,Rajasthan,Summer,12 hours,Storm/Cyclone,129.4,122.8,126.0,129.9,128.0,11.0,28.3,60.7,10.5,3.76,1.49,1.4,Severe,98
2024-06-05,18:00,Rajasthan,Southwest Monsoon,48 hours,Heat Wave,0.0,0.0,0.0,1.3,0.4,22.6,43.4,34.0,2.55,1.09,1.53,0.4,Moderate,55
2024-11-11,06:00,Telangana,Post-Monsoon,72 hours,Heavy Rain,112.6,107.7,117.9,112.2,114.1,4.7,36.3,59.0,25.57,2.88,1.58,1.5,Moderate,65
2024-04-09,00:00,Telangana,Summer,6 hours,Heavy Rain,53.2,31.4,53.2,54.8,53.1,4.7,36.3,59.0,25.57,2.88,1.58,0.1,Low,41
2024-06-08,00:00,Rajasthan,Southwest Monsoon,24 hours,Normal,4.1,10.2,2.7,4.0,4.5,13.8,27.2,59.0,5.22,2.41,0.84,0.4,Low,12
2024-12-09,00:00,Odisha,Post-Monsoon,72 hours,Normal,0.0,7.3,0.0,7.6,4.8,30.2,35.9,33.9,2.23,1.8,1.93,4.8,Low,12
2024-07-11,12:00,Karnataka,Southwest Monsoon,72 hours,Normal,11.0,17.6,14.0,11.1,14.0,29.4,33.8,36.8,2.25,1.89,1.69,3.0,Low,12
2024-06-23,00:00,Odisha,Southwest Monsoon,6 hours,Heavy Rain,69.7,70.2,70.3,71.3,70.8,13.2,36.9,49.9,7.21,2.26,1.54,1.1,Moderate,65
2024-07-20,18:00,Tamil Nadu,Southwest Monsoon,6 hours,Normal,12.7,10.3,12.5,13.5,12.4,25.0,29.5,45.5,3.44,2.84,1.66,0.3,Low,12
2024-12-12,00:00,Telangana,Post-Monsoon,24 hours,Heat Wave,0.0,0.0,0.0,2.6,0.9,29.5,34.4,36.1,2.23,1.84,1.73,0.9,Severe,92
2024-04-05,06:00,Karnataka,Summer,6 hours,Normal,0.0,5.4,0.0,0.0,1.4,25.8,35.8,38.4,1.76,1.13,1.02,1.4,Low,12
2024-10-20,00:00,Kerala,Post-Monsoon,12 hours,Normal,3.1,9.9,10.1,1.9,6.4,20.7,34.3,45.0,2.72,1.44,0.98,3.3,Low,12
2024-01-16,18:00,Odisha,Winter,72 hours,High Wind,5.0,0.3,0.0,2.0,1.0,19.9,33.5,46.6,5.74,3.21,2.17,4.0,Moderate,60
2024-10-31,00:00,Tamil Nadu,Northeast Monsoon,12 hours,Heavy Rain,108.1,103.0,104.1,109.6,106.2,16.1,43.4,40.5,5.72,1.8,1.97,1.9,Moderate,65
2024-04-05,00:00,Telangana,Summer,24 hours,Heavy Rain,75.5,59.9,79.4,73.8,75.2,4.7,36.3,59.0,25.57,2.88,1.58,0.3,Moderate,65
2024-02-27,06:00,Tamil Nadu,Winter,72 hours,Heat Wave,0.0,0.0,9.4,0.8,3.0,29.6,28.2,42.2,2.73,2.89,1.76,3.0,Severe,92
2024-09-01,00:00,Rajasthan,Southwest Monsoon,72 hours,Normal,5.2,2.7,15.9,3.3,5.7,31.2,20.8,48.0,3.9,6.09,2.36,0.5,Low,12
2024-03-17,06:00,Tamil Nadu,Summer,6 hours,Storm/Cyclone,123.8,129.9,122.8,125.1,125.1,9.7,22.0,68.3,13.44,5.63,1.48,1.3,Severe,98
2024-02-17,18:00,Maharashtra,Winter,24 hours,Normal,0.0,0.3,0.6,1.3,0.8,25.7,33.4,40.9,2.67,1.94,1.49,0.8,Low,12
2024-12-16,18:00,Tamil Nadu,Northeast Monsoon,6 hours,Normal,24.5,16.5,27.1,24.5,23.9,12.7,15.4,71.9,4.7,3.8,0.42,0.6,Low,18
2024-05-12,18:00,Karnataka,Summer,12 hours,Heavy Rain,101.8,101.2,104.2,105.1,104.4,9.9,29.7,60.4,13.22,4.05,1.74,2.6,Moderate,65
2024-01-07,12:00,Kerala,Winter,6 hours,Normal,1.8,0.0,0.3,1.6,0.8,26.1,29.7,44.2,3.09,2.66,1.62,1.0,Low,12
2024-07-30,18:00,Telangana,Southwest Monsoon,24 hours,Normal,7.4,3.1,8.0,10.0,6.9,36.4,28.0,35.6,1.68,2.33,1.73,0.5,Low,12
2024-02-06,06:00,Karnataka,Winter,72 hours,Heat Wave,0.0,6.0,0.0,1.9,1.7,21.0,56.4,22.6,2.66,0.68,2.44,1.7,Severe,92
2024-04-15,18:00,Tamil Nadu,Summer,24 hours,Storm/Cyclone,126.0,98.0,125.5,125.5,122.8,9.7,22.0,68.3,13.44,5.63,1.48,3.2,Severe,98
2024-08-03,12:00,Tamil Nadu,Southwest Monsoon,12 hours,High Wind,8.7,5.4,4.0,8.2,6.1,26.7,31.8,41.5,3.43,2.8,2.02,2.6,High,80
2024-02-03,18:00,Kerala,Winter,24 hours,Heavy Rain,50.4,42.2,52.7,47.1,48.4,9.0,31.2,59.8,14.13,3.71,1.7,2.0,Moderate,60
2024-12-01,12:00,Kerala,Post-Monsoon,6 hours,Normal,0.0,7.7,6.3,2.0,5.1,33.6,27.7,38.7,2.09,2.64,1.75,5.1,Low,12
2024-06-05,18:00,Kerala,Southwest Monsoon,72 hours,High Wind,31.9,42.1,23.1,33.0,32.4,19.5,23.9,56.6,4.86,3.87,1.35,0.5,High,80
2024-09-14,12:00,Rajasthan,Southwest Monsoon,72 hours,High Wind,12.3,15.2,10.3,8.4,10.4,21.4,27.1,51.5,5.7,4.38,2.07,1.9,Moderate,60
2024-02-01,12:00,Karnataka,Winter,48 hours,Heat Wave,0.0,1.6,0.0,1.9,0.8,21.0,56.4,22.6,2.66,0.68,2.44,0.8,Severe,92
2024-08-04,18:00,Karnataka,Southwest Monsoon,6 hours,Heavy Rain,82.5,79.3,84.9,82.3,82.9,10.4,35.1,54.5,9.54,2.47,1.41,0.4,Moderate,65
2024-04-01,12:00,Andhra Pradesh,Summer,24 hours,Heavy Rain,116.1,131.1,114.3,116.2,117.1,10.1,33.0,56.9,12.68,3.52,1.83,1.0,High,80
2024-11-05,06:00,Odisha,Post-Monsoon,72 hours,Normal,3.4,8.4,1.3,3.8,4.3,30.2,35.9,33.9,2.23,1.8,1.93,0.9,Low,12
2024-01-21,12:00,Telangana,Winter,12 hours,Normal,0.0,3.8,0.0,0.3,1.2,28.5,40.8,30.7,1.56,0.94,1.41,1.2,Low,12
2024-11-08,06:00,Telangana,Post-Monsoon,24 hours,Normal,1.1,0.0,2.6,3.0,1.9,29.3,43.5,27.2,1.85,1.08,2.03,0.8,Low,12
2024-08-19,12:00,Rajasthan,Southwest Monsoon,72 hours,Normal,6.7,4.9,9.1,3.9,5.3,31.2,20.8,48.0,3.9,6.09,2.36,1.4,Low,12
2024-06-16,12:00,Odisha,Southwest Monsoon,24 hours,High Wind,8.7,4.5,7.6,12.3,9.2,19.9,33.5,46.6,5.74,3.21,2.17,0.5,Moderate,60
2024-02-18,18:00,Karnataka,Winter,24 hours,Normal,1.1,0.0,0.1,2.5,0.6,23.2,55.1,21.7,1.73,0.44,1.89,0.5,Low,12
2024-01-28,00:00,Rajasthan,Winter,72 hours,Normal,2.0,0.0,3.6,1.9,1.9,24.6,29.0,46.4,3.36,2.77,1.54,0.1,Low,12
2024-06-29,12:00,Andhra Pradesh,Southwest Monsoon,12 hours,High Wind,9.4,15.3,7.1,8.3,9.7,24.7,27.3,48.0,3.47,3.08,1.54,0.3,High,80
2024-01-10,18:00,Odisha,Winter,12 hours,Heavy Rain,98.9,96.8,96.7,99.9,98.4,11.2,36.4,52.4,10.29,2.83,1.81,0.5,Moderate,65
2024-12-04,00:00,Karnataka,Post-Monsoon,6 hours,Normal,0.6,2.6,2.0,0.0,1.1,15.0,33.0,52.0,3.43,1.28,0.63,0.5,Low,12
2024-08-03,06:00,Karnataka,Southwest Monsoon,6 hours,Heavy Rain,122.7,121.2,123.5,124.0,123.5,10.4,35.1,54.5,9.54,2.47,1.41,0.8,High,80
2024-05-18,00:00,Andhra Pradesh,Summer,12 hours,High Wind,14.2,17.3,14.5,13.8,14.9,24.7,27.3,48.0,3.47,3.08,1.54,0.7,Moderate,60
2024-10-03,06:00,Kerala,Post-Monsoon,24 hours,Normal,0.2,4.0,0.0,0.8,1.4,26.1,29.7,44.2,3.09,2.66,1.62,1.2,Low,12
2024-01-25,00:00,Telangana,Winter,72 hours,Normal,0.0,0.0,0.6,3.0,1.0,54.4,16.8,28.8,0.93,4.13,2.2,1.0,Low,12
2024-10-23,06:00,Maharashtra,Post-Monsoon,72 hours,Heat Wave,0.0,0.0,0.0,2.5,0.8,38.0,30.7,31.3,1.43,1.89,1.84,0.8,High,78
2024-08-09,18:00,Telangana,Southwest Monsoon,12 hours,Normal,4.2,2.1,4.4,4.5,3.9,22.0,30.3,47.7,2.1,1.39,0.7,0.3,Low,12
2024-07-24,12:00,Odisha,Southwest Monsoon,12 hours,Heavy Rain,132.2,134.7,136.6,134.6,135.2,6.2,29.8,64.0,15.14,2.74,1.01,3.0,High,80
2024-02-05,18:00,Rajasthan,Winter,48 hours,Heavy Rain,53.6,47.6,55.2,55.2,54.4,11.1,34.5,54.4,10.22,2.94,1.68,0.8,Moderate,60
2024-08-05,18:00,Odisha,Southwest Monsoon,48 hours,Normal,4.5,17.7,2.5,6.9,8.5,26.0,27.9,46.1,4.45,4.12,2.29,4.0,Low,12
2024-11-23,06:00,Tamil Nadu,Northeast Monsoon,12 hours,Storm/Cyclone,178.3,195.1,175.6,175.5,177.4,9.7,22.0,68.3,13.44,5.63,1.48,0.9,Severe,98
2024-12-22,12:00,Karnataka,Post-Monsoon,6 hours,Normal,2.5,0.0,5.7,3.6,3.8,15.0,33.0,52.0,3.43,1.28,0.63,1.3,Low,12
2024-01-08,12:00,Karnataka,Winter,24 hours,Normal,1.3,0.0,0.3,2.5,0.7,23.2,55.1,21.7,1.73,0.44,1.89,0.6,Low,12
2024-09-30,00:00,Telangana,Southwest Monsoon,48 hours,Normal,8.4,17.8,10.3,9.5,11.5,20.2,35.0,44.8,5.5,2.96,2.2,3.1,Low,12
2024-06-01,12:00,Karnataka,Southwest Monsoon,48 hours,Normal,9.7,6.8,0.0,13.7,8.3,32.0,23.4,44.6,3.38,4.8,2.28,1.4,Low,12
2024-01-08,00:00,Telangana,Winter,72 hours,Normal,0.0,0.0,0.0,1.9,0.5,54.4,16.8,28.8,0.93,4.13,2.2,0.5,Low,12
2024-04-02,00:00,Andhra Pradesh,Summer,6 hours,Heavy Rain,86.2,65.7,87.5,81.8,82.1,10.1,33.0,56.9,12.68,3.52,1.83,4.1,Moderate,65
2024-06-22,12:00,Kerala,Southwest Monsoon,48 hours,Normal,8.9,15.0,4.7,9.1,8.9,14.3,24.1,61.6,7.42,4.2,1.34,0.0,Low,12
2024-01-21,00:00,Karnataka,Winter,48 hours,Heat Wave,0.0,1.7,0.0,2.7,1.0,21.0,56.4,22.6,2.66,0.68,2.44,1.0,Severe,92
2024-07-04,12:00,Kerala,Southwest Monsoon,6 hours,Heavy Rain,144.5,136.1,147.9,145.3,145.6,7.6,39.0,53.4,10.22,1.58,1.02,1.1,High,80
2024-06-23,18:00,Telangana,Southwest Monsoon,12 hours,Normal,4.5,3.9,2.8,7.4,5.2,22.0,30.3,47.7,2.1,1.39,0.7,0.7,Low,12
2024-03-21,18:00,Andhra Pradesh,Summer,6 hours,Normal,0.4,0.0,0.0,0.2,0.1,20.2,52.9,26.9,2.44,0.62,1.7,0.3,Low,12
2024-02-29,00:00,Kerala,Winter,72 hours,Storm/Cyclone,125.0,109.8,120.4,128.2,123.2,14.0,30.6,55.4,8.99,3.84,1.89,1.8,Severe,98
2024-12-29,06:00,Karnataka,Post-Monsoon,6 hours,Normal,0.0,0.0,0.0,0.1,0.1,15.0,33.0,52.0,3.43,1.28,0.63,0.1,Low,12
2024-10-02,00:00,Karnataka,Post-Monsoon,24 hours,Normal,3.3,2.75,5.5,6.5,4.9,29.8,44.3,25.9,1.7,0.98,2.03,1.6,Low,12
2024-11-22,06:00,Andhra Pradesh,Northeast Monsoon,72 hours,Normal,16.0,17.6,22.4,16.8,18.8,27.3,31.2,41.5,3.01,2.57,1.81,2.8,Low,14
2024-09-28,06:00,Kerala,Southwest Monsoon,24 hours,Heavy Rain,85.1,96.5,84.3,84.3,85.4,9.0,31.2,59.8,14.13,3.71,1.7,0.3,Moderate,65
2024-04-30,00:00,Odisha,Summer,6 hours,High Wind,16.6,18.5,14.3,19.0,17.3,19.9,33.5,46.6,5.74,3.21,2.17,0.7,High,80
2024-09-25,18:00,Andhra Pradesh,Southwest Monsoon,24 hours,Normal,5.1,10.5,5.3,3.5,5.4,16.3,41.1,42.6,4.45,1.46,1.39,0.3,Low,12
2024-12-10,12:00,Tamil Nadu,Northeast Monsoon,24 hours,Storm/Cyclone,197.1,191.7,202.1,198.8,198.8,9.7,22.0,68.3,13.44,5.63,1.48,1.7,Severe,98
2024-03-04,18:00,Tamil Nadu,Summer,48 hours,Heavy Rain,83.1,62.4,85.7,85.9,82.4,14.6,25.7,59.7,10.92,5.98,2.28,0.7,Moderate,65
2024-09-10,06:00,Rajasthan,Southwest Monsoon,48 hours,Normal,10.7,15.2,5.4,9.6,9.8,19.4,20.2,60.4,4.8,4.58,1.2,0.9,Low,12
2024-10-08,06:00,Tamil Nadu,Northeast Monsoon,72 hours,High Wind,30.3,38.7,29.3,34.9,34.1,26.7,31.8,41.5,3.43,2.8,2.02,3.8,Moderate,60
2024-02-16,18:00,Odisha,Winter,12 hours,Normal,0.0,2.3,2.1,2.1,2.2,25.2,35.0,39.8,3.0,2.02,1.71,2.2,Low,12
2024-05-02,00:00,Tamil Nadu,Summer,6 hours,Heavy Rain,92.5,115.7,91.1,92.2,94.8,12.4,31.5,56.1,9.15,3.31,1.64,2.3,Moderate,65
2024-01-06,18:00,Tamil Nadu,Winter,12 hours,Heavy Rain,66.8,64.8,65.4,67.9,66.7,12.4,31.5,56.1,9.15,3.31,1.64,0.1,Moderate,65
2024-12-14,12:00,Maharashtra,Post-Monsoon,6 hours,Heat Wave,0.0,1.5,2.9,0.4,1.6,38.0,30.7,31.3,1.43,1.89,1.84,1.6,Severe,92
2024-09-19,00:00,Kerala,Southwest Monsoon,72 hours,Heavy Rain,133.2,130.7,124.5,133.9,131.6,12.1,20.6,67.3,9.57,5.43,1.31,1.6,High,80
2024-08-19,12:00,Kerala,Southwest Monsoon,48 hours,High Wind,16.3,19.2,15.4,15.8,16.4,19.5,23.9,56.6,4.86,3.87,1.35,0.1,Moderate,60
2024-08-13,06:00,Karnataka,Southwest Monsoon,6 hours,Heavy Rain,97.2,118.5,98.9,95.4,99.0,10.4,35.1,54.5,9.54,2.47,1.41,1.8,Moderate,65
2024-09-05,18:00,Karnataka,Southwest Monsoon,12 hours,Normal,16.1,18.9,14.5,17.3,16.8,29.4,33.8,36.8,2.25,1.89,1.69,0.7,Low,13
2024-11-23,18:00,Odisha,Post-Monsoon,24 hours,Storm/Cyclone,117.0,146.1,117.6,119.2,121.2,9.0,28.5,62.5,14.51,4.26,1.67,4.2,Severe,98
2024-01-31,00:00,Maharashtra,Winter,72 hours,Normal,2.0,1.5,14.3,0.4,5.3,25.7,33.4,40.9,2.67,1.94,1.49,3.3,Low,12
2024-08-28,00:00,Andhra Pradesh,Southwest Monsoon,72 hours,Normal,9.1,18.0,4.1,14.4,12.3,24.2,28.4,47.4,4.5,3.76,2.06,3.2,Low,12
2024-05-25,00:00,Maharashtra,Summer,72 hours,Heavy Rain,95.6,86.7,100.1,96.6,96.6,10.0,27.1,62.9,12.42,4.26,1.55,1.0,Moderate,65
2024-07-06,18:00,Tamil Nadu,Southwest Monsoon,24 hours,Heavy Rain,132.8,117.7,130.0,134.5,130.8,12.3,36.9,50.8,8.24,2.41,1.61,2.0,High,80
2024-07-19,00:00,Rajasthan,Southwest Monsoon,48 hours,Normal,3.6,1.2,3.9,2.9,2.8,19.4,20.2,60.4,4.8,4.58,1.2,0.8,Low,12
2024-05-10,06:00,Maharashtra,Summer,6 hours,Normal,0.0,0.0,0.0,0.1,0.1,20.3,28.3,51.4,2.49,1.64,0.68,0.1,Low,12
2024-04-14,00:00,Rajasthan,Summer,6 hours,Normal,1.7,0.0,0.0,2.1,0.7,30.3,34.0,35.7,1.95,1.68,1.58,1.0,Low,12
2024-01-30,06:00,Kerala,Winter,12 hours,Normal,3.4,5.1,0.9,4.4,3.4,23.9,33.4,42.7,2.35,1.54,1.1,0.0,Low,12
2024-04-26,12:00,Telangana,Summer,6 hours,Heat Wave,0.0,0.0,0.0,0.4,0.2,32.5,28.6,38.9,1.56,1.84,1.22,0.2,Severe,92
2024-06-08,00:00,Tamil Nadu,Southwest Monsoon,48 hours,Normal,6.6,7.7,18.6,10.3,11.6,23.0,22.8,54.2,5.31,5.37,1.97,5.0,Low,12
2024-10-20,06:00,Andhra Pradesh,Northeast Monsoon,48 hours,Normal,12.5,3.8,1.7,16.3,10.1,31.6,15.1,53.3,3.1,7.02,1.63,2.4,Low,12
2024-09-01,06:00,Odisha,Southwest Monsoon,72 hours,High Wind,25.2,28.0,28.3,29.7,28.9,19.9,33.5,46.6,5.74,3.21,2.17,3.7,High,80
2024-10-11,12:00,Tamil Nadu,Northeast Monsoon,12 hours,Heavy Rain,93.8,97.0,92.6,96.7,95.0,16.1,43.4,40.5,5.72,1.8,1.97,1.2,Moderate,65
2024-10-12,06:00,Andhra Pradesh,Northeast Monsoon,24 hours,Heavy Rain,160.4,152.4,160.9,161.3,160.6,5.9,42.8,51.3,13.92,1.48,1.15,0.2,High,80
2024-04-20,12:00,Andhra Pradesh,Summer,72 hours,Heavy Rain,104.1,106.9,101.3,108.7,106.1,10.1,33.0,56.9,12.68,3.52,1.83,2.0,Moderate,65
2024-07-28,00:00,Maharashtra,Southwest Monsoon,48 hours,Heat Wave,0.0,0.0,7.7,3.4,3.4,38.0,30.7,31.3,1.43,1.89,1.84,3.4,Severe,92
2024-08-12,06:00,Andhra Pradesh,Southwest Monsoon,72 hours,Heavy Rain,80.4,77.1,82.0,80.2,80.5,10.9,34.7,54.4,9.58,2.66,1.52,0.1,Moderate,65
2024-05-13,12:00,Odisha,Summer,48 hours,Normal,0.5,0.0,0.0,1.7,0.7,25.2,35.0,39.8,3.0,2.02,1.71,0.2,Low,12
2024-02-20,00:00,Karnataka,Winter,24 hours,Normal,2.5,4.4,2.7,4.4,3.5,23.2,55.1,21.7,1.73,0.44,1.89,1.0,Low,12
2024-08-12,06:00,Maharashtra,Southwest Monsoon,48 hours,Heavy Rain,80.5,70.1,78.0,81.6,79.8,8.9,22.3,68.8,11.09,4.14,1.0,0.7,Moderate,65
2024-06-11,18:00,Telangana,Southwest Monsoon,24 hours,Heavy Rain,130.3,7.199999999999999,127.8,129.0,122.8,4.7,36.3,59.0,25.57,2.88,1.58,7.5,High,80
2024-04-13,00:00,Odisha,Summer,48 hours,Storm/Cyclone,142.1,131.5,136.6,139.6,138.0,9.0,28.5,62.5,14.51,4.26,1.67,4.1,Severe,98
2024-04-27,18:00,Maharashtra,Summer,12 hours,Normal,0.0,6.9,1.0,0.6,2.4,25.7,33.4,40.9,2.67,1.94,1.49,2.4,Low,12
2024-05-02,12:00,Andhra Pradesh,Summer,48 hours,Heavy Rain,102.0,80.9,100.3,102.8,99.8,10.1,33.0,56.9,12.68,3.52,1.83,2.2,Moderate,65
2024-01-04,18:00,Rajasthan,Winter,12 hours,Normal,0.3,0.0,0.0,1.9,0.9,24.6,29.0,46.4,3.36,2.77,1.54,0.6,Low,12
2024-01-25,06:00,Tamil Nadu,Winter,48 hours,High Wind,7.2,17.3,12.6,2.9,9.8,26.7,31.8,41.5,3.43,2.8,2.02,2.6,High,80
2024-02-15,06:00,Kerala,Winter,72 hours,Normal,0.0,2.7,0.0,0.0,0.5,16.7,30.1,53.2,4.37,2.2,1.03,0.5,Low,12
2024-04-15,06:00,Rajasthan,Summer,6 hours,Heat Wave,0.0,0.0,0.0,0.0,0.0,22.6,43.4,34.0,2.55,1.09,1.53,0.0,Moderate,55
2024-03-31,06:00,Telangana,Summer,12 hours,Normal,3.2,0.0,0.8,3.1,1.5,18.0,47.1,34.9,3.62,1.07,1.62,1.7,Moderate,55
2024-06-20,00:00,Rajasthan,Southwest Monsoon,48 hours,Normal,4.7,4.9,2.1,4.3,4.0,19.4,20.2,60.4,4.8,4.58,1.2,0.7,Low,12
2024-08-22,12:00,Maharashtra,Southwest Monsoon,12 hours,High Wind,28.8,21.3,28.2,27.7,26.5,21.0,21.8,57.2,4.3,4.13,1.26,2.3,Moderate,60
2024-11-06,12:00,Andhra Pradesh,Northeast Monsoon,24 hours,High Wind,34.4,34.9,31.4,36.3,34.6,24.7,27.3,48.0,3.47,3.08,1.54,0.2,Moderate,60
2024-05-29,06:00,Rajasthan,Summer,12 hours,Normal,0.0,9.1,0.0,0.8,1.8,15.9,37.2,46.9,3.38,1.16,0.82,1.8,Low,12
2024-07-04,18:00,Andhra Pradesh,Southwest Monsoon,24 hours,Heavy Rain,140.4,148.3,140.0,138.4,139.8,8.6,36.8,54.6,12.64,2.56,1.56,0.6,High,80
2024-07-25,00:00,Andhra Pradesh,Southwest Monsoon,72 hours,Heavy Rain,82.7,75.3,82.0,81.5,81.0,10.9,34.7,54.4,9.58,2.66,1.52,1.7,Moderate,65
2024-12-06,00:00,Andhra Pradesh,Northeast Monsoon,72 hours,Normal,21.5,17.7,31.0,22.7,23.9,27.3,31.2,41.5,3.01,2.57,1.81,2.4,Low,18
2024-01-13,18:00,Telangana,Winter,48 hours,High Wind,19.0,26.8,12.5,17.7,17.8,18.1,30.0,51.9,4.87,2.73,1.37,1.2,Moderate,60
2024-04-27,12:00,Rajasthan,Summer,12 hours,Heat Wave,0.0,0.0,0.4,2.8,0.8,11.8,70.8,17.4,2.98,0.08,1.86,0.8,Severe,92
2024-11-30,18:00,Tamil Nadu,Northeast Monsoon,6 hours,Normal,13.4,15.6,12.3,13.1,13.3,12.7,15.4,71.9,4.7,3.8,0.42,0.1,Low,12
2024-03-23,18:00,Rajasthan,Summer,12 hours,Heat Wave,0.0,5.3,0.0,0.6,0.7,11.8,70.8,17.4,2.98,0.08,1.86,0.7,Moderate,55
2024-02-07,18:00,Rajasthan,Winter,72 hours,Heavy Rain,121.2,126.0,113.4,121.3,119.1,11.1,34.5,54.4,10.22,2.94,1.68,2.1,High,80
2024-08-14,12:00,Maharashtra,Southwest Monsoon,24 hours,Heat Wave,0.0,0.0,1.1,0.3,0.4,38.0,30.7,31.3,1.43,1.89,1.84,0.4,Severe,92
2024-04-24,00:00,Tamil Nadu,Summer,6 hours,Normal,0.6,6.4,2.2,2.3,3.5,30.6,30.1,39.3,2.54,2.6,1.87,2.9,Low,12
2024-03-21,06:00,Rajasthan,Summer,6 hours,Heat Wave,0.0,0.4,0.0,1.4,0.6,22.6,43.4,34.0,2.55,1.09,1.53,0.6,Severe,92
2024-07-18,06:00,Andhra Pradesh,Southwest Monsoon,6 hours,Normal,6.7,5.0,0.4,7.0,4.9,24.0,24.3,51.7,2.94,2.9,1.1,1.8,Low,12
2024-07-16,18:00,Telangana,Southwest Monsoon,6 hours,Normal,6.3,2.0,7.4,5.3,5.1,20.1,23.2,56.7,4.05,3.44,1.11,1.2,Low,12
2024-04-02,12:00,Karnataka,Summer,72 hours,Normal,0.6,0.8,0.0,5.5,2.4,39.8,22.8,37.4,2.04,3.92,2.2,1.8,Low,12
2024-09-07,18:00,Maharashtra,Southwest Monsoon,24 hours,Normal,10.7,14.8,14.6,9.6,12.4,22.7,32.5,44.8,3.34,2.18,1.44,1.7,Low,12
2024-12-30,00:00,Andhra Pradesh,Northeast Monsoon,72 hours,High Wind,25.5,20.0,18.6,25.1,22.1,24.7,27.3,48.0,3.47,3.08,1.54,3.4,Moderate,60
2024-10-11,00:00,Tamil Nadu,Northeast Monsoon,72 hours,Heavy Rain,100.6,118.1,103.1,100.0,103.2,14.9,17.5,67.6,6.3,5.31,1.0,2.6,Moderate,65
2024-11-19,06:00,Karnataka,Post-Monsoon,48 hours,Heavy Rain,97.6,77.8,109.1,101.6,100.4,12.5,24.1,63.4,15.1,7.62,2.58,2.8,Moderate,65
2024-06-12,18:00,Andhra Pradesh,Southwest Monsoon,12 hours,Heavy Rain,84.7,99.0,86.8,81.9,85.2,10.1,33.0,56.9,12.68,3.52,1.83,0.5,Moderate,65
2024-08-24,00:00,Kerala,Southwest Monsoon,48 hours,High Wind,26.1,31.9,29.7,25.2,27.6,19.5,23.9,56.6,4.86,3.87,1.35,1.5,Low,21
2024-02-21,18:00,Maharashtra,Winter,48 hours,Heat Wave,0.0,5.7,0.0,4.7,3.6,38.0,30.7,31.3,1.43,1.89,1.84,3.6,Low,12
2024-04-05,12:00,Odisha,Summer,72 hours,Normal,0.7,0.0,9.6,6.8,6.1,25.2,35.0,39.8,3.0,2.02,1.71,5.4,Low,12
2024-09-27,00:00,Andhra Pradesh,Southwest Monsoon,72 hours,Storm/Cyclone,107.3,127.2,124.4,108.8,114.6,10.9,24.6,64.5,10.94,4.55,1.43,7.3,Severe,98
2024-09-08,12:00,Maharashtra,Southwest Monsoon,72 hours,Heavy Rain,124.3,107.0,103.6,128.9,119.1,15.1,25.8,59.1,14.52,8.28,3.34,5.2,High,80
2024-09-15,06:00,Andhra Pradesh,Southwest Monsoon,12 hours,Heavy Rain,121.4,119.0,120.7,122.8,121.7,10.1,33.0,56.9,12.68,3.52,1.83,0.3,High,80
2024-10-17,18:00,Tamil Nadu,Northeast Monsoon,72 hours,Storm/Cyclone,180.2,187.6,169.1,180.8,178.9,9.7,22.0,68.3,13.44,5.63,1.48,1.3,Severe,98
2024-07-28,06:00,Maharashtra,Southwest Monsoon,48 hours,Normal,10.7,13.9,9.9,8.8,10.5,25.7,33.4,40.9,2.67,1.94,1.49,0.2,Low,12
2024-03-16,06:00,Tamil Nadu,Summer,6 hours,Storm/Cyclone,176.3,176.5,173.5,176.4,175.8,9.7,22.0,68.3,13.44,5.63,1.48,0.5,Severe,98
2024-10-05,18:00,Kerala,Post-Monsoon,72 hours,Normal,0.3,9.4,0.0,2.5,3.5,23.5,23.7,52.8,4.47,4.43,1.72,3.2,Low,12
2024-05-30,06:00,Tamil Nadu,Summer,12 hours,Normal,1.0,0.7,4.8,2.2,2.6,25.0,29.5,45.5,3.44,2.84,1.66,1.6,Low,12
2024-08-04,00:00,Andhra Pradesh,Southwest Monsoon,6 hours,Normal,4.6,6.2,9.2,5.5,6.6,24.0,24.3,51.7,2.94,2.9,1.1,2.0,Low,12
2024-11-20,00:00,Kerala,Post-Monsoon,6 hours,Heavy Rain,98.2,95.5,100.3,100.7,100.1,9.0,31.2,59.8,14.13,3.71,1.7,1.9,Moderate,65
2024-03-27,06:00,Karnataka,Summer,12 hours,Heavy Rain,88.9,97.8,91.6,87.1,89.5,9.9,29.7,60.4,13.22,4.05,1.74,0.6,Moderate,65
2024-06-09,06:00,Andhra Pradesh,Southwest Monsoon,24 hours,Normal,12.2,15.5,15.4,11.5,13.8,16.3,41.1,42.6,4.45,1.46,1.39,1.6,Low,12
2024-12-17,06:00,Maharashtra,Post-Monsoon,12 hours,Heat Wave,0.0,0.2,0.0,3.2,1.1,38.0,30.7,31.3,1.43,1.89,1.84,1.1,Severe,92
2024-01-06,06:00,Kerala,Winter,48 hours,Normal,0.3,3.4,0.0,2.6,2.4,41.1,19.8,39.1,2.38,5.46,2.52,2.1,Low,12
2024-01-25,12:00,Tamil Nadu,Winter,6 hours,Heavy Rain,127.8,108.3,126.3,125.1,123.4,12.4,31.5,56.1,9.15,3.31,1.64,4.4,High,80
2024-08-27,06:00,Maharashtra,Southwest Monsoon,72 hours,Heavy Rain,78.5,71.0,72.2,76.3,74.4,15.1,25.8,59.1,14.52,8.28,3.34,4.1,Moderate,65
2024-05-23,00:00,Kerala,Summer,24 hours,Heavy Rain,75.0,64.1,78.1,76.9,76.1,9.0,31.2,59.8,14.13,3.71,1.7,1.1,Moderate,65
2024-10-18,12:00,Rajasthan,Post-Monsoon,48 hours,High Wind,15.9,8.8,20.7,20.1,17.8,21.4,27.1,51.5,5.7,4.38,2.07,1.9,Moderate,60
2024-09-06,12:00,Rajasthan,Southwest Monsoon,24 hours,Normal,6.7,11.3,7.1,7.3,7.8,13.8,27.2,59.0,5.22,2.41,0.84,1.1,Low,12
2024-10-14,12:00,Tamil Nadu,Northeast Monsoon,12 hours,Heavy Rain,161.5,152.6,158.1,162.0,158.8,16.1,43.4,40.5,5.72,1.8,1.97,2.7,High,80
2024-07-07,12:00,Karnataka,Southwest Monsoon,24 hours,Normal,12.8,18.6,17.9,13.7,16.6,29.4,33.8,36.8,2.25,1.89,1.69,3.8,Low,12
2024-03-09,18:00,Telangana,Summer,6 hours,Heat Wave,0.0,6.2,2.6,1.5,3.3,32.5,28.6,38.9,1.56,1.84,1.22,3.3,Severe,92
2024-09-03,00:00,Odisha,Southwest Monsoon,48 hours,Heavy Rain,116.5,140.2,114.4,121.0,119.8,10.9,50.1,39.0,9.84,1.76,2.4,3.3,High,80
2024-11-17,06:00,Odisha,Post-Monsoon,24 hours,Normal,0.0,0.0,1.4,0.1,0.5,24.6,35.7,39.7,1.76,1.06,0.9,0.5,Low,12
2024-06-03,06:00,Andhra Pradesh,Southwest Monsoon,72 hours,Storm/Cyclone,153.2,153.4,165.1,151.8,155.2,10.9,24.6,64.5,10.94,4.55,1.43,2.0,Severe,98
2024-08-08,18:00,Andhra Pradesh,Southwest Monsoon,24 hours,Heavy Rain,112.4,114.3,113.8,112.9,113.4,8.6,36.8,54.6,12.64,2.56,1.56,1.0,Moderate,65
2024-11-16,18:00,Karnataka,Post-Monsoon,24 hours,Normal,0.0,0.0,0.6,1.1,0.6,29.8,44.3,25.9,1.7,0.98,2.03,0.6,Low,12
2024-03-23,06:00,Telangana,Summer,12 hours,Normal,0.0,7.7,0.0,0.0,1.4,18.0,47.1,34.9,3.62,1.07,1.62,1.4,Low,12
2024-11-25,18:00,Odisha,Post-Monsoon,72 hours,Normal,0.0,0.0,0.1,0.7,0.3,30.2,35.9,33.9,2.23,1.8,1.93,0.3,Low,12
2024-05-31,12:00,Telangana,Summer,24 hours,Heat Wave,0.0,7.1,0.0,1.2,2.5,29.5,34.4,36.1,2.23,1.84,1.73,2.5,Severe,92
2024-12-04,00:00,Karnataka,Post-Monsoon,12 hours,Normal,0.0,0.0,0.0,0.8,0.3,19.3,48.1,32.6,2.6,0.74,1.33,0.3,Low,12
2024-07-29,00:00,Rajasthan,Southwest Monsoon,48 hours,Normal,10.3,14.9,26.0,8.7,13.4,19.4,20.2,60.4,4.8,4.58,1.2,3.1,Low,12
2024-02-15,06:00,Telangana,Winter,72 hours,Normal,1.5,5.5,8.4,3.3,5.4,54.4,16.8,28.8,0.93,4.13,2.2,3.9,Low,12
2024-07-16,06:00,Odisha,Southwest Monsoon,48 hours,Normal,17.2,10.4,20.2,15.3,15.4,26.0,27.9,46.1,4.45,4.12,2.29,1.8,Low,12
2024-07-17,12:00,Rajasthan,Southwest Monsoon,72 hours,Normal,5.7,9.0,1.8,11.8,8.8,31.2,20.8,48.0,3.9,6.09,2.36,3.1,Low,12
2024-02-23,18:00,Andhra Pradesh,Winter,12 hours,Normal,0.0,0.0,2.2,1.1,1.4,27.3,51.5,21.2,1.58,0.6,2.18,1.4,Low,12
2024-02-09,00:00,Telangana,Winter,12 hours,Normal,0.0,0.0,1.4,1.0,0.9,28.5,40.8,30.7,1.56,0.94,1.41,0.9,Low,12
2024-01-11,18:00,Rajasthan,Winter,6 hours,Normal,0.0,4.2,3.2,1.3,2.5,14.1,42.2,43.7,4.78,1.26,1.2,2.5,Low,12
2024-10-08,00:00,Andhra Pradesh,Northeast Monsoon,24 hours,Heavy Rain,95.8,72.3,94.7,97.7,94.9,5.9,42.8,51.3,13.92,1.48,1.15,0.9,Moderate,65
2024-06-08,06:00,Rajasthan,Southwest Monsoon,72 hours,High Wind,25.9,8.3,36.0,28.2,26.1,21.4,27.1,51.5,5.7,4.38,2.07,0.2,Moderate,60
2024-10-25,12:00,Rajasthan,Post-Monsoon,48 hours,Normal,0.0,0.0,5.3,0.2,0.7,41.7,12.4,45.9,1.67,6.77,1.47,0.7,Low,12
2024-08-06,00:00,Odisha,Southwest Monsoon,12 hours,Normal,8.8,5.1,10.9,8.4,8.4,25.2,35.0,39.8,3.0,2.02,1.71,0.4,Low,12
2024-01-20,12:00,Karnataka,Winter,6 hours,Normal,0.0,0.0,0.9,1.3,0.7,35.2,35.8,29.0,1.26,1.23,1.64,0.7,Low,12
2024-05-19,18:00,Kerala,Summer,12 hours,Normal,2.0,0.0,8.6,3.7,3.2,41.5,20.2,38.3,0.76,2.1,0.87,1.2,Low,12
2024-06-05,00:00,Rajasthan,Southwest Monsoon,12 hours,Normal,5.8,2.9,3.7,4.0,3.6,24.6,29.0,46.4,3.36,2.77,1.54,2.2,Low,12
2024-12-12,18:00,Maharashtra,Post-Monsoon,6 hours,Normal,4.6,4.0,0.0,5.3,3.3,23.4,32.4,44.2,1.95,1.27,0.8,1.3,Low,12
2024-01-05,06:00,Kerala,Winter,72 hours,Normal,0.0,0.0,0.0,0.8,0.4,16.7,30.1,53.2,4.37,2.2,1.03,0.4,Low,12
2024-01-27,12:00,Andhra Pradesh,Winter,12 hours,Normal,0.0,7.1,0.0,0.9,2.1,27.3,51.5,21.2,1.58,0.6,2.18,2.1,Low,12
2024-11-28,06:00,Tamil Nadu,Northeast Monsoon,6 hours,Heavy Rain,116.9,116.7,117.3,115.1,116.0,12.4,31.5,56.1,9.15,3.31,1.64,0.9,High,80
2024-08-25,00:00,Odisha,Southwest Monsoon,48 hours,Storm/Cyclone,163.9,149.6,162.8,163.5,162.0,9.0,28.5,62.5,14.51,4.26,1.67,1.9,Severe,98
2024-05-28,18:00,Rajasthan,Summer,6 hours,Normal,0.0,0.0,0.0,3.6,1.3,30.3,34.0,35.7,1.95,1.68,1.58,1.3,Moderate,55
2024-12-16,18:00,Kerala,Post-Monsoon,48 hours,Heavy Rain,123.9,82.3,111.1,122.9,115.6,9.0,31.2,59.8,14.13,3.71,1.7,8.3,High,80
2024-05-16,12:00,Andhra Pradesh,Summer,72 hours,Normal,2.2,0.0,0.0,1.8,0.7,27.3,31.2,41.5,3.01,2.57,1.81,1.5,Low,12
2024-03-02,12:00,Rajasthan,Summer,48 hours,Normal,1.0,0.0,0.0,0.6,0.3,24.6,29.0,46.4,3.36,2.77,1.54,0.7,Severe,92
2024-09-17,12:00,Telangana,Southwest Monsoon,72 hours,High Wind,22.2,23.3,28.9,20.4,23.5,18.1,30.0,51.9,4.87,2.73,1.37,1.3,Moderate,60
2024-02-19,12:00,Tamil Nadu,Winter,48 hours,Normal,1.6,2.1,6.3,3.2,3.6,36.5,26.3,37.2,2.63,3.85,2.57,2.0,Low,12
2024-03-15,06:00,Maharashtra,Summer,48 hours,Normal,0.0,6.1,1.0,1.3,1.8,13.4,51.6,35.0,6.3,1.26,2.1,1.8,Low,12
2024-04-09,18:00,Karnataka,Summer,6 hours,Normal,0.6,3.1,0.0,0.5,1.0,25.8,35.8,38.4,1.76,1.13,1.02,0.4,Low,12
2024-11-12,00:00,Odisha,Post-Monsoon,72 hours,Normal,1.1,0.0,0.0,2.9,1.0,30.2,35.9,33.9,2.23,1.8,1.93,0.1,Low,12
2024-04-07,06:00,Tamil Nadu,Summer,24 hours,High Wind,5.2,7.4,5.8,7.3,6.8,26.7,31.8,41.5,3.43,2.8,2.02,1.6,Moderate,60
2024-04-04,12:00,Telangana,Summer,24 hours,Normal,0.0,10.8,1.6,1.3,4.3,30.6,30.0,39.4,2.32,2.38,1.69,4.3,Severe,92
2024-08-09,18:00,Tamil Nadu,Southwest Monsoon,6 hours,Heavy Rain,115.6,115.8,113.0,115.5,114.6,10.8,37.1,52.1,7.25,1.76,1.11,1.0,Moderate,65
2024-01-07,12:00,Andhra Pradesh,Winter,12 hours,High Wind,4.4,10.3,3.4,3.2,5.0,24.7,27.3,48.0,3.47,3.08,1.54,0.6,Moderate,60
2024-03-05,18:00,Tamil Nadu,Summer,72 hours,Normal,0.0,0.0,1.5,2.2,1.4,25.0,29.5,45.5,3.44,2.84,1.66,1.4,Low,12
2024-11-23,12:00,Rajasthan,Post-Monsoon,24 hours,Normal,0.0,5.2,4.0,0.6,2.6,16.6,37.1,46.3,3.78,1.42,1.04,2.6,Low,12
2024-03-04,18:00,Maharashtra,Summer,6 hours,Normal,3.1,9.9,2.0,3.0,4.1,20.3,28.3,51.4,2.49,1.64,0.68,1.0,Low,12
2024-09-17,00:00,Odisha,Southwest Monsoon,48 hours,Normal,4.2,1.4,2.7,7.2,4.4,26.0,27.9,46.1,4.45,4.12,2.29,0.2,Low,12
2024-03-28,12:00,Rajasthan,Summer,72 hours,Heat Wave,0.0,0.0,3.1,0.1,1.4,22.6,43.4,34.0,2.55,1.09,1.53,1.4,Severe,92
2024-08-01,18:00,Telangana,Southwest Monsoon,48 hours,Normal,6.3,9.6,7.6,8.7,8.5,20.2,35.0,44.8,5.5,2.96,2.2,2.2,Low,12
2024-05-16,12:00,Tamil Nadu,Summer,48 hours,Normal,0.0,3.1,0.2,2.0,1.2,21.1,58.0,20.9,1.39,0.19,1.41,1.2,Low,12
2024-12-30,06:00,Kerala,Post-Monsoon,6 hours,High Wind,16.5,14.4,17.3,17.4,16.8,19.5,23.9,56.6,4.86,3.87,1.35,0.3,High,80
2024-07-26,00:00,Rajasthan,Southwest Monsoon,24 hours,Normal,4.0,9.4,10.1,5.7,7.4,13.8,27.2,59.0,5.22,2.41,0.84,3.4,Low,12
2024-07-29,00:00,Odisha,Southwest Monsoon,6 hours,Normal,5.3,2.6,1.5,4.7,3.6,11.6,26.6,61.8,7.01,2.78,0.91,1.7,Low,12
2024-05-08,06:00,Tamil Nadu,Summer,48 hours,Normal,0.2,0.0,0.0,2.0,0.4,21.1,58.0,20.9,1.39,0.19,1.41,0.2,Low,12
2024-09-30,00:00,Odisha,Southwest Monsoon,48 hours,Normal,5.5,0.0,0.0,5.1,2.4,26.0,27.9,46.1,4.45,4.12,2.29,3.1,Low,12
2024-05-02,18:00,Odisha,Summer,12 hours,Heavy Rain,68.0,46.6,67.6,65.9,64.4,11.2,36.4,52.4,10.29,2.83,1.81,3.6,Low,49
2024-09-15,00:00,Odisha,Southwest Monsoon,72 hours,Heavy Rain,133.9,122.4,127.0,130.8,128.5,13.2,30.7,56.1,11.45,4.64,2.31,5.4,High,80
2024-10-28,06:00,Maharashtra,Post-Monsoon,12 hours,Normal,5.3,0.0,0.8,5.1,2.4,25.7,33.4,40.9,2.67,1.94,1.49,2.9,Low,12
2024-09-20,18:00,Kerala,Southwest Monsoon,48 hours,High Wind,28.7,27.3,24.0,27.5,26.6,19.5,23.9,56.6,4.86,3.87,1.35,2.1,Moderate,60
2024-02-27,06:00,Maharashtra,Winter,12 hours,Heavy Rain,116.4,96.5,121.8,114.1,114.4,8.8,23.8,67.4,10.72,3.65,0.97,2.0,Moderate,65
2024-04-19,06:00,Rajasthan,Summer,72 hours,Normal,0.0,12.1,9.3,3.6,8.0,26.5,37.2,36.3,3.64,2.44,2.52,8.0,Moderate,55
2024-12-11,00:00,Telangana,Post-Monsoon,24 hours,Normal,0.0,3.2,0.0,1.2,1.3,29.3,43.5,27.2,1.85,1.08,2.03,1.3,Low,12
2024-05-16,00:00,Tamil Nadu,Summer,48 hours,Normal,0.6,0.0,0.0,0.7,0.1,21.1,58.0,20.9,1.39,0.19,1.41,0.5,Low,12
2024-03-29,18:00,Andhra Pradesh,Summer,48 hours,Heavy Rain,62.8,81.1,50.7,67.3,63.2,10.1,33.0,56.9,12.68,3.52,1.83,0.4,Low,48
2024-03-12,00:00,Tamil Nadu,Summer,72 hours,High Wind,12.5,14.1,9.8,13.2,12.4,26.7,31.8,41.5,3.43,2.8,2.02,0.1,High,80
2024-01-22,00:00,Kerala,Winter,12 hours,Normal,2.3,5.6,0.0,2.0,2.2,23.9,33.4,42.7,2.35,1.54,1.1,0.1,Low,12
2024-04-16,12:00,Rajasthan,Summer,6 hours,Heat Wave,0.0,0.0,0.1,1.4,0.5,22.6,43.4,34.0,2.55,1.09,1.53,0.5,High,78
2024-04-15,06:00,Kerala,Summer,24 hours,Normal,0.3,7.1,0.0,2.7,2.9,29.5,41.0,29.5,1.87,1.21,1.87,2.6,Low,12
2024-03-09,12:00,Odisha,Summer,6 hours,Heavy Rain,102.9,107.6,102.7,101.9,102.8,11.2,36.4,52.4,10.29,2.83,1.81,0.1,Moderate,65
2024-02-22,18:00,Rajasthan,Winter,12 hours,Normal,0.0,0.0,4.4,1.6,2.0,24.6,29.0,46.4,3.36,2.77,1.54,2.0,Low,12
2024-04-02,12:00,Kerala,Summer,72 hours,Normal,0.5,7.8,0.0,1.6,2.3,21.1,36.8,42.1,4.18,2.18,1.84,1.8,Low,12
2024-08-17,00:00,Karnataka,Southwest Monsoon,12 hours,Heavy Rain,107.1,111.4,106.1,107.6,107.3,7.7,40.3,52.0,11.26,1.73,1.23,0.2,Moderate,65
2024-07-30,06:00,Karnataka,Southwest Monsoon,6 hours,Heavy Rain,101.8,97.4,98.9,103.7,101.4,10.4,35.1,54.5,9.54,2.47,1.41,0.4,Moderate,65
2024-03-12,06:00,Maharashtra,Summer,24 hours,High Wind,16.7,22.5,16.6,18.2,18.8,21.0,21.8,57.2,4.3,4.13,1.26,2.1,Moderate,60
2024-09-10,12:00,Tamil Nadu,Southwest Monsoon,24 hours,Heavy Rain,79.9,77.1,79.7,77.3,78.2,12.3,36.9,50.8,8.24,2.41,1.61,1.7,Moderate,65
2024-11-10,18:00,Karnataka,Post-Monsoon,12 hours,Normal,0.0,0.0,0.0,1.7,0.6,19.3,48.1,32.6,2.6,0.74,1.33,0.6,Low,12
2024-08-22,12:00,Rajasthan,Southwest Monsoon,12 hours,Heavy Rain,138.5,139.5,140.5,136.7,138.4,14.3,33.7,52.0,7.58,2.92,1.72,0.1,High,80
2024-07-25,00:00,Karnataka,Southwest Monsoon,48 hours,Heavy Rain,100.7,83.3,110.1,101.7,101.8,8.3,19.8,71.9,11.59,4.56,0.89,1.1,Moderate,65
2024-08-21,00:00,Karnataka,Southwest Monsoon,72 hours,Heavy Rain,81.6,58.4,80.0,79.0,77.9,7.0,32.1,60.9,22.61,4.52,2.15,3.7,Moderate,65
2024-11-03,06:00,Tamil Nadu,Northeast Monsoon,12 hours,Heavy Rain,105.7,104.2,105.7,101.7,103.8,16.1,43.4,40.5,5.72,1.8,1.97,1.9,Moderate,65
2024-03-29,12:00,Tamil Nadu,Summer,48 hours,Heavy Rain,79.0,85.6,82.4,78.6,80.6,14.6,25.7,59.7,10.92,5.98,2.28,1.6,Moderate,65
2024-02-10,00:00,Maharashtra,Winter,12 hours,Normal,0.8,7.6,0.0,1.1,2.5,28.6,39.1,32.3,1.97,1.31,1.69,1.7,Low,12
2024-01-26,12:00,Odisha,Winter,24 hours,Normal,0.2,0.0,0.0,1.1,0.4,32.6,30.0,37.4,1.48,1.65,1.23,0.2,Low,12
2024-10-26,12:00,Telangana,Post-Monsoon,72 hours,Heat Wave,0.0,0.0,1.7,1.1,1.0,29.5,34.4,36.1,2.23,1.84,1.73,1.0,High,78
2024-04-09,00:00,Maharashtra,Summer,72 hours,Heavy Rain,50.6,32.3,47.8,47.5,46.1,10.0,27.1,62.9,12.42,4.26,1.55,4.5,Low,35
2024-08-03,18:00,Telangana,Southwest Monsoon,6 hours,Heavy Rain,141.3,138.8,142.7,140.8,141.4,4.7,36.3,59.0,25.57,2.88,1.58,0.1,High,80
2024-12-02,00:00,Maharashtra,Post-Monsoon,12 hours,High Wind,12.9,8.3,13.9,12.9,12.2,21.0,21.8,57.2,4.3,4.13,1.26,0.7,High,80
2024-06-23,12:00,Tamil Nadu,Southwest Monsoon,24 hours,Storm/Cyclone,140.6,159.6,138.6,143.7,144.1,9.7,22.0,68.3,13.44,5.63,1.48,3.5,Severe,98
2024-10-15,06:00,Karnataka,Post-Monsoon,12 hours,Normal,0.0,0.0,4.6,0.2,2.3,19.3,48.1,32.6,2.6,0.74,1.33,2.3,Low,12
2024-12-25,00:00,Maharashtra,Post-Monsoon,48 hours,High Wind,5.2,0.0,10.0,4.3,4.6,21.0,21.8,57.2,4.3,4.13,1.26,0.6,High,80
2024-03-30,12:00,Rajasthan,Summer,72 hours,Normal,0.0,0.0,0.7,2.7,1.2,26.5,37.2,36.3,3.64,2.44,2.52,1.2,High,78
2024-02-27,18:00,Odisha,Winter,12 hours,Normal,0.0,11.5,0.0,2.4,3.9,25.2,35.0,39.8,3.0,2.02,1.71,3.9,Low,12
2024-04-17,18:00,Tamil Nadu,Summer,24 hours,High Wind,16.4,16.3,17.2,18.8,17.6,26.7,31.8,41.5,3.43,2.8,2.02,1.2,Moderate,60
2024-02-11,06:00,Maharashtra,Winter,12 hours,Normal,1.8,0.0,3.9,4.1,2.8,28.6,39.1,32.3,1.97,1.31,1.69,1.0,Low,12
2024-05-19,00:00,Kerala,Summer,6 hours,Heavy Rain,123.0,111.9,118.5,124.0,121.2,9.0,31.2,59.8,14.13,3.71,1.7,1.8,High,80
2024-12-11,06:00,Maharashtra,Post-Monsoon,24 hours,Normal,0.4,3.5,0.0,1.2,1.4,25.5,33.7,40.8,2.0,1.39,1.06,1.0,Low,12
2024-05-25,18:00,Andhra Pradesh,Summer,24 hours,Normal,0.8,0.0,1.9,1.3,1.2,24.8,42.9,32.3,2.61,1.3,1.89,0.4,Low,12
2024-04-29,06:00,Kerala,Summer,24 hours,Normal,0.1,0.0,1.5,1.3,1.0,29.5,41.0,29.5,1.87,1.21,1.87,0.9,Low,12
2024-03-21,12:00,Andhra Pradesh,Summer,12 hours,Normal,0.0,0.0,1.6,1.5,1.1,29.2,34.7,36.1,1.92,1.54,1.46,1.1,Low,12
2024-02-11,06:00,Andhra Pradesh,Winter,24 hours,Normal,0.2,0.0,5.4,3.7,3.2,30.1,37.3,32.6,2.67,2.06,2.43,3.0,Low,12
2024-12-02,18:00,Telangana,Post-Monsoon,6 hours,Normal,0.0,0.0,2.8,2.1,1.5,43.3,40.1,16.6,0.48,0.56,2.06,1.5,Low,12
2024-10-10,06:00,Karnataka,Post-Monsoon,48 hours,Normal,0.0,3.9,1.5,0.3,1.8,29.4,33.8,36.8,2.25,1.89,1.69,1.8,Low,12
2024-11-09,06:00,Tamil Nadu,Northeast Monsoon,6 hours,Normal,17.2,19.6,21.9,17.1,18.2,12.7,15.4,71.9,4.7,3.8,0.42,1.0,Low,14
2024-08-26,12:00,Tamil Nadu,Southwest Monsoon,48 hours,Heat Wave,0.0,2.8,4.9,0.0,2.2,29.6,28.2,42.2,2.73,2.89,1.76,2.2,High,78
2024-05-26,06:00,Odisha,Summer,6 hours,Normal,0.2,1.6,0.8,3.2,1.8,32.8,37.5,29.7,1.62,1.36,1.84,1.6,Low,12
2024-01-17,00:00,Telangana,Winter,12 hours,Normal,0.1,0.0,0.0,1.3,0.4,28.5,40.8,30.7,1.56,0.94,1.41,0.3,Low,12
2024-04-10,06:00,Maharashtra,Summer,24 hours,Normal,1.2,2.5,0.0,2.5,1.7,25.7,33.4,40.9,2.67,1.94,1.49,0.5,Low,12
2024-03-14,00:00,Kerala,Summer,12 hours,Normal,0.1,0.0,3.0,1.8,1.3,41.5,20.2,38.3,0.76,2.1,0.87,1.2,Low,12
2024-11-14,06:00,Rajasthan,Post-Monsoon,6 hours,Normal,0.0,5.4,0.8,1.1,2.1,24.6,29.0,46.4,3.36,2.77,1.54,2.1,Low,12
2024-07-15,18:00,Rajasthan,Southwest Monsoon,12 hours,Heavy Rain,85.0,73.5,89.0,86.9,85.7,14.3,33.7,52.0,7.58,2.92,1.72,0.7,Moderate,65
2024-02-26,00:00,Tamil Nadu,Winter,72 hours,Normal,0.0,0.0,26.9,1.8,5.3,42.4,16.8,40.8,2.12,6.1,2.22,5.3,Low,12
2024-07-08,12:00,Andhra Pradesh,Southwest Monsoon,72 hours,Storm/Cyclone,126.6,115.3,115.4,125.5,121.9,10.9,24.6,64.5,10.94,4.55,1.43,4.7,Severe,98
2024-08-10,06:00,Kerala,Southwest Monsoon,48 hours,Heavy Rain,107.6,42.1,110.2,110.1,103.9,9.2,39.9,50.9,17.49,3.64,2.74,3.7,Moderate,65
2024-12-28,12:00,Rajasthan,Post-Monsoon,72 hours,Normal,0.0,9.4,0.0,2.2,3.6,26.0,19.8,54.2,4.23,5.73,1.77,3.6,Low,12
2024-01-15,06:00,Andhra Pradesh,Winter,6 hours,Normal,0.6,0.0,3.1,0.9,1.3,27.3,31.2,41.5,3.01,2.57,1.81,0.7,Low,12
2024-05-13,12:00,Andhra Pradesh,Summer,12 hours,Heavy Rain,71.1,48.9,69.5,70.6,68.0,10.1,33.0,56.9,12.68,3.52,1.83,3.1,Moderate,65
2024-01-28,18:00,Maharashtra,Winter,12 hours,Heat Wave,0.0,0.0,0.0,0.4,0.1,38.0,30.7,31.3,1.43,1.89,1.84,0.1,Severe,92
2024-11-07,06:00,Andhra Pradesh,Northeast Monsoon,24 hours,Heavy Rain,150.4,159.4,151.4,151.8,152.1,5.9,42.8,51.3,13.92,1.48,1.15,1.7,High,80
2024-08-10,12:00,Kerala,Southwest Monsoon,24 hours,Normal,11.2,21.6,14.4,11.5,15.0,26.1,29.7,44.2,3.09,2.66,1.62,3.8,Low,12
2024-01-02,06:00,Tamil Nadu,Winter,48 hours,High Wind,15.9,12.5,21.6,23.2,19.8,26.7,31.8,41.5,3.43,2.8,2.02,3.9,High,80
2024-02-29,00:00,Tamil Nadu,Winter,12 hours,Normal,0.3,0.4,0.0,0.9,0.4,21.6,42.6,35.8,2.64,1.09,1.39,0.1,Low,12
2024-12-04,06:00,Andhra Pradesh,Northeast Monsoon,12 hours,High Wind,37.0,39.7,30.7,36.1,35.5,24.7,27.3,48.0,3.47,3.08,1.54,1.5,Moderate,60
2024-05-30,00:00,Kerala,Summer,12 hours,High Wind,7.5,1.6,7.4,11.3,8.5,19.5,23.9,56.6,4.86,3.87,1.35,1.0,High,80
2024-01-18,06:00,Maharashtra,Winter,6 hours,Normal,0.0,2.6,0.1,1.1,1.2,25.7,33.4,40.9,2.67,1.94,1.49,1.2,Low,12
2024-09-18,06:00,Andhra Pradesh,Southwest Monsoon,48 hours,Heavy Rain,139.6,153.5,136.2,144.5,143.5,15.5,29.4,55.1,10.3,5.21,2.54,3.9,High,80
2024-10-05,06:00,Andhra Pradesh,Northeast Monsoon,12 hours,Normal,10.6,7.3,5.9,8.3,7.3,27.3,31.2,41.5,3.01,2.57,1.81,3.3,Low,12
2024-07-13,00:00,Rajasthan,Southwest Monsoon,24 hours,High Wind,23.0,21.8,26.1,26.3,25.3,21.4,27.1,51.5,5.7,4.38,2.07,2.3,Low,19
2024-05-14,00:00,Kerala,Summer,6 hours,Normal,0.0,0.0,1.3,2.3,1.3,28.3,31.8,39.9,2.0,1.72,1.27,1.3,Low,12
2024-10-27,06:00,Maharashtra,Post-Monsoon,6 hours,Normal,0.5,1.1,0.0,0.1,0.3,23.4,32.4,44.2,1.95,1.27,0.8,0.2,Low,12
2024-11-18,00:00,Tamil Nadu,Northeast Monsoon,12 hours,Normal,11.8,9.4,12.5,13.8,12.3,25.0,29.5,45.5,3.44,2.84,1.66,0.5,Low,12
2024-04-25,06:00,Kerala,Summer,72 hours,High Wind,2.1,0.0,0.7,4.6,2.8,19.5,23.9,56.6,4.86,3.87,1.35,0.7,High,80
2024-05-11,18:00,Karnataka,Summer,24 hours,Normal,1.9,0.3,0.7,3.3,1.3,19.2,53.4,27.4,2.8,0.69,1.82,0.6,Low,12
2024-04-23,18:00,Odisha,Summer,48 hours,Heat Wave,0.0,4.1,6.3,2.3,4.5,35.5,38.3,26.2,1.4,1.26,2.08,4.5,Severe,92
2024-01-31,18:00,Rajasthan,Winter,72 hours,Storm/Cyclone,81.0,89.1,90.7,79.5,83.7,11.0,28.3,60.7,10.5,3.76,1.49,2.7,Severe,98
2024-07-06,18:00,Odisha,Southwest Monsoon,6 hours,Normal,8.5,4.5,5.5,10.3,8.4,11.6,26.6,61.8,7.01,2.78,0.91,0.1,Low,12
2024-01-10,00:00,Karnataka,Winter,48 hours,Heavy Rain,104.1,100.8,115.0,101.6,105.5,9.9,29.7,60.4,13.22,4.05,1.74,1.4,Moderate,65
2024-02-17,12:00,Andhra Pradesh,Winter,72 hours,Normal,0.0,0.2,8.1,1.0,1.9,39.4,17.4,43.2,2.26,5.76,2.02,1.9,Low,12
2024-04-05,18:00,Andhra Pradesh,Summer,48 hours,Normal,0.0,0.0,0.0,3.2,0.6,17.0,63.8,19.2,2.72,0.36,2.36,0.6,Low,12
2024-10-15,18:00,Tamil Nadu,Northeast Monsoon,12 hours,Normal,11.6,14.6,9.2,13.2,12.4,25.0,29.5,45.5,3.44,2.84,1.66,0.8,Low,12
2024-09-15,18:00,Rajasthan,Southwest Monsoon,72 hours,Heavy Rain,92.8,83.7,84.8,91.8,88.5,11.1,34.5,54.4,10.22,2.94,1.68,4.3,Moderate,65
2024-04-22,06:00,Telangana,Summer,72 hours,Normal,1.6,0.2,0.0,1.9,0.5,54.8,25.5,19.7,0.69,2.05,2.8,1.1,Low,12
2024-10-15,12:00,Rajasthan,Post-Monsoon,72 hours,Normal,0.0,8.3,8.1,4.5,6.2,26.0,19.8,54.2,4.23,5.73,1.77,6.2,Low,12
2024-08-30,12:00,Maharashtra,Southwest Monsoon,24 hours,Heavy Rain,89.3,77.0,89.5,91.4,89.4,10.0,27.1,62.9,12.42,4.26,1.55,0.1,Moderate,65
2024-12-17,06:00,Maharashtra,Post-Monsoon,24 hours,Normal,0.7,0.0,4.3,1.4,2.0,25.5,33.7,40.8,2.0,1.39,1.06,1.3,Low,12
2024-08-17,12:00,Odisha,Southwest Monsoon,6 hours,Heavy Rain,89.9,101.2,92.5,87.8,91.3,13.2,36.9,49.9,7.21,2.26,1.54,1.4,Moderate,65
2024-08-29,06:00,Telangana,Southwest Monsoon,24 hours,Normal,14.8,15.5,16.4,17.7,16.5,36.4,28.0,35.6,1.68,2.33,1.73,1.7,Low,12
2024-03-17,00:00,Tamil Nadu,Summer,48 hours,Normal,0.0,5.3,0.0,0.7,1.3,21.1,58.0,20.9,1.39,0.19,1.41,1.3,Low,12
2024-05-16,06:00,Telangana,Summer,48 hours,Normal,0.3,0.0,0.0,4.7,1.9,30.6,30.0,39.4,2.32,2.38,1.69,1.6,Moderate,55
2024-01-02,00:00,Karnataka,Winter,6 hours,Normal,2.8,5.5,0.0,2.3,2.6,35.2,35.8,29.0,1.26,1.23,1.64,0.2,Low,12
2024-04-08,06:00,Tamil Nadu,Summer,6 hours,Normal,0.0,0.0,4.5,1.6,2.0,30.6,30.1,39.3,2.54,2.6,1.87,2.0,Low,12
2024-04-13,06:00,Karnataka,Summer,72 hours,Normal,0.0,0.0,7.5,1.2,2.2,39.8,22.8,37.4,2.04,3.92,2.2,2.2,Low,12
2024-09-18,18:00,Tamil Nadu,Southwest Monsoon,72 hours,Normal,6.4,2.2,16.8,9.2,9.7,25.0,29.5,45.5,3.44,2.84,1.66,3.3,Low,12
2024-05-05,12:00,Tamil Nadu,Summer,12 hours,High Wind,0.9,0.0,0.0,3.1,1.3,26.7,31.8,41.5,3.43,2.8,2.02,0.4,High,80
2024-11-30,00:00,Telangana,Post-Monsoon,12 hours,Normal,0.0,0.0,0.0,0.6,0.3,25.8,25.9,48.3,1.43,1.42,0.53,0.3,Low,12
2024-05-11,00:00,Karnataka,Summer,12 hours,Heavy Rain,67.5,62.8,66.6,67.0,66.5,9.9,29.7,60.4,13.22,4.05,1.74,1.0,Moderate,65
2024-01-27,18:00,Karnataka,Winter,12 hours,Normal,1.7,0.4,3.3,0.8,1.5,29.4,33.8,36.8,2.25,1.89,1.69,0.2,Low,12
2024-12-05,06:00,Odisha,Post-Monsoon,72 hours,Normal,0.0,0.0,7.5,0.1,2.7,30.2,35.9,33.9,2.23,1.8,1.93,2.7,Low,12
2024-05-01,06:00,Telangana,Summer,12 hours,Normal,1.8,0.3,0.0,5.8,2.1,18.0,47.1,34.9,3.62,1.07,1.62,0.3,Low,12
2024-02-08,18:00,Kerala,Winter,12 hours,Normal,0.0,0.0,0.1,1.0,0.5,23.9,33.4,42.7,2.35,1.54,1.1,0.5,Low,12
2024-05-13,06:00,Odisha,Summer,24 hours,Normal,0.0,0.0,4.0,1.3,1.9,25.2,35.0,39.8,3.0,2.02,1.71,1.9,Low,12
2024-09-24,12:00,Maharashtra,Southwest Monsoon,48 hours,High Wind,19.3,13.6,17.8,21.5,19.0,21.0,21.8,57.2,4.3,4.13,1.26,0.3,Moderate,60
2024-04-29,00:00,Karnataka,Summer,24 hours,Normal,0.0,5.9,0.0,2.3,1.8,19.2,53.4,27.4,2.8,0.69,1.82,1.8,Low,12
2024-05-27,06:00,Telangana,Summer,72 hours,Normal,2.5,5.6,8.2,6.7,6.5,54.8,25.5,19.7,0.69,2.05,2.8,4.0,Moderate,55
2024-02-15,12:00,Telangana,Winter,12 hours,Normal,0.0,3.3,2.0,0.1,1.8,28.5,40.8,30.7,1.56,0.94,1.41,1.8,Low,12
2024-06-27,12:00,Rajasthan,Southwest Monsoon,48 hours,Normal,6.0,14.4,0.0,6.9,7.0,19.4,20.2,60.4,4.8,4.58,1.2,1.0,Low,12
2024-03-02,06:00,Rajasthan,Summer,6 hours,Normal,2.1,0.2,6.5,0.6,2.5,30.3,34.0,35.7,1.95,1.68,1.58,0.4,High,78
2024-11-24,12:00,Kerala,Post-Monsoon,6 hours,Normal,0.0,0.0,0.0,1.9,0.7,33.6,27.7,38.7,2.09,2.64,1.75,0.7,Low,12
2024-04-15,00:00,Rajasthan,Summer,12 hours,Heat Wave,0.0,4.1,0.0,0.3,0.5,11.8,70.8,17.4,2.98,0.08,1.86,0.5,High,78
2024-02-16,06:00,Tamil Nadu,Winter,24 hours,Normal,0.1,5.3,0.0,1.0,1.8,25.0,29.5,45.5,3.44,2.84,1.66,1.7,Low,12
2024-06-20,06:00,Rajasthan,Southwest Monsoon,24 hours,Heavy Rain,77.8,58.1,81.9,77.8,77.0,11.1,34.5,54.4,10.22,2.94,1.68,0.8,Moderate,65
2024-12-17,06:00,Kerala,Post-Monsoon,72 hours,Normal,0.5,4.9,1.0,0.0,1.4,23.5,23.7,52.8,4.47,4.43,1.72,0.9,Low,12
2024-10-29,00:00,Karnataka,Post-Monsoon,24 hours,High Wind,15.7,13.5,11.1,13.2,12.7,24.0,25.8,50.2,3.25,2.98,1.29,3.0,Moderate,60
2024-11-14,12:00,Karnataka,Post-Monsoon,48 hours,Storm/Cyclone,83.0,78.9,82.4,85.8,84.2,9.8,28.3,61.9,16.01,5.2,2.1,1.2,Severe,98
2024-12-17,00:00,Maharashtra,Post-Monsoon,6 hours,Heat Wave,0.0,0.6,2.3,0.2,1.0,38.0,30.7,31.3,1.43,1.89,1.84,1.0,Moderate,55
2024-10-10,12:00,Tamil Nadu,Northeast Monsoon,48 hours,Heavy Rain,101.4,125.8,102.6,103.3,105.5,11.0,41.7,47.3,10.38,2.36,2.02,4.1,Moderate,65
2024-10-14,12:00,Odisha,Post-Monsoon,72 hours,High Wind,11.3,14.3,13.2,12.8,13.2,19.9,33.5,46.6,5.74,3.21,2.17,1.9,High,80
2024-10-07,18:00,Karnataka,Post-Monsoon,12 hours,Normal,1.4,0.0,0.9,2.0,1.1,19.3,48.1,32.6,2.6,0.74,1.33,0.3,Low,12
2024-03-19,12:00,Karnataka,Summer,72 hours,Heavy Rain,92.7,102.6,95.8,89.6,92.7,9.9,29.7,60.4,13.22,4.05,1.74,0.0,Moderate,65
2024-04-19,00:00,Maharashtra,Summer,24 hours,Heavy Rain,71.2,60.4,71.3,71.4,70.3,10.0,27.1,62.9,12.42,4.26,1.55,0.9,Moderate,65
2024-06-03,18:00,Odisha,Southwest Monsoon,72 hours,Normal,5.1,0.0,10.2,2.1,4.4,25.2,35.0,39.8,3.0,2.02,1.71,0.7,Low,12
2024-01-11,00:00,Tamil Nadu,Winter,48 hours,Normal,0.0,0.0,1.1,2.2,1.1,36.5,26.3,37.2,2.63,3.85,2.57,1.1,Low,12
2024-05-02,12:00,Kerala,Summer,48 hours,Normal,1.2,6.9,0.0,4.1,3.6,32.1,33.4,34.5,2.83,2.7,2.6,2.4,Moderate,55
2024-11-30,18:00,Karnataka,Post-Monsoon,12 hours,Normal,0.9,11.1,0.9,2.2,3.3,19.3,48.1,32.6,2.6,0.74,1.33,2.4,Low,12
2024-10-05,12:00,Telangana,Post-Monsoon,48 hours,Normal,0.1,4.2,3.4,1.4,2.7,24.7,29.5,45.8,2.95,2.39,1.36,2.6,Low,12
2024-09-04,18:00,Andhra Pradesh,Southwest Monsoon,48 hours,Heavy Rain,98.9,84.7,96.5,98.8,95.9,15.5,29.4,55.1,10.3,5.21,2.54,3.0,Moderate,65
2024-03-04,12:00,Karnataka,Summer,72 hours,Normal,0.0,0.0,0.0,0.0,0.0,39.8,22.8,37.4,2.04,3.92,2.2,0.0,Low,12
2024-04-10,06:00,Karnataka,Summer,72 hours,Normal,0.5,3.2,0.0,5.4,3.3,39.8,22.8,37.4,2.04,3.92,2.2,2.8,Low,12
2024-03-15,06:00,Tamil Nadu,Summer,24 hours,High Wind,3.2,0.0,7.3,4.3,4.1,26.7,31.8,41.5,3.43,2.8,2.02,0.9,Moderate,60
2024-08-09,18:00,Rajasthan,Southwest Monsoon,72 hours,Heat Wave,0.0,0.0,7.0,2.1,3.8,22.6,43.4,34.0,2.55,1.09,1.53,3.8,Severe,92
2024-11-07,12:00,Andhra Pradesh,Northeast Monsoon,24 hours,Heavy Rain,139.0,126.3,137.7,138.7,137.5,5.9,42.8,51.3,13.92,1.48,1.15,1.5,High,80
2024-09-02,06:00,Telangana,Southwest Monsoon,6 hours,Normal,5.8,2.0,3.1,4.3,3.6,20.1,23.2,56.7,4.05,3.44,1.11,2.2,Low,12
2024-03-01,18:00,Andhra Pradesh,Summer,24 hours,Storm/Cyclone,106.2,90.3,109.0,107.9,106.3,10.9,24.6,64.5,10.94,4.55,1.43,0.1,High,85
2024-02-12,00:00,Maharashtra,Winter,12 hours,Heavy Rain,96.0,89.4,90.5,95.6,93.8,8.8,23.8,67.4,10.72,3.65,0.97,2.2,Moderate,65
2024-10-04,12:00,Tamil Nadu,Northeast Monsoon,24 hours,Heavy Rain,86.5,83.1,85.3,87.9,86.5,12.4,31.5,56.1,9.15,3.31,1.64,0.0,Moderate,65
2024-01-22,18:00,Kerala,Winter,12 hours,Normal,1.8,0.0,1.8,3.3,2.0,23.9,33.4,42.7,2.35,1.54,1.1,0.2,Low,12
2024-10-27,00:00,Karnataka,Post-Monsoon,48 hours,Heavy Rain,67.7,61.8,77.4,71.3,71.6,12.5,24.1,63.4,15.1,7.62,2.58,3.9,Moderate,65
2024-06-12,12:00,Telangana,Southwest Monsoon,12 hours,Normal,6.3,0.3,6.6,6.4,5.1,22.0,30.3,47.7,2.1,1.39,0.7,1.2,Low,12
2024-06-27,18:00,Andhra Pradesh,Southwest Monsoon,72 hours,Storm/Cyclone,107.7,113.2,114.2,108.2,110.2,10.9,24.6,64.5,10.94,4.55,1.43,2.5,Severe,98
2024-05-20,18:00,Andhra Pradesh,Summer,24 hours,Heavy Rain,121.8,116.7,120.3,123.1,121.5,10.1,33.0,56.9,12.68,3.52,1.83,0.3,High,80
2024-06-24,12:00,Kerala,Southwest Monsoon,72 hours,Normal,8.2,6.9,0.5,11.6,7.7,35.3,19.8,44.9,3.45,6.52,2.6,0.5,Low,12
2024-01-12,00:00,Tamil Nadu,Winter,12 hours,Normal,0.0,5.1,0.0,3.9,2.5,21.6,42.6,35.8,2.64,1.09,1.39,2.5,Low,12
2024-01-05,00:00,Andhra Pradesh,Winter,12 hours,Normal,0.3,0.0,2.1,1.6,1.4,27.3,51.5,21.2,1.58,0.6,2.18,1.1,Low,12
2024-01-27,18:00,Tamil Nadu,Winter,12 hours,Heavy Rain,88.7,101.7,91.2,90.3,92.0,12.4,31.5,56.1,9.15,3.31,1.64,3.3,Moderate,65
2024-03-21,00:00,Telangana,Summer,72 hours,Normal,0.0,0.0,0.0,0.0,0.0,54.8,25.5,19.7,0.69,2.05,2.8,0.0,Low,12
2024-12-03,18:00,Andhra Pradesh,Northeast Monsoon,6 hours,High Wind,26.2,29.5,28.8,27.8,28.5,24.7,27.3,48.0,3.47,3.08,1.54,2.3,Moderate,60
2024-03-24,18:00,Maharashtra,Summer,72 hours,Heavy Rain,58.3,40.5,80.2,53.8,59.6,10.0,27.1,62.9,12.42,4.26,1.55,1.3,Moderate,60
2024-05-04,12:00,Telangana,Summer,72 hours,Normal,0.5,0.0,0.0,5.2,1.0,54.8,25.5,19.7,0.69,2.05,2.8,0.5,Severe,92
2024-10-05,00:00,Maharashtra,Post-Monsoon,12 hours,Normal,0.0,0.0,0.0,0.7,0.3,25.7,33.4,40.9,2.67,1.94,1.49,0.3,Low,12
2024-02-01,06:00,Andhra Pradesh,Winter,6 hours,Heavy Rain,72.6,76.1,75.2,70.9,72.8,10.1,33.0,56.9,12.68,3.52,1.83,0.2,Moderate,65
2024-04-14,00:00,Odisha,Summer,12 hours,High Wind,7.8,9.9,5.7,6.1,6.7,19.9,33.5,46.6,5.74,3.21,2.17,1.1,High,80
2024-09-13,12:00,Maharashtra,Southwest Monsoon,24 hours,High Wind,23.5,17.0,23.3,23.7,22.2,21.0,21.8,57.2,4.3,4.13,1.26,1.3,Moderate,60
2024-10-11,12:00,Odisha,Post-Monsoon,6 hours,Heavy Rain,53.2,34.0,55.2,53.0,51.7,11.2,36.4,52.4,10.29,2.83,1.81,1.5,Low,40
2024-04-12,00:00,Kerala,Summer,6 hours,Heat Wave,0.0,3.2,0.0,2.0,1.5,28.3,40.8,30.9,1.93,1.19,1.73,1.5,Severe,92
2024-12-24,12:00,Odisha,Post-Monsoon,12 hours,Normal,0.0,1.6,1.3,0.3,1.0,25.2,35.0,39.8,3.0,2.02,1.71,1.0,Low,12
2024-05-11,12:00,Maharashtra,Summer,48 hours,Heat Wave,0.0,0.8,5.5,2.3,2.7,38.0,30.7,31.3,1.43,1.89,1.84,2.7,Severe,92
2024-10-01,06:00,Telangana,Post-Monsoon,6 hours,Normal,0.0,0.0,0.0,4.7,0.8,43.3,40.1,16.6,0.48,0.56,2.06,0.8,Low,12
2024-07-08,12:00,Tamil Nadu,Southwest Monsoon,72 hours,Heavy Rain,113.4,114.2,115.3,112.7,113.7,12.4,31.5,56.1,9.15,3.31,1.64,0.3,Moderate,65
2024-05-30,12:00,Rajasthan,Summer,72 hours,Heat Wave,0.0,7.3,4.5,4.0,5.0,22.6,43.4,34.0,2.55,1.09,1.53,5.0,Severe,92
2024-09-30,00:00,Telangana,Southwest Monsoon,6 hours,Heat Wave,0.0,0.0,2.7,1.5,1.5,29.5,34.4,36.1,2.23,1.84,1.73,1.5,Severe,92
2024-04-06,06:00,Andhra Pradesh,Summer,72 hours,Storm/Cyclone,166.5,181.3,176.4,168.3,171.7,10.9,24.6,64.5,10.94,4.55,1.43,5.2,Severe,98
2024-05-14,06:00,Rajasthan,Summer,24 hours,High Wind,14.9,16.9,12.1,13.0,13.6,21.4,27.1,51.5,5.7,4.38,2.07,1.3,High,80
2024-09-12,12:00,Karnataka,Southwest Monsoon,12 hours,High Wind,22.3,22.1,23.9,19.3,21.2,24.0,25.8,50.2,3.25,2.98,1.29,1.1,Moderate,60
2024-12-24,18:00,Andhra Pradesh,Northeast Monsoon,72 hours,Storm/Cyclone,213.3,217.8,213.0,210.9,212.2,10.9,24.6,64.5,10.94,4.55,1.43,1.1,Severe,98
2024-01-14,12:00,Andhra Pradesh,Winter,24 hours,Normal,2.2,6.2,1.1,2.1,3.0,30.1,37.3,32.6,2.67,2.06,2.43,0.8,Low,12
2024-05-20,06:00,Odisha,Summer,12 hours,Normal,0.0,2.4,0.0,3.1,1.8,25.2,35.0,39.8,3.0,2.02,1.71,1.8,Low,12
2024-03-10,00:00,Tamil Nadu,Summer,12 hours,High Wind,11.6,12.7,13.6,12.7,13.0,26.7,31.8,41.5,3.43,2.8,2.02,1.4,High,80
2024-02-02,06:00,Tamil Nadu,Winter,72 hours,Normal,0.8,1.0,3.5,3.5,2.4,42.4,16.8,40.8,2.12,6.1,2.22,1.6,Low,12
2024-01-28,18:00,Tamil Nadu,Winter,12 hours,Normal,0.0,0.0,3.7,0.9,1.9,21.6,42.6,35.8,2.64,1.09,1.39,1.9,Low,12
2024-04-23,12:00,Odisha,Summer,72 hours,Storm/Cyclone,122.8,128.0,127.1,127.0,127.1,9.0,28.5,62.5,14.51,4.26,1.67,4.3,Severe,98
2024-01-15,06:00,Odisha,Winter,6 hours,Normal,0.4,0.0,0.0,3.8,1.5,25.2,35.0,39.8,3.0,2.02,1.71,1.1,Low,12
2024-04-08,06:00,Kerala,Summer,6 hours,Normal,0.0,0.0,0.0,1.2,0.5,28.3,31.8,39.9,2.0,1.72,1.27,0.5,Low,12
2024-09-16,12:00,Tamil Nadu,Southwest Monsoon,72 hours,Heavy Rain,110.6,100.1,112.7,112.2,110.9,12.4,31.5,56.1,9.15,3.31,1.64,0.3,Moderate,65
2024-06-03,12:00,Maharashtra,Southwest Monsoon,24 hours,Normal,10.6,9.8,11.8,13.3,12.0,22.7,32.5,44.8,3.34,2.18,1.44,1.4,Low,12
2024-12-18,18:00,Telangana,Post-Monsoon,72 hours,Normal,1.0,0.0,0.0,1.6,0.6,35.2,28.2,36.6,2.74,3.54,2.61,0.4,Low,12
2024-06-01,00:00,Andhra Pradesh,Southwest Monsoon,12 hours,Heavy Rain,134.8,131.3,136.7,135.6,135.5,10.1,33.0,56.9,12.68,3.52,1.83,0.7,High,80
2024-12-20,18:00,Maharashtra,Post-Monsoon,6 hours,Heavy Rain,54.5,65.4,48.9,55.7,54.8,10.0,27.1,62.9,12.42,4.26,1.55,0.3,Moderate,60
2024-03-21,00:00,Kerala,Summer,48 hours,Normal,2.7,6.3,0.0,5.0,3.7,32.1,33.4,34.5,2.83,2.7,2.6,1.0,Low,12
2024-05-04,00:00,Karnataka,Summer,48 hours,Normal,0.0,0.0,8.3,0.3,2.6,40.6,30.2,29.2,1.58,2.3,2.4,2.6,Low,12
2024-06-10,06:00,Maharashtra,Southwest Monsoon,6 hours,Heavy Rain,107.6,101.8,103.2,106.8,105.3,10.0,27.1,62.9,12.42,4.26,1.55,2.3,Moderate,65
2024-10-08,06:00,Odisha,Post-Monsoon,72 hours,Normal,0.0,0.0,0.0,1.0,0.3,30.2,35.9,33.9,2.23,1.8,1.93,0.3,Low,12
2024-10-24,06:00,Kerala,Post-Monsoon,72 hours,High Wind,1.8,11.7,14.6,1.9,6.8,19.5,23.9,56.6,4.86,3.87,1.35,5.0,High,80
2024-01-07,18:00,Rajasthan,Winter,12 hours,Heavy Rain,125.0,129.7,126.6,123.0,125.0,11.1,34.5,54.4,10.22,2.94,1.68,0.0,High,80
2024-03-15,12:00,Maharashtra,Summer,6 hours,Normal,0.0,0.0,4.5,0.9,1.7,20.3,28.3,51.4,2.49,1.64,0.68,1.7,Low,12
2024-01-08,06:00,Telangana,Winter,72 hours,Normal,0.7,0.0,11.1,2.3,2.5,54.4,16.8,28.8,0.93,4.13,2.2,1.8,Low,12
2024-03-16,18:00,Karnataka,Summer,24 hours,Normal,0.6,5.6,0.1,0.6,1.3,19.2,53.4,27.4,2.8,0.69,1.82,0.7,Low,12
2024-08-11,18:00,Telangana,Southwest Monsoon,6 hours,Normal,29.7,31.7,27.4,31.0,30.3,20.1,23.2,56.7,4.05,3.44,1.11,0.6,Low,23
2024-05-10,18:00,Tamil Nadu,Summer,6 hours,Normal,0.4,2.5,0.0,0.0,0.8,30.6,30.1,39.3,2.54,2.6,1.87,0.4,Low,12
2024-06-29,00:00,Rajasthan,Southwest Monsoon,72 hours,Storm/Cyclone,114.0,103.7,106.8,112.4,109.9,11.0,28.3,60.7,10.5,3.76,1.49,4.1,High,85
2024-05-09,00:00,Tamil Nadu,Summer,12 hours,Normal,1.5,0.0,2.6,2.1,1.7,25.0,29.5,45.5,3.44,2.84,1.66,0.2,Low,12
2024-12-26,12:00,Karnataka,Post-Monsoon,24 hours,Normal,0.7,0.9,0.0,5.6,1.7,29.8,44.3,25.9,1.7,0.98,2.03,1.0,Low,12
2024-09-08,00:00,Tamil Nadu,Southwest Monsoon,24 hours,Heavy Rain,115.9,121.9,114.5,116.9,116.6,12.3,36.9,50.8,8.24,2.41,1.61,0.7,High,80
2024-09-17,06:00,Odisha,Southwest Monsoon,12 hours,Heavy Rain,88.6,63.5,90.5,90.3,88.7,6.2,29.8,64.0,15.14,2.74,1.01,0.1,Moderate,65
2024-08-08,06:00,Rajasthan,Southwest Monsoon,12 hours,Heat Wave,0.0,0.0,2.1,2.7,1.8,22.6,43.4,34.0,2.55,1.09,1.53,1.8,High,78
2024-06-23,00:00,Kerala,Southwest Monsoon,6 hours,Heavy Rain,94.6,84.5,91.2,95.6,93.0,7.6,39.0,53.4,10.22,1.58,1.02,1.6,Moderate,65
2024-07-06,06:00,Odisha,Southwest Monsoon,24 hours,Storm/Cyclone,174.0,152.7,171.6,170.7,169.3,9.0,28.5,62.5,14.51,4.26,1.67,4.7,Severe,98
2024-12-16,18:00,Rajasthan,Post-Monsoon,48 hours,Normal,3.1,0.0,2.3,4.7,2.4,41.7,12.4,45.9,1.67,6.77,1.47,0.7,Low,12
2024-05-15,18:00,Andhra Pradesh,Summer,12 hours,Normal,0.0,4.4,0.0,0.0,1.3,29.2,34.7,36.1,1.92,1.54,1.46,1.3,Low,12
2024-12-01,00:00,Rajasthan,Post-Monsoon,72 hours,Normal,1.5,0.0,6.2,3.8,3.3,26.0,19.8,54.2,4.23,5.73,1.77,1.8,Low,12
2024-03-19,12:00,Andhra Pradesh,Summer,48 hours,Normal,0.0,4.1,0.9,2.6,1.8,17.0,63.8,19.2,2.72,0.36,2.36,1.8,Low,12
2024-06-17,00:00,Odisha,Southwest Monsoon,48 hours,Heavy Rain,73.7,63.6,73.4,72.1,71.8,10.9,50.1,39.0,9.84,1.76,2.4,1.9,Moderate,65
2024-05-18,12:00,Telangana,Summer,72 hours,Normal,0.2,0.0,0.0,3.8,0.7,54.8,25.5,19.7,0.69,2.05,2.8,0.5,Severe,92
2024-02-17,18:00,Tamil Nadu,Winter,48 hours,Normal,0.0,0.0,0.0,1.0,0.4,36.5,26.3,37.2,2.63,3.85,2.57,0.4,Low,12
2024-07-14,00:00,Kerala,Southwest Monsoon,12 hours,Heavy Rain,89.5,62.9,87.0,94.1,89.5,5.7,39.9,54.4,18.52,2.2,1.48,0.0,Moderate,65
2024-08-19,06:00,Telangana,Southwest Monsoon,12 hours,Normal,5.1,3.9,6.8,4.8,5.2,22.0,30.3,47.7,2.1,1.39,0.7,0.1,Low,12
2024-02-24,12:00,Tamil Nadu,Winter,12 hours,Normal,0.0,0.0,0.0,0.5,0.2,21.6,42.6,35.8,2.64,1.09,1.39,0.2,Low,12
2024-07-08,18:00,Andhra Pradesh,Southwest Monsoon,48 hours,High Wind,16.9,16.2,19.5,16.1,17.1,24.7,27.3,48.0,3.47,3.08,1.54,0.2,High,80
2024-06-30,12:00,Odisha,Southwest Monsoon,72 hours,Heavy Rain,110.4,128.1,107.3,108.4,110.7,13.2,30.7,56.1,11.45,4.64,2.31,0.3,Moderate,65
2024-02-03,00:00,Andhra Pradesh,Winter,6 hours,Normal,0.0,5.4,1.7,0.4,2.2,27.3,31.2,41.5,3.01,2.57,1.81,2.2,Low,12
2024-01-07,12:00,Kerala,Winter,24 hours,Heavy Rain,95.5,84.5,97.5,92.9,93.6,9.0,31.2,59.8,14.13,3.71,1.7,1.9,Moderate,65
2024-10-04,18:00,Andhra Pradesh,Northeast Monsoon,72 hours,High Wind,36.6,39.0,34.8,33.7,35.3,24.7,27.3,48.0,3.47,3.08,1.54,1.3,High,80
2024-01-29,06:00,Telangana,Winter,24 hours,Normal,0.1,0.0,0.0,2.6,0.7,30.2,43.6,26.2,1.35,0.78,1.63,0.6,Low,12
2024-01-18,18:00,Kerala,Winter,12 hours,Heavy Rain,116.4,98.1,118.8,116.2,115.4,9.0,31.2,59.8,14.13,3.71,1.7,1.0,Moderate,65
2024-11-10,18:00,Maharashtra,Post-Monsoon,24 hours,Heavy Rain,122.9,96.7,126.1,125.0,122.5,10.0,27.1,62.9,12.42,4.26,1.55,0.4,High,80
2024-03-03,12:00,Maharashtra,Summer,12 hours,Storm/Cyclone,119.2,100.6,118.2,118.7,117.5,5.6,32.9,61.5,22.97,3.47,1.62,1.7,Severe,98
2024-03-30,18:00,Kerala,Summer,6 hours,Normal,0.0,4.3,1.2,2.3,2.5,28.3,31.8,39.9,2.0,1.72,1.27,2.5,Low,12
2024-12-21,18:00,Karnataka,Post-Monsoon,48 hours,Heavy Rain,95.4,110.9,98.0,94.1,97.1,12.5,24.1,63.4,15.1,7.62,2.58,1.7,Moderate,65
2024-08-12,00:00,Karnataka,Southwest Monsoon,72 hours,Heavy Rain,121.8,89.05000000000001,120.4,119.3,117.5,7.0,32.1,60.9,22.61,4.52,2.15,4.3,High,80
2024-08-08,00:00,Rajasthan,Southwest Monsoon,6 hours,Heat Wave,0.0,0.0,0.0,0.9,0.3,22.6,43.4,34.0,2.55,1.09,1.53,0.3,High,78
2024-07-29,00:00,Rajasthan,Southwest Monsoon,6 hours,Heavy Rain,81.6,60.9,83.5,82.5,80.4,11.1,34.5,54.4,10.22,2.94,1.68,1.2,Moderate,65
2024-01-26,00:00,Odisha,Winter,72 hours,Heat Wave,0.0,0.7,0.0,1.4,0.6,35.5,38.3,26.2,1.4,1.26,2.08,0.6,Severe,92
2024-01-26,06:00,Rajasthan,Winter,12 hours,Normal,0.5,4.1,0.0,1.1,1.5,24.6,29.0,46.4,3.36,2.77,1.54,1.0,Low,12
2024-02-27,12:00,Andhra Pradesh,Winter,72 hours,Normal,0.1,0.0,8.1,2.6,2.5,39.4,17.4,43.2,2.26,5.76,2.02,2.4,Low,12
2024-04-15,00:00,Telangana,Summer,24 hours,Heat Wave,0.0,0.0,0.0,3.7,1.3,29.5,34.4,36.1,2.23,1.84,1.73,1.3,Moderate,55
2024-07-19,06:00,Karnataka,Southwest Monsoon,48 hours,Heavy Rain,139.3,137.7,132.8,139.4,138.0,8.3,19.8,71.9,11.59,4.56,0.89,1.3,High,80
2024-06-02,12:00,Maharashtra,Southwest Monsoon,24 hours,Heavy Rain,144.0,126.4,140.8,142.4,140.4,10.0,27.1,62.9,12.42,4.26,1.55,3.6,High,80
2024-03-16,06:00,Rajasthan,Summer,12 hours,Normal,0.0,0.0,0.0,0.7,0.3,15.9,37.2,46.9,3.38,1.16,0.82,0.3,High,78
2024-01-14,18:00,Maharashtra,Winter,12 hours,Heavy Rain,73.5,80.8,76.1,73.9,75.0,8.8,23.8,67.4,10.72,3.65,0.97,1.5,Moderate,65
2024-06-09,18:00,Maharashtra,Southwest Monsoon,24 hours,Normal,14.9,10.2,15.7,14.9,14.1,22.7,32.5,44.8,3.34,2.18,1.44,0.8,Low,12
2024-12-14,12:00,Rajasthan,Post-Monsoon,12 hours,Heat Wave,0.0,0.0,0.0,1.4,0.5,22.6,43.4,34.0,2.55,1.09,1.53,0.5,Moderate,55
2024-05-14,06:00,Maharashtra,Summer,48 hours,Normal,0.4,0.0,1.8,3.3,2.1,13.4,51.6,35.0,6.3,1.26,2.1,1.7,Low,12
2024-10-11,00:00,Odisha,Post-Monsoon,48 hours,Storm/Cyclone,146.7,152.3,143.6,143.0,144.0,9.0,28.5,62.5,14.51,4.26,1.67,2.7,Severe,98
2024-12-02,18:00,Maharashtra,Post-Monsoon,24 hours,Normal,0.0,3.6,3.8,0.6,2.4,25.5,33.7,40.8,2.0,1.39,1.06,2.4,Low,12
2024-01-05,06:00,Maharashtra,Winter,72 hours,Heavy Rain,60.4,37.6,52.7,60.5,56.1,10.0,27.1,62.9,12.42,4.26,1.55,4.3,Low,43
2024-04-13,00:00,Tamil Nadu,Summer,72 hours,Storm/Cyclone,110.0,122.0,104.7,112.4,111.6,9.7,22.0,68.3,13.44,5.63,1.48,1.6,High,85
2024-01-22,18:00,Rajasthan,Winter,24 hours,Normal,0.0,0.0,0.0,1.7,0.5,25.7,43.7,30.6,1.88,0.9,1.5,0.5,Low,12
2024-02-29,06:00,Kerala,Winter,12 hours,Normal,0.2,5.6,0.0,1.2,1.9,23.9,33.4,42.7,2.35,1.54,1.1,1.7,Low,12
2024-09-29,06:00,Odisha,Southwest Monsoon,6 hours,Normal,5.0,1.8,7.2,6.0,5.8,11.6,26.6,61.8,7.01,2.78,0.91,0.8,Low,12
2024-07-22,00:00,Kerala,Southwest Monsoon,48 hours,Heavy Rain,149.3,139.0,153.5,151.8,151.3,9.2,39.9,50.9,17.49,3.64,2.74,2.0,High,80
2024-08-18,12:00,Kerala,Southwest Monsoon,72 hours,Normal,9.8,12.6,5.1,6.3,8.3,35.3,19.8,44.9,3.45,6.52,2.6,1.5,Low,12
2024-11-08,12:00,Telangana,Post-Monsoon,12 hours,Normal,2.0,5.7,1.8,1.6,2.7,25.8,25.9,48.3,1.43,1.42,0.53,0.7,Low,12
2024-09-26,06:00,Andhra Pradesh,Southwest Monsoon,12 hours,Normal,5.9,5.5,4.2,4.8,4.8,27.3,31.2,41.5,3.01,2.57,1.81,1.1,Low,12
2024-04-18,06:00,Kerala,Summer,72 hours,Normal,1.6,1.8,7.4,1.7,3.8,21.1,36.8,42.1,4.18,2.18,1.84,2.2,Low,12
2024-10-17,12:00,Maharashtra,Post-Monsoon,72 hours,Normal,0.1,0.0,4.6,3.9,3.4,20.4,42.8,36.8,4.08,1.68,2.04,3.3,Low,12
2024-07-01,06:00,Odisha,Southwest Monsoon,12 hours,Heavy Rain,63.7,53.8,59.2,63.6,61.7,6.2,29.8,64.0,15.14,2.74,1.01,2.0,Low,47
2024-07-17,00:00,Kerala,Southwest Monsoon,72 hours,Normal,9.5,1.6,14.8,12.2,9.0,35.3,19.8,44.9,3.45,6.52,2.6,0.5,Low,12
2024-10-30,18:00,Tamil Nadu,Northeast Monsoon,6 hours,High Wind,22.4,20.7,23.5,24.6,23.2,26.7,31.8,41.5,3.43,2.8,2.02,0.8,Moderate,60
2024-09-13,12:00,Maharashtra,Southwest Monsoon,12 hours,Heavy Rain,112.4,99.0,110.0,112.7,110.3,12.0,28.4,59.6,6.93,2.65,1.0,2.1,Moderate,65
2024-12-29,12:00,Andhra Pradesh,Northeast Monsoon,48 hours,Heavy Rain,140.3,120.0,135.9,136.9,135.5,7.0,18.8,74.2,17.62,6.28,1.22,4.8,High,80
2024-05-13,00:00,Odisha,Summer,24 hours,Normal,0.5,0.0,0.3,0.1,0.1,25.2,35.0,39.8,3.0,2.02,1.71,0.4,Low,12
2024-03-28,00:00,Rajasthan,Summer,24 hours,Normal,0.0,5.0,0.0,3.5,2.9,24.6,29.0,46.4,3.36,2.77,1.54,2.9,Low,12
2024-11-15,00:00,Rajasthan,Post-Monsoon,6 hours,Heat Wave,0.0,0.0,0.0,0.9,0.3,22.6,43.4,34.0,2.55,1.09,1.53,0.3,High,78
2024-05-30,18:00,Maharashtra,Summer,6 hours,Heavy Rain,129.3,145.8,127.1,132.5,132.4,10.0,27.1,62.9,12.42,4.26,1.55,3.1,High,80
2024-07-08,18:00,Odisha,Southwest Monsoon,24 hours,Heavy Rain,64.1,62.1,63.6,63.5,63.4,11.2,36.4,52.4,10.29,2.83,1.81,0.7,Low,49
2024-08-12,00:00,Odisha,Southwest Monsoon,72 hours,High Wind,18.9,25.2,16.9,21.4,20.6,19.9,33.5,46.6,5.74,3.21,2.17,1.7,High,80
2024-07-07,18:00,Karnataka,Southwest Monsoon,24 hours,Heavy Rain,149.7,135.8,149.7,148.3,147.5,9.9,29.7,60.4,13.22,4.05,1.74,2.2,High,80
2024-02-01,00:00,Tamil Nadu,Winter,6 hours,Normal,1.3,6.8,6.5,2.9,4.9,25.0,29.5,45.5,3.44,2.84,1.66,3.6,Low,12
2024-03-05,12:00,Odisha,Summer,6 hours,Heavy Rain,87.9,61.2,88.2,90.0,86.1,11.2,36.4,52.4,10.29,2.83,1.81,1.8,Moderate,65
2024-10-02,18:00,Kerala,Post-Monsoon,12 hours,Normal,0.0,3.4,0.0,3.3,2.2,20.7,34.3,45.0,2.72,1.44,0.98,2.2,Low,12
2024-09-27,06:00,Andhra Pradesh,Southwest Monsoon,24 hours,Heavy Rain,68.8,46.9,64.7,66.2,64.0,8.6,36.8,54.6,12.64,2.56,1.56,4.8,Moderate,60
2024-08-05,18:00,Karnataka,Southwest Monsoon,12 hours,Heavy Rain,134.7,113.3,134.1,133.8,132.3,7.7,40.3,52.0,11.26,1.73,1.23,2.4,High,80
2024-11-18,12:00,Tamil Nadu,Northeast Monsoon,72 hours,Heavy Rain,127.0,137.8,122.3,126.8,127.7,14.9,17.5,67.6,6.3,5.31,1.0,0.7,High,80
2024-01-16,00:00,Andhra Pradesh,Winter,72 hours,Heavy Rain,102.8,117.3,93.0,103.0,101.1,10.1,33.0,56.9,12.68,3.52,1.83,1.7,Moderate,65
2024-07-08,18:00,Rajasthan,Southwest Monsoon,6 hours,Normal,4.4,0.0,3.1,5.0,3.3,19.4,38.7,41.9,3.1,1.31,1.17,1.1,Low,12
2024-08-02,12:00,Maharashtra,Southwest Monsoon,12 hours,High Wind,15.3,0.8,16.9,18.1,14.2,21.0,21.8,57.2,4.3,4.13,1.26,1.1,Moderate,60
2024-01-11,12:00,Odisha,Winter,6 hours,Normal,0.0,0.0,0.0,0.4,0.2,25.2,35.0,39.8,3.0,2.02,1.71,0.2,Low,12
2024-06-12,00:00,Andhra Pradesh,Southwest Monsoon,72 hours,Heavy Rain,116.3,115.1,110.7,117.1,114.7,10.9,34.7,54.4,9.58,2.66,1.52,1.6,Moderate,65
2024-07-14,00:00,Karnataka,Southwest Monsoon,6 hours,Heavy Rain,116.1,129.9,112.4,115.3,115.8,10.4,35.1,54.5,9.54,2.47,1.41,0.3,High,80
2024-12-29,06:00,Odisha,Post-Monsoon,12 hours,Heavy Rain,126.4,129.0,127.1,123.6,125.5,11.2,36.4,52.4,10.29,2.83,1.81,0.9,High,80
2024-03-26,18:00,Maharashtra,Summer,72 hours,Heavy Rain,91.2,75.3,82.6,91.9,87.7,10.0,27.1,62.9,12.42,4.26,1.55,3.5,Moderate,65
2024-01-30,06:00,Telangana,Winter,12 hours,Normal,0.0,0.0,0.0,1.3,0.4,28.5,40.8,30.7,1.56,0.94,1.41,0.4,Low,12
2024-12-10,18:00,Maharashtra,Post-Monsoon,48 hours,Normal,0.7,4.5,7.4,2.5,4.9,35.7,34.3,30.0,2.05,2.15,2.53,4.2,Low,12
2024-09-10,12:00,Kerala,Southwest Monsoon,24 hours,Storm/Cyclone,111.7,99.4,109.8,110.6,108.8,14.0,30.6,55.4,8.99,3.84,1.89,2.9,High,85
2024-10-11,06:00,Kerala,Post-Monsoon,6 hours,Normal,1.3,0.0,1.0,4.4,2.0,33.6,27.7,38.7,2.09,2.64,1.75,0.7,Low,12
2024-09-26,12:00,Karnataka,Southwest Monsoon,72 hours,Heavy Rain,127.0,117.0,114.5,128.4,123.1,7.0,32.1,60.9,22.61,4.52,2.15,3.9,High,80
2024-12-21,00:00,Telangana,Post-Monsoon,6 hours,Normal,0.0,0.0,0.0,0.9,0.1,43.3,40.1,16.6,0.48,0.56,2.06,0.1,Low,12
2024-08-24,18:00,Maharashtra,Southwest Monsoon,72 hours,Heavy Rain,102.3,118.8,105.9,105.3,107.5,15.1,25.8,59.1,14.52,8.28,3.34,5.2,Moderate,65
2024-04-18,00:00,Telangana,Summer,24 hours,Heat Wave,0.0,0.0,3.8,0.0,1.3,29.5,34.4,36.1,2.23,1.84,1.73,1.3,Severe,92
2024-01-22,12:00,Odisha,Winter,12 hours,High Wind,18.0,21.6,18.6,16.7,18.3,19.9,33.5,46.6,5.74,3.21,2.17,0.3,Moderate,60
2024-12-18,12:00,Andhra Pradesh,Northeast Monsoon,12 hours,Heavy Rain,109.0,84.9,113.2,109.3,108.7,8.2,35.9,55.9,12.92,2.56,1.46,0.3,Moderate,65
2024-11-07,12:00,Tamil Nadu,Northeast Monsoon,48 hours,Heavy Rain,97.0,92.4,91.0,98.2,94.6,11.0,41.7,47.3,10.38,2.36,2.02,2.4,Moderate,65
2024-10-14,06:00,Tamil Nadu,Northeast Monsoon,48 hours,Heavy Rain,105.0,103.4,105.1,103.9,104.3,11.0,41.7,47.3,10.38,2.36,2.02,0.7,Moderate,65
2024-10-31,00:00,Telangana,Post-Monsoon,72 hours,High Wind,16.6,5.7,17.0,19.8,16.4,18.1,30.0,51.9,4.87,2.73,1.37,0.2,Moderate,60
2024-09-06,18:00,Telangana,Southwest Monsoon,6 hours,Normal,7.5,9.1,11.4,7.6,8.8,20.1,23.2,56.7,4.05,3.44,1.11,1.3,Low,12
2024-07-08,12:00,Telangana,Southwest Monsoon,72 hours,Normal,5.2,14.6,0.0,6.9,8.1,30.3,16.1,53.6,4.11,8.21,2.11,2.9,Low,12
2024-10-15,12:00,Karnataka,Post-Monsoon,72 hours,Heat Wave,0.0,8.3,0.4,3.0,2.6,21.0,56.4,22.6,2.66,0.68,2.44,2.6,High,78
2024-07-18,18:00,Odisha,Southwest Monsoon,6 hours,Heavy Rain,103.4,109.6,106.8,106.1,106.8,13.2,36.9,49.9,7.21,2.26,1.54,3.4,Moderate,65
2024-11-18,18:00,Tamil Nadu,Northeast Monsoon,48 hours,Normal,11.8,19.3,3.5,15.9,13.1,25.0,29.5,45.5,3.44,2.84,1.66,1.3,Low,12
2024-12-12,00:00,Rajasthan,Post-Monsoon,6 hours,High Wind,18.2,29.4,20.5,15.8,20.0,21.4,27.1,51.5,5.7,4.38,2.07,1.8,Moderate,60
2024-02-29,18:00,Andhra Pradesh,Winter,12 hours,Normal,0.0,2.1,0.0,3.5,1.3,27.3,51.5,21.2,1.58,0.6,2.18,1.3,Low,12
2024-04-05,06:00,Odisha,Summer,72 hours,Storm/Cyclone,158.0,169.1,149.6,159.4,157.5,9.0,28.5,62.5,14.51,4.26,1.67,0.5,Severe,98
2024-03-16,06:00,Kerala,Summer,12 hours,Heat Wave,0.0,0.0,4.6,0.3,2.0,28.3,40.8,30.9,1.93,1.19,1.73,2.0,High,78
2024-10-23,18:00,Kerala,Post-Monsoon,12 hours,Normal,0.0,0.0,0.0,1.5,0.7,20.7,34.3,45.0,2.72,1.44,0.98,0.7,Low,12
2024-10-10,06:00,Odisha,Post-Monsoon,24 hours,Normal,0.6,8.8,0.0,0.2,2.2,24.6,35.7,39.7,1.76,1.06,0.9,1.6,Low,12
2024-02-18,00:00,Andhra Pradesh,Winter,24 hours,Normal,0.0,0.0,5.9,1.4,2.7,30.1,37.3,32.6,2.67,2.06,2.43,2.7,Low,12
2024-05-09,18:00,Andhra Pradesh,Summer,72 hours,Normal,0.0,4.7,0.0,3.4,2.7,27.3,31.2,41.5,3.01,2.57,1.81,2.7,Low,12
2024-06-08,18:00,Kerala,Southwest Monsoon,72 hours,Normal,8.9,2.0,5.1,11.0,6.7,35.3,19.8,44.9,3.45,6.52,2.6,2.2,Low,12
2024-03-16,00:00,Kerala,Summer,6 hours,Normal,0.0,5.0,0.0,1.0,1.8,28.3,31.8,39.9,2.0,1.72,1.27,1.8,Low,12
2024-10-05,18:00,Kerala,Post-Monsoon,12 hours,Heat Wave,0.0,0.0,0.0,2.4,0.7,28.3,40.8,30.9,1.93,1.19,1.73,0.7,Severe,92
2024-09-03,06:00,Andhra Pradesh,Southwest Monsoon,48 hours,Heavy Rain,130.8,133.2,140.3,124.2,130.3,15.5,29.4,55.1,10.3,5.21,2.54,0.5,High,80
2024-07-05,18:00,Karnataka,Southwest Monsoon,24 hours,High Wind,13.1,18.4,8.7,11.7,12.5,24.0,25.8,50.2,3.25,2.98,1.29,0.6,Moderate,60
2024-10-14,18:00,Rajasthan,Post-Monsoon,24 hours,Storm/Cyclone,115.4,114.2,114.8,117.2,116.2,11.0,28.3,60.7,10.5,3.76,1.49,0.8,Severe,98
2024-06-25,00:00,Tamil Nadu,Southwest Monsoon,24 hours,Heavy Rain,70.9,51.6,66.9,69.8,66.5,12.3,36.9,50.8,8.24,2.41,1.61,4.4,Moderate,65
2024-02-10,06:00,Kerala,Winter,6 hours,High Wind,16.5,16.2,13.9,14.5,14.7,19.5,23.9,56.6,4.86,3.87,1.35,1.8,Moderate,60
2024-04-02,12:00,Maharashtra,Summer,24 hours,Normal,1.0,0.0,1.5,2.6,1.6,25.7,33.4,40.9,2.67,1.94,1.49,0.6,Moderate,55
2024-03-25,00:00,Karnataka,Summer,48 hours,Normal,0.0,0.0,0.0,3.8,1.1,40.6,30.2,29.2,1.58,2.3,2.4,1.1,Low,12
2024-09-26,12:00,Karnataka,Southwest Monsoon,48 hours,Heavy Rain,150.4,165.3,154.6,147.2,150.2,8.3,19.8,71.9,11.59,4.56,0.89,0.2,High,80
2024-10-29,18:00,Maharashtra,Post-Monsoon,48 hours,High Wind,18.0,20.6,26.6,17.8,20.3,21.0,21.8,57.2,4.3,4.13,1.26,2.3,High,80
2024-04-07,06:00,Telangana,Summer,24 hours,Normal,3.4,0.0,0.5,3.0,1.3,30.6,30.0,39.4,2.32,2.38,1.69,2.1,Moderate,55
2024-07-29,00:00,Maharashtra,Southwest Monsoon,24 hours,Storm/Cyclone,166.8,172.2,164.6,167.4,166.7,5.6,32.9,61.5,22.97,3.47,1.62,0.1,Severe,98
2024-05-28,06:00,Karnataka,Summer,24 hours,High Wind,17.4,14.7,19.4,17.8,17.5,24.0,25.8,50.2,3.25,2.98,1.29,0.1,Moderate,60
2024-01-17,12:00,Tamil Nadu,Winter,24 hours,Normal,0.0,11.9,0.0,0.1,3.0,25.0,29.5,45.5,3.44,2.84,1.66,3.0,Low,12
2024-02-02,12:00,Andhra Pradesh,Winter,24 hours,Heat Wave,0.0,2.9,0.0,2.0,1.1,14.8,50.1,35.1,4.81,1.07,1.74,1.1,Severe,92
2024-06-12,06:00,Maharashtra,Southwest Monsoon,6 hours,High Wind,27.2,26.6,21.5,26.9,25.7,21.0,21.8,57.2,4.3,4.13,1.26,1.5,Moderate,60
2024-07-22,12:00,Maharashtra,Southwest Monsoon,24 hours,Storm/Cyclone,202.9,188.1,205.9,199.4,200.9,5.6,32.9,61.5,22.97,3.47,1.62,2.0,Severe,98
2024-12-19,18:00,Rajasthan,Post-Monsoon,12 hours,Normal,5.7,9.4,3.1,7.7,5.9,22.7,46.8,30.5,2.43,0.92,1.68,0.2,Low,12
2024-08-22,12:00,Odisha,Southwest Monsoon,72 hours,Normal,4.2,0.0,0.1,3.2,1.3,25.2,35.0,39.8,3.0,2.02,1.71,2.9,Low,12
2024-07-13,18:00,Kerala,Southwest Monsoon,48 hours,Normal,24.4,28.4,31.7,24.4,26.7,14.3,24.1,61.6,7.42,4.2,1.34,2.3,Low,20
2024-08-21,06:00,Tamil Nadu,Southwest Monsoon,6 hours,Heavy Rain,94.3,87.4,95.3,95.1,94.3,10.8,37.1,52.1,7.25,1.76,1.11,0.0,Moderate,65
2024-01-25,06:00,Andhra Pradesh,Winter,12 hours,Normal,0.0,0.0,0.0,2.0,0.4,27.3,51.5,21.2,1.58,0.6,2.18,0.4,Low,12
2024-08-22,00:00,Rajasthan,Southwest Monsoon,24 hours,Heat Wave,0.0,5.8,0.0,1.9,2.0,22.6,43.4,34.0,2.55,1.09,1.53,2.0,High,78
2024-02-12,00:00,Rajasthan,Winter,12 hours,Heat Wave,0.0,5.8,4.7,1.6,3.9,22.6,43.4,34.0,2.55,1.09,1.53,3.9,Severe,92
2024-03-31,00:00,Odisha,Summer,72 hours,Normal,0.5,10.4,0.0,3.7,4.1,25.2,35.0,39.8,3.0,2.02,1.71,3.6,Low,12
2024-12-02,12:00,Karnataka,Post-Monsoon,72 hours,Normal,0.0,0.0,2.8,0.3,0.4,64.8,12.2,23.0,0.24,3.42,1.58,0.4,Low,12
2024-11-20,18:00,Telangana,Post-Monsoon,72 hours,Normal,0.4,8.9,5.1,3.9,6.0,35.2,28.2,36.6,2.74,3.54,2.61,5.6,Low,12
2024-08-16,06:00,Rajasthan,Southwest Monsoon,24 hours,Heavy Rain,135.7,124.6,132.5,136.1,133.6,11.1,34.5,54.4,10.22,2.94,1.68,2.1,High,80
2024-09-11,18:00,Maharashtra,Southwest Monsoon,12 hours,Normal,7.8,14.4,8.0,3.9,8.0,25.7,33.4,40.9,2.67,1.94,1.49,0.2,Low,12
2024-07-21,06:00,Andhra Pradesh,Southwest Monsoon,72 hours,High Wind,10.2,14.2,14.1,8.5,11.4,24.7,27.3,48.0,3.47,3.08,1.54,1.2,Moderate,60
2024-02-10,00:00,Tamil Nadu,Winter,72 hours,Normal,0.2,3.3,0.0,0.7,1.7,42.4,16.8,40.8,2.12,6.1,2.22,1.5,Low,12
2024-12-06,18:00,Odisha,Post-Monsoon,12 hours,Normal,0.0,0.0,0.0,0.6,0.2,25.2,35.0,39.8,3.0,2.02,1.71,0.2,Low,12
2024-07-14,06:00,Kerala,Southwest Monsoon,24 hours,Heavy Rain,96.1,100.4,95.6,99.5,98.4,9.0,31.2,59.8,14.13,3.71,1.7,2.3,Moderate,65
2024-04-12,18:00,Maharashtra,Summer,48 hours,Heavy Rain,63.6,70.3,61.0,63.7,63.6,10.0,27.1,62.9,12.42,4.26,1.55,0.0,Moderate,60
2024-10-30,06:00,Odisha,Post-Monsoon,12 hours,High Wind,7.5,4.2,9.1,7.7,7.5,19.9,33.5,46.6,5.74,3.21,2.17,0.0,High,80
2024-01-11,18:00,Tamil Nadu,Winter,12 hours,Normal,0.0,4.7,1.2,0.8,1.8,21.6,42.6,35.8,2.64,1.09,1.39,1.8,Low,12
2024-08-06,18:00,Telangana,Southwest Monsoon,48 hours,Heat Wave,0.0,9.7,0.0,3.4,4.1,29.5,34.4,36.1,2.23,1.84,1.73,4.1,High,78
2024-09-15,18:00,Telangana,Southwest Monsoon,12 hours,Heavy Rain,79.2,39.3,83.0,78.9,78.5,4.7,36.3,59.0,25.57,2.88,1.58,0.7,Moderate,65
2024-11-18,06:00,Maharashtra,Post-Monsoon,72 hours,High Wind,2.0,0.0,0.0,3.0,1.7,21.0,21.8,57.2,4.3,4.13,1.26,0.3,Moderate,60
2024-06-01,00:00,Telangana,Southwest Monsoon,48 hours,Normal,7.4,7.4,10.0,4.8,7.1,20.2,35.0,44.8,5.5,2.96,2.2,0.3,Low,12
2024-07-23,12:00,Odisha,Southwest Monsoon,72 hours,High Wind,10.8,0.0,0.0,12.3,5.7,19.9,33.5,46.6,5.74,3.21,2.17,5.1,Moderate,60
2024-09-11,12:00,Tamil Nadu,Southwest Monsoon,6 hours,Normal,6.0,9.0,5.4,5.2,6.2,25.0,29.5,45.5,3.44,2.84,1.66,0.2,Low,12
2024-03-02,06:00,Rajasthan,Summer,72 hours,Normal,0.0,0.0,0.0,1.0,0.4,26.5,37.2,36.3,3.64,2.44,2.52,0.4,Severe,92
2024-11-01,06:00,Tamil Nadu,Northeast Monsoon,24 hours,High Wind,30.5,25.6,28.0,28.8,27.7,26.7,31.8,41.5,3.43,2.8,2.02,2.8,High,80
2024-07-22,12:00,Kerala,Southwest Monsoon,72 hours,Heavy Rain,127.4,128.7,131.5,126.6,127.9,12.1,20.6,67.3,9.57,5.43,1.31,0.5,High,80
2024-08-03,06:00,Rajasthan,Southwest Monsoon,24 hours,Normal,11.8,19.4,12.2,12.1,13.1,13.8,27.2,59.0,5.22,2.41,0.84,1.3,Low,12
2024-12-07,00:00,Maharashtra,Post-Monsoon,48 hours,Normal,0.8,0.0,1.0,3.5,1.4,35.7,34.3,30.0,2.05,2.15,2.53,0.6,Low,12
2024-08-19,06:00,Tamil Nadu,Southwest Monsoon,12 hours,High Wind,25.6,30.4,30.3,24.8,28.0,26.7,31.8,41.5,3.43,2.8,2.02,2.4,Moderate,60
2024-11-25,12:00,Karnataka,Post-Monsoon,24 hours,Normal,0.3,0.0,0.0,0.8,0.2,29.8,44.3,25.9,1.7,0.98,2.03,0.1,Low,12
2024-09-29,06:00,Rajasthan,Southwest Monsoon,24 hours,High Wind,11.0,4.3,8.2,11.0,8.8,21.4,27.1,51.5,5.7,4.38,2.07,2.2,High,80
2024-06-06,00:00,Andhra Pradesh,Southwest Monsoon,6 hours,Normal,3.7,0.0,4.8,5.3,3.9,24.0,24.3,51.7,2.94,2.9,1.1,0.2,Low,12
2024-01-22,06:00,Telangana,Winter,12 hours,Normal,0.0,0.0,2.2,1.1,1.2,28.5,40.8,30.7,1.56,0.94,1.41,1.2,Low,12
2024-08-02,06:00,Rajasthan,Southwest Monsoon,6 hours,Normal,3.6,3.0,3.0,4.0,3.4,19.4,38.7,41.9,3.1,1.31,1.17,0.2,Low,12
2024-06-26,06:00,Odisha,Southwest Monsoon,72 hours,Heavy Rain,77.9,83.0,85.2,71.9,77.4,13.2,30.7,56.1,11.45,4.64,2.31,0.5,Moderate,65
2024-02-15,00:00,Rajasthan,Winter,24 hours,Normal,0.0,0.0,1.0,1.4,0.9,25.7,43.7,30.6,1.88,0.9,1.5,0.9,Low,12
2024-03-24,18:00,Andhra Pradesh,Summer,12 hours,Normal,1.1,0.0,3.1,2.7,2.1,29.2,34.7,36.1,1.92,1.54,1.46,1.0,Low,12
2024-11-26,12:00,Tamil Nadu,Northeast Monsoon,72 hours,Storm/Cyclone,192.0,171.0,184.0,194.0,189.6,9.7,22.0,68.3,13.44,5.63,1.48,2.4,Severe,98
2024-07-11,00:00,Andhra Pradesh,Southwest Monsoon,12 hours,Normal,6.4,9.6,6.1,5.1,6.6,27.3,31.2,41.5,3.01,2.57,1.81,0.2,Low,12
2024-11-17,18:00,Odisha,Post-Monsoon,6 hours,Normal,0.0,2.6,0.0,1.8,1.4,25.2,35.0,39.8,3.0,2.02,1.71,1.4,Low,12
2024-12-01,18:00,Odisha,Post-Monsoon,24 hours,Normal,0.0,0.0,0.0,1.2,0.5,24.6,35.7,39.7,1.76,1.06,0.9,0.5,Low,12
2024-08-25,18:00,Kerala,Southwest Monsoon,12 hours,High Wind,23.7,11.8,26.7,22.9,21.6,19.5,23.9,56.6,4.86,3.87,1.35,2.1,Moderate,60
2024-06-04,06:00,Telangana,Southwest Monsoon,72 hours,Normal,5.0,0.8,1.0,3.0,2.0,30.3,16.1,53.6,4.11,8.21,2.11,3.0,Low,12
2024-10-11,00:00,Odisha,Post-Monsoon,6 hours,Heavy Rain,94.5,109.7,99.1,95.8,98.6,11.2,36.4,52.4,10.29,2.83,1.81,4.1,Moderate,65
2024-01-15,12:00,Andhra Pradesh,Winter,48 hours,Heat Wave,0.0,4.2,0.0,2.7,1.6,14.8,50.1,35.1,4.81,1.07,1.74,1.6,Severe,92
2024-01-11,18:00,Rajasthan,Winter,72 hours,Normal,0.0,11.3,6.4,2.1,5.6,24.6,29.0,46.4,3.36,2.77,1.54,5.6,Low,12
2024-10-07,12:00,Maharashtra,Post-Monsoon,72 hours,Normal,0.0,0.0,0.0,1.5,0.6,20.4,42.8,36.8,4.08,1.68,2.04,0.6,Low,12
2024-02-09,12:00,Rajasthan,Winter,24 hours,Normal,0.0,7.1,0.0,1.0,2.1,25.7,43.7,30.6,1.88,0.9,1.5,2.1,Low,12
2024-05-09,00:00,Rajasthan,Summer,6 hours,Normal,0.0,5.5,0.0,0.7,1.9,30.3,34.0,35.7,1.95,1.68,1.58,1.9,Low,12
2024-07-01,18:00,Telangana,Southwest Monsoon,72 hours,Normal,20.9,22.6,15.1,17.6,18.7,30.3,16.1,53.6,4.11,8.21,2.11,2.2,Low,14
2024-04-19,06:00,Tamil Nadu,Summer,24 hours,Heavy Rain,108.0,79.8,109.6,107.3,104.6,12.4,31.5,56.1,9.15,3.31,1.64,3.4,Moderate,65
2024-03-25,00:00,Kerala,Summer,24 hours,Normal,2.9,5.0,9.7,5.4,7.0,29.5,41.0,29.5,1.87,1.21,1.87,4.1,Low,12
2024-08-07,12:00,Tamil Nadu,Southwest Monsoon,48 hours,Heavy Rain,73.3,85.0,84.0,72.1,76.8,13.6,24.5,61.9,9.97,5.33,1.81,3.5,Moderate,65
2024-04-22,12:00,Telangana,Summer,48 hours,Heat Wave,0.0,9.3,4.8,1.9,5.5,34.9,34.6,30.5,1.86,1.88,2.2,5.5,Severe,92
2024-05-15,12:00,Tamil Nadu,Summer,48 hours,Normal,0.0,0.0,0.3,3.3,0.9,21.1,58.0,20.9,1.39,0.19,1.41,0.9,Low,12
2024-01-13,06:00,Karnataka,Winter,6 hours,Normal,0.0,0.0,0.0,3.6,1.0,35.2,35.8,29.0,1.26,1.23,1.64,1.0,Low,12
2024-12-16,18:00,Andhra Pradesh,Northeast Monsoon,48 hours,Normal,10.9,12.3,17.9,10.8,12.3,31.6,15.1,53.3,3.1,7.02,1.63,1.4,Low,12
2024-06-06,06:00,Odisha,Southwest Monsoon,72 hours,Heavy Rain,139.9,149.8,139.8,137.3,139.7,13.2,30.7,56.1,11.45,4.64,2.31,0.2,High,80
2024-10-09,12:00,Karnataka,Post-Monsoon,24 hours,Normal,0.0,0.0,0.0,4.4,1.1,29.8,44.3,25.9,1.7,0.98,2.03,1.1,Low,12
2024-05-18,12:00,Andhra Pradesh,Summer,12 hours,Normal,1.1,0.0,0.0,3.0,1.1,29.2,34.7,36.1,1.92,1.54,1.46,0.0,Low,12
2024-07-06,00:00,Tamil Nadu,Southwest Monsoon,48 hours,Normal,5.4,21.6,5.8,0.9,6.8,23.0,22.8,54.2,5.31,5.37,1.97,1.4,Low,12
2024-02-13,00:00,Andhra Pradesh,Winter,48 hours,Normal,0.0,0.0,1.7,3.8,2.1,27.3,31.2,41.5,3.01,2.57,1.81,2.1,Low,12
2024-03-14,06:00,Tamil Nadu,Summer,6 hours,Normal,1.3,0.0,3.4,2.3,1.9,30.6,30.1,39.3,2.54,2.6,1.87,0.6,Low,12
2024-03-06,06:00,Karnataka,Summer,24 hours,Normal,2.0,0.0,2.7,2.3,2.1,19.2,53.4,27.4,2.8,0.69,1.82,0.1,Low,12
2024-03-30,06:00,Kerala,Summer,72 hours,Heavy Rain,56.3,38.8,48.5,55.1,51.6,9.0,31.2,59.8,14.13,3.71,1.7,4.7,Low,40
2024-11-29,12:00,Karnataka,Post-Monsoon,72 hours,Heat Wave,0.0,8.5,0.0,4.4,2.8,21.0,56.4,22.6,2.66,0.68,2.44,2.8,Severe,92
2024-05-26,18:00,Karnataka,Summer,48 hours,Normal,1.8,0.0,0.7,3.3,1.2,40.6,30.2,29.2,1.58,2.3,2.4,0.6,Low,12
2024-11-30,06:00,Kerala,Post-Monsoon,12 hours,Normal,0.3,0.0,0.0,0.4,0.2,20.7,34.3,45.0,2.72,1.44,0.98,0.1,Low,12
2024-03-21,18:00,Maharashtra,Summer,12 hours,Normal,0.0,0.0,0.2,2.9,1.3,25.7,33.4,40.9,2.67,1.94,1.49,1.3,Low,12
2024-07-21,12:00,Tamil Nadu,Southwest Monsoon,24 hours,Heavy Rain,84.5,74.1,78.5,86.1,81.8,12.3,36.9,50.8,8.24,2.41,1.61,2.7,Moderate,65
2024-03-23,00:00,Kerala,Summer,12 hours,Heavy Rain,109.9,104.5,112.1,110.5,110.5,9.0,31.2,59.8,14.13,3.71,1.7,0.6,Moderate,65
2024-12-23,00:00,Kerala,Post-Monsoon,6 hours,Normal,0.4,0.0,2.9,4.0,2.4,33.6,27.7,38.7,2.09,2.64,1.75,2.0,Low,12
2024-02-07,12:00,Andhra Pradesh,Winter,6 hours,Heavy Rain,126.7,103.6,126.4,125.5,123.6,10.1,33.0,56.9,12.68,3.52,1.83,3.1,High,80
2024-09-29,18:00,Maharashtra,Southwest Monsoon,24 hours,Normal,11.0,1.8,9.1,9.0,7.4,22.7,32.5,44.8,3.34,2.18,1.44,3.6,Low,12
2024-12-01,12:00,Rajasthan,Post-Monsoon,24 hours,Heavy Rain,125.8,119.0,124.5,124.8,124.1,11.1,34.5,54.4,10.22,2.94,1.68,1.7,High,80
2024-05-14,18:00,Tamil Nadu,Summer,72 hours,Heavy Rain,57.4,57.0,60.9,55.7,57.5,12.4,31.5,56.1,9.15,3.31,1.64,0.1,Low,44
2024-05-03,06:00,Telangana,Summer,6 hours,Heat Wave,0.0,0.0,1.5,1.6,1.1,32.5,28.6,38.9,1.56,1.84,1.22,1.1,Severe,92
2024-09-02,12:00,Tamil Nadu,Southwest Monsoon,48 hours,Heavy Rain,92.9,104.4,94.4,89.3,92.6,13.6,24.5,61.9,9.97,5.33,1.81,0.3,Moderate,65
2024-06-21,12:00,Maharashtra,Southwest Monsoon,6 hours,High Wind,13.9,14.3,13.9,12.2,13.0,21.0,21.8,57.2,4.3,4.13,1.26,0.9,Moderate,60
2024-05-09,06:00,Karnataka,Summer,12 hours,Heavy Rain,59.7,57.7,52.3,59.7,57.3,9.9,29.7,60.4,13.22,4.05,1.74,2.4,Moderate,60
2024-10-02,00:00,Rajasthan,Post-Monsoon,48 hours,Normal,0.0,1.7,18.1,3.0,4.3,41.7,12.4,45.9,1.67,6.77,1.47,4.3,Low,12
2024-01-19,00:00,Maharashtra,Winter,12 hours,Heavy Rain,83.1,59.3,82.0,85.6,82.4,8.8,23.8,67.4,10.72,3.65,0.97,0.7,Moderate,65
2024-07-16,12:00,Maharashtra,Southwest Monsoon,6 hours,Storm/Cyclone,177.4,162.7,176.1,177.7,176.3,5.6,32.9,61.5,22.97,3.47,1.62,1.1,Severe,98
2024-07-16,00:00,Telangana,Southwest Monsoon,24 hours,Normal,12.5,8.5,18.0,14.2,13.2,36.4,28.0,35.6,1.68,2.33,1.73,0.7,Low,12
2024-11-25,12:00,Andhra Pradesh,Northeast Monsoon,72 hours,Heavy Rain,146.1,173.2,153.4,147.5,152.8,14.0,28.8,57.2,12.88,6.0,2.78,6.7,High,80
2024-06-01,06:00,Odisha,Southwest Monsoon,24 hours,Normal,9.9,17.0,11.4,9.0,11.9,25.2,35.0,39.8,3.0,2.02,1.71,2.0,Low,12
2024-10-15,12:00,Tamil Nadu,Northeast Monsoon,24 hours,Heavy Rain,154.1,140.8,156.1,153.8,152.9,12.4,31.5,56.1,9.15,3.31,1.64,1.2,High,80
2024-09-01,12:00,Odisha,Southwest Monsoon,72 hours,Heavy Rain,94.4,82.7,98.6,94.3,94.1,13.2,30.7,56.1,11.45,4.64,2.31,0.3,Moderate,65
2024-03-22,00:00,Karnataka,Summer,6 hours,Normal,0.0,0.0,0.3,1.5,0.7,25.8,35.8,38.4,1.76,1.13,1.02,0.7,Low,12
2024-08-06,06:00,Andhra Pradesh,Southwest Monsoon,72 hours,High Wind,10.6,7.7,14.1,9.2,10.2,24.7,27.3,48.0,3.47,3.08,1.54,0.4,High,80
2024-08-24,18:00,Odisha,Southwest Monsoon,24 hours,Normal,6.5,5.2,8.1,6.1,6.6,25.2,35.0,39.8,3.0,2.02,1.71,0.1,Low,12
2024-12-27,18:00,Kerala,Post-Monsoon,12 hours,Heat Wave,0.0,0.0,0.0,2.2,0.7,28.3,40.8,30.9,1.93,1.19,1.73,0.7,Severe,92
2024-08-04,12:00,Maharashtra,Southwest Monsoon,24 hours,Normal,11.1,10.6,8.3,9.2,9.2,22.7,32.5,44.8,3.34,2.18,1.44,1.9,Low,12
2024-10-12,06:00,Rajasthan,Post-Monsoon,24 hours,Normal,1.5,6.0,3.8,2.9,3.7,16.6,37.1,46.3,3.78,1.42,1.04,2.2,Low,12
2024-03-13,18:00,Karnataka,Summer,48 hours,High Wind,11.5,5.9,14.6,11.0,10.7,24.0,25.8,50.2,3.25,2.98,1.29,0.8,Moderate,60
2024-03-30,18:00,Andhra Pradesh,Summer,24 hours,High Wind,14.4,21.3,14.4,15.2,16.5,24.7,27.3,48.0,3.47,3.08,1.54,2.1,Moderate,60
2024-02-04,06:00,Andhra Pradesh,Winter,12 hours,Normal,0.6,5.3,0.0,5.5,2.6,27.3,51.5,21.2,1.58,0.6,2.18,2.0,Low,12
2024-03-08,06:00,Tamil Nadu,Summer,12 hours,Normal,0.0,0.0,0.0,2.5,1.1,25.0,29.5,45.5,3.44,2.84,1.66,1.1,Low,12
2024-03-23,18:00,Rajasthan,Summer,24 hours,Heat Wave,0.0,3.2,0.0,0.6,0.9,22.6,43.4,34.0,2.55,1.09,1.53,0.9,Severe,92
2024-03-26,06:00,Kerala,Summer,12 hours,Normal,1.7,4.3,0.1,1.7,2.5,41.5,20.2,38.3,0.76,2.1,0.87,0.8,Low,12
2024-06-30,00:00,Andhra Pradesh,Southwest Monsoon,24 hours,Normal,3.8,0.0,1.0,6.7,3.3,16.3,41.1,42.6,4.45,1.46,1.39,0.5,Low,12
2024-04-20,12:00,Karnataka,Summer,12 hours,Normal,0.0,0.0,3.9,1.0,1.3,46.7,26.4,26.9,0.92,2.02,1.97,1.3,Low,12
2024-02-07,06:00,Andhra Pradesh,Winter,72 hours,Normal,0.0,10.9,0.0,0.8,4.6,39.4,17.4,43.2,2.26,5.76,2.02,4.6,Low,12
2024-11-30,00:00,Maharashtra,Post-Monsoon,6 hours,Normal,1.8,2.9,0.0,2.8,1.9,23.4,32.4,44.2,1.95,1.27,0.8,0.1,Low,12
2024-09-12,00:00,Karnataka,Southwest Monsoon,24 hours,High Wind,21.1,13.8,22.3,20.1,19.2,24.0,25.8,50.2,3.25,2.98,1.29,1.9,Moderate,60
2024-07-04,12:00,Rajasthan,Southwest Monsoon,6 hours,Heat Wave,0.0,0.0,0.9,1.4,0.9,22.6,43.4,34.0,2.55,1.09,1.53,0.9,Severe,92
2024-10-27,06:00,Karnataka,Post-Monsoon,72 hours,High Wind,18.4,12.1,18.2,18.3,16.8,24.0,25.8,50.2,3.25,2.98,1.29,1.6,High,80
2024-09-18,12:00,Maharashtra,Southwest Monsoon,12 hours,Heavy Rain,119.5,118.4,117.4,119.3,118.7,12.0,28.4,59.6,6.93,2.65,1.0,0.8,High,80
2024-06-23,12:00,Telangana,Southwest Monsoon,6 hours,Heat Wave,0.0,0.0,1.9,1.7,1.3,29.5,34.4,36.1,2.23,1.84,1.73,1.3,High,78
2024-09-23,18:00,Odisha,Southwest Monsoon,48 hours,Normal,3.9,1.8,9.0,7.9,6.6,26.0,27.9,46.1,4.45,4.12,2.29,2.7,Low,12
2024-08-31,06:00,Telangana,Southwest Monsoon,12 hours,Normal,3.9,0.0,3.0,3.9,2.8,22.0,30.3,47.7,2.1,1.39,0.7,1.1,Low,12
2024-11-10,18:00,Kerala,Post-Monsoon,6 hours,Normal,1.4,2.4,2.3,2.8,2.5,33.6,27.7,38.7,2.09,2.64,1.75,1.1,Low,12
2024-02-02,18:00,Odisha,Winter,24 hours,Heat Wave,0.0,0.0,0.0,2.1,0.6,35.5,38.3,26.2,1.4,1.26,2.08,0.6,High,78
2024-09-11,12:00,Telangana,Southwest Monsoon,6 hours,Normal,14.9,8.6,11.0,17.9,14.4,20.1,23.2,56.7,4.05,3.44,1.11,0.5,Low,12
2024-09-17,00:00,Tamil Nadu,Southwest Monsoon,72 hours,Heavy Rain,102.9,79.6,108.8,105.1,103.1,12.4,31.5,56.1,9.15,3.31,1.64,0.2,Moderate,65
2024-05-17,00:00,Kerala,Summer,48 hours,Heat Wave,0.0,2.8,3.1,0.5,2.2,28.3,40.8,30.9,1.93,1.19,1.73,2.2,Severe,92
2024-05-09,18:00,Odisha,Summer,6 hours,Normal,0.7,5.7,1.4,1.6,2.9,32.8,37.5,29.7,1.62,1.36,1.84,2.2,Low,12
2024-07-07,06:00,Odisha,Southwest Monsoon,72 hours,Heavy Rain,74.7,64.1,71.4,75.1,72.5,13.2,30.7,56.1,11.45,4.64,2.31,2.2,Moderate,65
2024-07-31,06:00,Kerala,Southwest Monsoon,72 hours,Normal,9.5,8.2,19.3,12.6,12.4,35.3,19.8,44.9,3.45,6.52,2.6,2.9,Low,12
2024-05-17,00:00,Andhra Pradesh,Summer,48 hours,Storm/Cyclone,169.1,156.9,168.8,166.9,166.3,10.9,24.6,64.5,10.94,4.55,1.43,2.8,Severe,98
2024-11-12,12:00,Andhra Pradesh,Northeast Monsoon,24 hours,Heavy Rain,132.8,151.5,133.2,133.6,134.5,5.9,42.8,51.3,13.92,1.48,1.15,1.7,High,80
2024-03-08,12:00,Tamil Nadu,Summer,24 hours,Normal,0.0,0.0,2.0,1.9,1.5,25.0,29.5,45.5,3.44,2.84,1.66,1.5,Low,12
2024-11-10,06:00,Tamil Nadu,Northeast Monsoon,6 hours,Normal,15.3,12.1,21.2,15.0,15.6,12.7,15.4,71.9,4.7,3.8,0.42,0.3,Low,12
2024-05-18,06:00,Kerala,Summer,24 hours,Heat Wave,0.0,6.2,2.8,1.8,3.5,28.3,40.8,30.9,1.93,1.19,1.73,3.5,Severe,92
2024-11-02,18:00,Kerala,Post-Monsoon,12 hours,Normal,0.7,0.0,4.4,1.0,2.0,20.7,34.3,45.0,2.72,1.44,0.98,1.3,Low,12
2024-03-08,06:00,Telangana,Summer,12 hours,Normal,0.0,1.0,1.0,2.1,1.4,18.0,47.1,34.9,3.62,1.07,1.62,1.4,Moderate,55
2024-01-02,00:00,Rajasthan,Winter,24 hours,Heavy Rain,116.6,95.4,117.5,117.8,115.2,11.1,34.5,54.4,10.22,2.94,1.68,1.4,Moderate,65
2024-07-04,12:00,Maharashtra,Southwest Monsoon,48 hours,Heavy Rain,124.3,107.4,122.4,123.3,121.7,8.9,22.3,68.8,11.09,4.14,1.0,2.6,High,80
2024-08-04,06:00,Tamil Nadu,Southwest Monsoon,12 hours,Normal,6.5,3.2,4.5,8.7,6.1,25.0,29.5,45.5,3.44,2.84,1.66,0.4,Low,12
2024-10-21,18:00,Odisha,Post-Monsoon,24 hours,Heat Wave,0.0,2.2,0.0,1.7,1.2,35.5,38.3,26.2,1.4,1.26,2.08,1.2,Severe,92
2024-09-11,06:00,Andhra Pradesh,Southwest Monsoon,6 hours,Heavy Rain,88.5,78.7,87.5,86.9,86.3,10.1,33.0,56.9,12.68,3.52,1.83,2.2,Moderate,65
2024-07-19,00:00,Kerala,Southwest Monsoon,72 hours,Normal,13.3,9.9,10.8,14.7,12.2,35.3,19.8,44.9,3.45,6.52,2.6,1.1,Low,12
2024-09-11,00:00,Karnataka,Southwest Monsoon,48 hours,Normal,9.0,11.8,5.6,12.4,10.6,32.0,23.4,44.6,3.38,4.8,2.28,1.6,Low,12
2024-07-01,00:00,Telangana,Southwest Monsoon,48 hours,Normal,26.1,18.6,23.1,25.4,23.2,20.2,35.0,44.8,5.5,2.96,2.2,2.9,Low,17
2024-01-21,18:00,Tamil Nadu,Winter,24 hours,Heavy Rain,107.6,114.2,105.3,107.5,107.6,12.4,31.5,56.1,9.15,3.31,1.64,0.0,Moderate,65
2024-11-15,06:00,Kerala,Post-Monsoon,6 hours,Normal,0.2,3.4,6.8,3.1,4.2,33.6,27.7,38.7,2.09,2.64,1.75,4.0,Low,12
2024-06-12,00:00,Telangana,Southwest Monsoon,24 hours,Normal,5.5,5.4,5.1,6.5,5.7,36.4,28.0,35.6,1.68,2.33,1.73,0.2,Low,12
2024-09-03,00:00,Maharashtra,Southwest Monsoon,72 hours,Heavy Rain,93.3,66.4,84.2,94.7,87.7,15.1,25.8,59.1,14.52,8.28,3.34,5.6,Moderate,65
2024-01-30,12:00,Kerala,Winter,48 hours,Normal,0.8,2.0,10.3,1.2,3.3,41.1,19.8,39.1,2.38,5.46,2.52,2.5,Low,12
2024-06-05,12:00,Odisha,Southwest Monsoon,6 hours,Normal,6.6,1.1,9.5,6.5,6.7,11.6,26.6,61.8,7.01,2.78,0.91,0.1,Low,12
2024-05-13,00:00,Karnataka,Summer,6 hours,Heat Wave,0.0,0.0,0.0,2.4,0.5,21.0,56.4,22.6,2.66,0.68,2.44,0.5,Severe,92
2024-04-06,18:00,Karnataka,Summer,6 hours,Normal,0.0,0.0,0.0,0.4,0.2,25.8,35.8,38.4,1.76,1.13,1.02,0.2,Low,12
2024-12-27,06:00,Tamil Nadu,Northeast Monsoon,12 hours,Normal,11.8,11.3,15.9,10.2,12.2,25.0,29.5,45.5,3.44,2.84,1.66,0.4,Low,12
2024-07-27,18:00,Rajasthan,Southwest Monsoon,6 hours,Normal,4.3,0.3,7.2,3.4,4.3,19.4,38.7,41.9,3.1,1.31,1.17,0.0,Low,12
2024-10-25,18:00,Telangana,Post-Monsoon,12 hours,Normal,3.4,8.0,0.0,3.9,3.9,25.8,25.9,48.3,1.43,1.42,0.53,0.5,Low,12
2024-08-24,06:00,Kerala,Southwest Monsoon,24 hours,High Wind,13.7,10.9,11.5,14.5,13.1,19.5,23.9,56.6,4.86,3.87,1.35,0.6,Moderate,60
2024-10-21,18:00,Karnataka,Post-Monsoon,72 hours,Normal,0.6,0.0,2.9,1.5,0.7,64.8,12.2,23.0,0.24,3.42,1.58,0.1,Low,12
2024-06-03,12:00,Telangana,Southwest Monsoon,24 hours,Normal,5.4,5.5,3.7,7.4,5.7,36.4,28.0,35.6,1.68,2.33,1.73,0.3,Low,12
2024-02-24,12:00,Kerala,Winter,12 hours,Heavy Rain,88.9,129.7,87.9,89.7,92.7,9.0,31.2,59.8,14.13,3.71,1.7,3.8,Moderate,65
2024-09-30,00:00,Telangana,Southwest Monsoon,72 hours,Normal,5.8,2.0,15.7,4.1,5.3,30.3,16.1,53.6,4.11,8.21,2.11,0.5,Low,12
2024-11-14,06:00,Telangana,Post-Monsoon,48 hours,Normal,0.9,4.6,7.4,2.1,4.3,24.7,29.5,45.8,2.95,2.39,1.36,3.4,Low,12
2024-08-10,18:00,Kerala,Southwest Monsoon,12 hours,Storm/Cyclone,131.0,121.7,132.0,136.4,133.0,14.0,30.6,55.4,8.99,3.84,1.89,2.0,Severe,98
2024-08-04,00:00,Kerala,Southwest Monsoon,6 hours,Heavy Rain,90.1,107.8,89.9,89.7,91.2,7.6,39.0,53.4,10.22,1.58,1.02,1.1,Moderate,65
2024-09-20,12:00,Telangana,Southwest Monsoon,12 hours,High Wind,21.7,24.8,19.9,23.1,22.4,18.1,30.0,51.9,4.87,2.73,1.37,0.7,High,80
2024-11-10,18:00,Telangana,Post-Monsoon,48 hours,Normal,0.0,0.0,0.0,0.0,0.0,24.7,29.5,45.8,2.95,2.39,1.36,0.0,Low,12
2024-03-01,00:00,Telangana,Summer,48 hours,Heat Wave,0.0,0.0,2.0,0.0,0.7,34.9,34.6,30.5,1.86,1.88,2.2,0.7,Severe,92
2024-04-06,18:00,Andhra Pradesh,Summer,6 hours,Normal,0.0,5.1,0.0,1.5,1.4,20.2,52.9,26.9,2.44,0.62,1.7,1.4,Low,12
2024-10-01,12:00,Telangana,Post-Monsoon,6 hours,Normal,1.2,4.4,0.7,4.2,2.9,43.3,40.1,16.6,0.48,0.56,2.06,1.7,Low,12
2024-04-11,18:00,Kerala,Summer,48 hours,Heavy Rain,92.0,74.4,94.2,88.9,89.2,9.0,31.2,59.8,14.13,3.71,1.7,2.8,Moderate,65
2024-01-31,12:00,Tamil Nadu,Winter,12 hours,Normal,0.0,6.6,0.0,0.4,1.6,21.6,42.6,35.8,2.64,1.09,1.39,1.6,Low,12
2024-01-23,00:00,Maharashtra,Winter,12 hours,Storm/Cyclone,92.2,2.8,85.9,91.6,84.8,5.6,32.9,61.5,22.97,3.47,1.62,7.4,High,85
2024-10-18,00:00,Maharashtra,Post-Monsoon,12 hours,Normal,1.0,6.0,1.3,0.7,2.3,25.7,33.4,40.9,2.67,1.94,1.49,1.3,Low,12
2024-10-12,12:00,Andhra Pradesh,Northeast Monsoon,48 hours,Storm/Cyclone,180.1,184.1,178.5,178.9,179.4,10.9,24.6,64.5,10.94,4.55,1.43,0.7,Severe,98
2024-09-04,12:00,Odisha,Southwest Monsoon,6 hours,Normal,3.7,4.2,3.5,5.1,4.6,11.6,26.6,61.8,7.01,2.78,0.91,0.9,Low,12
2024-05-16,06:00,Rajasthan,Summer,6 hours,Normal,0.0,2.6,0.0,2.0,1.5,30.3,34.0,35.7,1.95,1.68,1.58,1.5,Severe,92
2024-04-09,06:00,Telangana,Summer,72 hours,Normal,0.0,0.0,7.5,0.2,2.0,54.8,25.5,19.7,0.69,2.05,2.8,2.0,Low,12
2024-04-02,06:00,Telangana,Summer,48 hours,Heat Wave,0.0,0.0,0.0,3.2,1.0,34.9,34.6,30.5,1.86,1.88,2.2,1.0,Moderate,55
2024-11-09,18:00,Kerala,Post-Monsoon,72 hours,Normal,0.0,0.1,0.0,2.2,1.2,23.5,23.7,52.8,4.47,4.43,1.72,1.2,Low,12
2024-10-01,12:00,Andhra Pradesh,Northeast Monsoon,72 hours,Heavy Rain,91.8,88.9,83.2,95.8,91.2,14.0,28.8,57.2,12.88,6.0,2.78,0.6,Moderate,65
2024-07-16,12:00,Kerala,Southwest Monsoon,72 hours,Storm/Cyclone,136.1,121.2,130.9,136.0,132.4,14.0,30.6,55.4,8.99,3.84,1.89,3.7,Severe,98
2024-09-07,18:00,Rajasthan,Southwest Monsoon,72 hours,High Wind,9.6,10.1,15.8,7.8,10.5,21.4,27.1,51.5,5.7,4.38,2.07,0.9,Moderate,60
2024-01-06,00:00,Telangana,Winter,24 hours,Normal,0.7,5.0,0.0,3.9,2.5,30.2,43.6,26.2,1.35,0.78,1.63,1.8,Low,12
2024-06-10,12:00,Rajasthan,Southwest Monsoon,48 hours,Heavy Rain,85.9,77.2,76.6,84.7,81.1,11.1,34.5,54.4,10.22,2.94,1.68,4.8,Moderate,65
2024-08-27,18:00,Kerala,Southwest Monsoon,12 hours,Storm/Cyclone,183.9,180.0,183.5,184.1,183.3,14.0,30.6,55.4,8.99,3.84,1.89,0.6,Severe,98
2024-09-15,18:00,Kerala,Southwest Monsoon,24 hours,Normal,7.5,16.5,7.5,8.3,10.2,26.1,29.7,44.2,3.09,2.66,1.62,2.7,Low,12
2024-03-19,18:00,Kerala,Summer,24 hours,Normal,0.0,0.0,0.0,3.7,1.1,29.5,41.0,29.5,1.87,1.21,1.87,1.1,Low,12
2024-11-03,12:00,Kerala,Post-Monsoon,72 hours,Heat Wave,0.0,0.0,0.9,0.4,0.5,28.3,40.8,30.9,1.93,1.19,1.73,0.5,Severe,92
2024-10-17,00:00,Maharashtra,Post-Monsoon,6 hours,Normal,0.0,8.7,0.0,1.4,2.7,23.4,32.4,44.2,1.95,1.27,0.8,2.7,Low,12
2024-01-11,18:00,Kerala,Winter,24 hours,Heavy Rain,62.5,28.5,61.2,61.0,58.1,9.0,31.2,59.8,14.13,3.71,1.7,4.4,Moderate,60
2024-01-20,12:00,Tamil Nadu,Winter,6 hours,Heat Wave,0.0,0.3,0.0,2.3,1.1,29.6,28.2,42.2,2.73,2.89,1.76,1.1,Severe,92
2024-03-01,18:00,Rajasthan,Summer,12 hours,Normal,0.7,0.0,1.7,2.1,1.6,15.9,37.2,46.9,3.38,1.16,0.82,0.9,Severe,92
2024-06-30,12:00,Kerala,Southwest Monsoon,24 hours,Normal,13.2,12.8,15.1,10.8,12.6,26.1,29.7,44.2,3.09,2.66,1.62,0.6,Low,12
2024-06-24,12:00,Rajasthan,Southwest Monsoon,72 hours,Heavy Rain,63.3,53.9,63.1,62.8,61.9,11.1,34.5,54.4,10.22,2.94,1.68,1.4,Moderate,60
2024-09-06,12:00,Karnataka,Southwest Monsoon,72 hours,Storm/Cyclone,123.6,96.7,112.9,121.1,116.4,9.8,28.3,61.9,16.01,5.2,2.1,7.2,Severe,98
2024-04-21,06:00,Karnataka,Summer,12 hours,High Wind,2.6,2.5,5.0,4.3,4.0,24.0,25.8,50.2,3.25,2.98,1.29,1.4,Moderate,60
2024-11-16,18:00,Kerala,Post-Monsoon,24 hours,Normal,0.7,0.0,0.9,3.6,1.9,26.1,29.7,44.2,3.09,2.66,1.62,1.2,Low,12
2024-02-10,06:00,Kerala,Winter,24 hours,High Wind,8.8,10.2,14.8,5.7,8.8,19.5,23.9,56.6,4.86,3.87,1.35,0.0,Moderate,60
2024-12-13,00:00,Andhra Pradesh,Northeast Monsoon,12 hours,High Wind,34.4,32.6,29.4,33.2,32.0,24.7,27.3,48.0,3.47,3.08,1.54,2.4,Moderate,60
2024-06-18,18:00,Rajasthan,Southwest Monsoon,48 hours,Normal,4.1,7.1,1.9,4.1,4.2,19.4,20.2,60.4,4.8,4.58,1.2,0.1,Low,12
2024-09-26,12:00,Kerala,Southwest Monsoon,12 hours,Heavy Rain,110.5,120.9,110.7,108.8,110.2,5.7,39.9,54.4,18.52,2.2,1.48,0.3,Moderate,65
2024-01-03,12:00,Karnataka,Winter,48 hours,Normal,0.0,5.7,0.0,2.7,2.7,29.4,33.8,36.8,2.25,1.89,1.69,2.7,Low,12
2024-06-28,12:00,Odisha,Southwest Monsoon,6 hours,Normal,8.5,9.2,14.4,9.0,10.5,11.6,26.6,61.8,7.01,2.78,0.91,2.0,Low,12
2024-01-08,00:00,Odisha,Winter,48 hours,Normal,1.0,11.1,4.2,3.6,5.8,26.6,30.1,43.3,2.82,2.44,1.54,4.8,Low,12
2024-11-29,12:00,Andhra Pradesh,Northeast Monsoon,12 hours,Heavy Rain,127.3,113.2,122.6,124.7,123.0,8.2,35.9,55.9,12.92,2.56,1.46,4.3,High,80
2024-12-12,06:00,Rajasthan,Post-Monsoon,6 hours,Normal,0.0,1.5,0.8,2.2,1.6,24.6,29.0,46.4,3.36,2.77,1.54,1.6,Low,12
2024-10-23,00:00,Andhra Pradesh,Northeast Monsoon,24 hours,Normal,22.0,29.3,21.4,21.8,23.7,27.3,31.2,41.5,3.01,2.57,1.81,1.7,Low,18
2024-09-15,18:00,Tamil Nadu,Southwest Monsoon,48 hours,Normal,4.7,4.4,0.4,1.4,1.9,23.0,22.8,54.2,5.31,5.37,1.97,2.8,Low,12
2024-04-19,00:00,Kerala,Summer,12 hours,Normal,0.6,0.0,0.0,2.2,0.8,41.5,20.2,38.3,0.76,2.1,0.87,0.2,Low,12
2024-06-07,00:00,Telangana,Southwest Monsoon,24 hours,Heavy Rain,71.7,86.3,70.9,73.4,73.1,4.7,36.3,59.0,25.57,2.88,1.58,1.4,Moderate,65
2024-03-25,00:00,Tamil Nadu,Summer,12 hours,High Wind,15.7,13.8,16.3,18.1,16.4,26.7,31.8,41.5,3.43,2.8,2.02,0.7,Moderate,60
2024-04-13,06:00,Karnataka,Summer,48 hours,Normal,0.0,1.5,5.3,0.0,2.2,40.6,30.2,29.2,1.58,2.3,2.4,2.2,Low,12
2024-10-15,00:00,Odisha,Post-Monsoon,12 hours,Normal,0.6,0.0,3.3,1.4,1.7,25.2,35.0,39.8,3.0,2.02,1.71,1.1,Low,12
2024-01-17,18:00,Telangana,Winter,72 hours,Normal,0.9,0.0,4.5,3.7,1.8,54.4,16.8,28.8,0.93,4.13,2.2,0.9,Low,12
2024-09-25,06:00,Karnataka,Southwest Monsoon,24 hours,Heat Wave,0.0,0.0,0.0,1.3,0.3,21.0,56.4,22.6,2.66,0.68,2.44,0.3,High,78
2024-01-30,00:00,Maharashtra,Winter,24 hours,Normal,0.0,3.0,3.6,2.1,2.8,25.7,33.4,40.9,2.67,1.94,1.49,2.8,Low,12
2024-02-23,18:00,Tamil Nadu,Winter,6 hours,Normal,0.0,5.8,0.0,3.0,2.8,25.0,29.5,45.5,3.44,2.84,1.66,2.8,Low,12
2024-10-03,06:00,Odisha,Post-Monsoon,6 hours,Normal,0.4,1.5,4.6,0.3,2.1,25.2,35.0,39.8,3.0,2.02,1.71,1.7,Low,12
2024-02-07,18:00,Rajasthan,Winter,12 hours,Heavy Rain,82.2,77.0,78.5,85.6,82.2,11.1,34.5,54.4,10.22,2.94,1.68,0.0,Moderate,65
2024-08-17,06:00,Telangana,Southwest Monsoon,12 hours,Normal,8.1,9.4,10.5,8.0,9.1,22.0,30.3,47.7,2.1,1.39,0.7,1.0,Low,12
2024-12-01,06:00,Odisha,Post-Monsoon,48 hours,Heavy Rain,64.5,64.5,69.4,65.2,66.7,11.2,36.4,52.4,10.29,2.83,1.81,2.2,Moderate,65
2024-05-24,00:00,Maharashtra,Summer,6 hours,Normal,0.6,0.0,2.0,0.0,0.6,20.3,28.3,51.4,2.49,1.64,0.68,0.0,Low,12
2024-02-13,18:00,Odisha,Winter,72 hours,Normal,0.5,2.2,5.9,4.8,4.5,25.2,35.0,39.8,3.0,2.02,1.71,4.0,Low,12
2024-06-08,18:00,Tamil Nadu,Southwest Monsoon,48 hours,Storm/Cyclone,135.9,128.0,143.9,133.4,135.2,9.7,22.0,68.3,13.44,5.63,1.48,0.7,Severe,98
2024-07-04,00:00,Odisha,Southwest Monsoon,6 hours,High Wind,7.2,4.2,6.3,6.9,6.2,19.9,33.5,46.6,5.74,3.21,2.17,1.0,Moderate,60
2024-01-10,12:00,Kerala,Winter,12 hours,Normal,0.0,0.0,0.0,2.4,1.0,23.9,33.4,42.7,2.35,1.54,1.1,1.0,Low,12
2024-05-13,18:00,Kerala,Summer,72 hours,Normal,0.0,12.3,0.0,0.1,2.6,21.1,36.8,42.1,4.18,2.18,1.84,2.6,Low,12
2024-01-06,12:00,Telangana,Winter,24 hours,Normal,0.0,0.0,3.7,1.8,2.1,30.2,43.6,26.2,1.35,0.78,1.63,2.1,Low,12
2024-06-16,06:00,Andhra Pradesh,Southwest Monsoon,72 hours,Heavy Rain,135.0,103.4,139.6,130.7,130.8,10.9,34.7,54.4,9.58,2.66,1.52,4.2,High,80
2024-11-04,18:00,Tamil Nadu,Northeast Monsoon,72 hours,Heavy Rain,160.1,156.9,156.0,159.9,158.8,14.9,17.5,67.6,6.3,5.31,1.0,1.3,High,80
2024-08-29,06:00,Maharashtra,Southwest Monsoon,48 hours,Heat Wave,0.0,0.0,11.1,2.2,4.1,38.0,30.7,31.3,1.43,1.89,1.84,4.1,High,78
2024-04-22,06:00,Kerala,Summer,6 hours,Normal,1.0,1.1,0.4,1.9,1.2,28.3,31.8,39.9,2.0,1.72,1.27,0.2,Low,12
2024-08-22,06:00,Maharashtra,Southwest Monsoon,12 hours,Normal,8.8,3.8,6.4,8.1,6.4,25.7,33.4,40.9,2.67,1.94,1.49,2.4,Low,12
2024-06-28,12:00,Tamil Nadu,Southwest Monsoon,6 hours,Normal,13.9,21.8,15.8,15.5,17.2,25.0,29.5,45.5,3.44,2.84,1.66,3.3,Low,13
2024-07-01,00:00,Andhra Pradesh,Southwest Monsoon,24 hours,Normal,4.4,1.3,5.9,7.6,5.9,16.3,41.1,42.6,4.45,1.46,1.39,1.5,Low,12
2024-06-20,18:00,Odisha,Southwest Monsoon,6 hours,Normal,5.1,49.6,10.3,5.2,11.7,11.6,26.6,61.8,7.01,2.78,0.91,6.6,Low,12
2024-07-02,12:00,Rajasthan,Southwest Monsoon,48 hours,Normal,9.8,0.0,16.4,8.6,8.5,19.4,20.2,60.4,4.8,4.58,1.2,1.3,Low,12
2024-04-04,00:00,Tamil Nadu,Summer,48 hours,Storm/Cyclone,178.0,150.8,168.0,179.1,173.9,9.7,22.0,68.3,13.44,5.63,1.48,4.1,Severe,98
2024-09-21,18:00,Telangana,Southwest Monsoon,72 hours,Heat Wave,0.0,13.4,1.3,1.4,4.9,29.5,34.4,36.1,2.23,1.84,1.73,4.9,Moderate,55
2024-02-21,12:00,Kerala,Winter,24 hours,Normal,2.5,2.0,3.3,1.9,2.2,62.5,17.8,19.7,0.3,2.3,2.04,0.3,Low,12
2024-06-26,18:00,Rajasthan,Southwest Monsoon,72 hours,Normal,4.2,10.9,8.0,8.6,9.2,31.2,20.8,48.0,3.9,6.09,2.36,5.0,Low,12
2024-12-16,06:00,Andhra Pradesh,Northeast Monsoon,48 hours,Normal,14.4,17.2,11.5,13.1,14.2,31.6,15.1,53.3,3.1,7.02,1.63,0.2,Low,12
2024-01-30,12:00,Karnataka,Winter,12 hours,Heavy Rain,127.2,112.9,124.3,125.0,123.6,9.9,29.7,60.4,13.22,4.05,1.74,3.6,High,80
2024-10-30,12:00,Rajasthan,Post-Monsoon,12 hours,Storm/Cyclone,146.4,114.8,143.7,146.4,142.2,11.0,28.3,60.7,10.5,3.76,1.49,4.2,Severe,98
2024-10-14,06:00,Maharashtra,Post-Monsoon,24 hours,Normal,0.2,3.2,0.4,2.7,2.1,25.5,33.7,40.8,2.0,1.39,1.06,1.9,Low,12
2024-02-04,18:00,Odisha,Winter,24 hours,Normal,0.0,0.0,3.2,2.0,1.7,32.6,30.0,37.4,1.48,1.65,1.23,1.7,Low,12
2024-07-30,18:00,Odisha,Southwest Monsoon,48 hours,High Wind,25.2,25.5,35.2,30.0,30.8,19.9,33.5,46.6,5.74,3.21,2.17,5.6,Moderate,60
2024-08-24,12:00,Telangana,Southwest Monsoon,48 hours,Normal,13.3,3.7,6.8,17.0,10.7,20.2,35.0,44.8,5.5,2.96,2.2,2.6,Low,12
2024-11-11,18:00,Telangana,Post-Monsoon,72 hours,Storm/Cyclone,112.9,67.2,118.1,114.5,112.6,6.7,36.0,57.3,18.62,3.06,1.74,0.3,High,85
2024-04-22,00:00,Odisha,Summer,48 hours,Heavy Rain,83.5,83.7,74.5,83.2,80.1,11.2,36.4,52.4,10.29,2.83,1.81,3.4,Moderate,65
2024-11-05,12:00,Andhra Pradesh,Northeast Monsoon,24 hours,Normal,15.9,19.7,20.5,14.7,17.9,27.3,31.2,41.5,3.01,2.57,1.81,2.0,Low,13
2024-12-01,06:00,Maharashtra,Post-Monsoon,12 hours,High Wind,5.6,0.0,8.5,4.8,4.6,21.0,21.8,57.2,4.3,4.13,1.26,1.0,Moderate,60
2024-12-18,06:00,Tamil Nadu,Northeast Monsoon,72 hours,Heavy Rain,151.7,150.7,148.3,153.5,152.2,14.9,17.5,67.6,6.3,5.31,1.0,0.5,High,80
2024-08-05,06:00,Kerala,Southwest Monsoon,24 hours,High Wind,14.9,15.4,9.8,14.2,13.4,19.5,23.9,56.6,4.86,3.87,1.35,1.5,High,80
2024-02-02,18:00,Karnataka,Winter,48 hours,Heavy Rain,54.2,41.0,51.0,58.2,54.4,9.9,29.7,60.4,13.22,4.05,1.74,0.2,Low,42
2024-10-07,00:00,Karnataka,Post-Monsoon,48 hours,Heavy Rain,51.0,42.3,43.7,53.7,49.9,12.5,24.1,63.4,15.1,7.62,2.58,1.1,Low,38
2024-07-27,12:00,Karnataka,Southwest Monsoon,48 hours,Heavy Rain,115.6,98.6,109.3,115.5,112.9,8.3,19.8,71.9,11.59,4.56,0.89,2.7,Moderate,65
2024-04-27,12:00,Karnataka,Summer,24 hours,Normal,0.0,0.0,0.0,1.5,0.4,19.2,53.4,27.4,2.8,0.69,1.82,0.4,Moderate,55
2024-05-13,06:00,Rajasthan,Summer,72 hours,High Wind,2.3,0.0,4.4,2.0,2.2,21.4,27.1,51.5,5.7,4.38,2.07,0.1,Moderate,60
2024-02-23,06:00,Rajasthan,Winter,48 hours,Normal,1.8,0.0,0.0,3.0,1.4,24.6,29.0,46.4,3.36,2.77,1.54,0.4,Low,12
2024-06-07,06:00,Karnataka,Southwest Monsoon,12 hours,Heavy Rain,148.9,160.0,149.9,149.3,150.4,7.7,40.3,52.0,11.26,1.73,1.23,1.5,High,80
2024-10-27,18:00,Telangana,Post-Monsoon,12 hours,Normal,1.0,1.2,4.5,1.2,2.1,25.8,25.9,48.3,1.43,1.42,0.53,1.1,Low,12
2024-02-17,12:00,Kerala,Winter,24 hours,Heat Wave,0.0,0.0,0.0,1.8,0.6,28.3,40.8,30.9,1.93,1.19,1.73,0.6,Severe,92
2024-10-04,12:00,Maharashtra,Post-Monsoon,6 hours,Heavy Rain,69.8,47.7,71.3,71.0,68.8,10.0,27.1,62.9,12.42,4.26,1.55,1.0,Moderate,65
2024-06-18,06:00,Maharashtra,Southwest Monsoon,24 hours,Normal,17.7,15.1,19.1,17.7,17.6,22.7,32.5,44.8,3.34,2.18,1.44,0.1,Low,13
2024-04-09,18:00,Kerala,Summer,6 hours,Normal,0.4,0.0,5.4,0.8,2.0,28.3,31.8,39.9,2.0,1.72,1.27,1.6,Low,12
2024-03-10,00:00,Odisha,Summer,48 hours,Heavy Rain,101.3,83.0,109.1,106.0,104.6,11.2,36.4,52.4,10.29,2.83,1.81,3.3,Moderate,65
2024-06-22,00:00,Tamil Nadu,Southwest Monsoon,48 hours,Normal,5.7,6.2,10.8,7.7,8.1,23.0,22.8,54.2,5.31,5.37,1.97,2.4,Low,12
2024-04-09,00:00,Telangana,Summer,48 hours,Heat Wave,0.0,0.0,0.0,5.1,1.6,34.9,34.6,30.5,1.86,1.88,2.2,1.6,Severe,92
2024-08-23,00:00,Tamil Nadu,Southwest Monsoon,6 hours,Heat Wave,0.0,5.7,0.0,1.8,2.4,29.6,28.2,42.2,2.73,2.89,1.76,2.4,Severe,92
2024-05-19,00:00,Odisha,Summer,24 hours,Storm/Cyclone,124.7,98.1,122.6,125.1,122.0,9.0,28.5,62.5,14.51,4.26,1.67,2.7,Severe,98
2024-01-06,12:00,Maharashtra,Winter,12 hours,Normal,0.0,0.0,3.1,2.1,1.9,28.6,39.1,32.3,1.97,1.31,1.69,1.9,Low,12
2024-08-17,06:00,Andhra Pradesh,Southwest Monsoon,6 hours,Heavy Rain,91.6,95.2,88.8,87.9,88.9,10.1,33.0,56.9,12.68,3.52,1.83,2.7,Moderate,65
2024-02-27,18:00,Maharashtra,Winter,12 hours,Heavy Rain,70.9,65.5,66.5,70.7,69.2,8.8,23.8,67.4,10.72,3.65,0.97,1.7,Moderate,65
2024-09-09,18:00,Kerala,Southwest Monsoon,48 hours,Heavy Rain,130.4,117.0,133.1,128.6,129.3,9.2,39.9,50.9,17.49,3.64,2.74,1.1,High,80
2024-12-08,18:00,Telangana,Post-Monsoon,6 hours,Normal,1.8,2.6,2.7,3.3,2.8,43.3,40.1,16.6,0.48,0.56,2.06,1.0,Low,12
2024-10-18,00:00,Kerala,Post-Monsoon,48 hours,Heavy Rain,79.7,71.4,66.7,84.2,77.6,9.0,31.2,59.8,14.13,3.71,1.7,2.1,Moderate,65
2024-01-14,12:00,Odisha,Winter,48 hours,Heavy Rain,78.1,81.5,77.3,84.4,81.5,11.2,36.4,52.4,10.29,2.83,1.81,3.4,Moderate,65
2024-11-25,06:00,Odisha,Post-Monsoon,6 hours,Normal,0.3,5.4,0.0,0.7,1.6,25.2,35.0,39.8,3.0,2.02,1.71,1.3,Low,12
2024-07-28,00:00,Kerala,Southwest Monsoon,72 hours,Heavy Rain,141.6,154.1,135.4,141.6,141.8,12.1,20.6,67.3,9.57,5.43,1.31,0.2,High,80
2024-01-11,06:00,Rajasthan,Winter,24 hours,Normal,0.0,3.7,0.7,1.8,1.8,25.7,43.7,30.6,1.88,0.9,1.5,1.8,Low,12
2024-12-04,18:00,Karnataka,Post-Monsoon,12 hours,Normal,0.0,6.3,0.8,1.5,2.1,19.3,48.1,32.6,2.6,0.74,1.33,2.1,Low,12
2024-07-04,12:00,Karnataka,Southwest Monsoon,12 hours,Heavy Rain,140.9,127.1,140.8,139.8,139.2,7.7,40.3,52.0,11.26,1.73,1.23,1.7,High,80
2024-03-07,18:00,Maharashtra,Summer,48 hours,Normal,0.0,3.8,1.7,4.9,3.1,13.4,51.6,35.0,6.3,1.26,2.1,3.1,Low,12
2024-07-07,12:00,Tamil Nadu,Southwest Monsoon,72 hours,Normal,6.7,11.7,1.9,9.4,7.8,25.0,29.5,45.5,3.44,2.84,1.66,1.1,Low,12
2024-09-01,00:00,Maharashtra,Southwest Monsoon,48 hours,Heavy Rain,133.5,125.3,124.2,135.0,131.7,8.9,22.3,68.8,11.09,4.14,1.0,1.8,High,80
2024-04-16,00:00,Andhra Pradesh,Summer,24 hours,Normal,0.6,0.0,0.0,1.0,0.3,24.8,42.9,32.3,2.61,1.3,1.89,0.3,Low,12
2024-02-09,18:00,Maharashtra,Winter,24 hours,Heat Wave,0.0,2.2,0.0,0.4,1.0,38.0,30.7,31.3,1.43,1.89,1.84,1.0,Severe,92
2024-12-05,00:00,Rajasthan,Post-Monsoon,48 hours,Heat Wave,0.0,8.0,0.0,0.0,1.8,22.6,43.4,34.0,2.55,1.09,1.53,1.8,Severe,92
2024-12-24,06:00,Kerala,Post-Monsoon,6 hours,High Wind,3.0,8.5,2.8,4.7,5.0,19.5,23.9,56.6,4.86,3.87,1.35,2.0,High,80
2024-02-09,00:00,Karnataka,Winter,24 hours,Normal,0.1,0.0,0.0,1.8,0.4,23.2,55.1,21.7,1.73,0.44,1.89,0.3,Low,12
2024-09-11,00:00,Odisha,Southwest Monsoon,24 hours,Normal,5.0,5.1,4.9,8.2,6.3,25.2,35.0,39.8,3.0,2.02,1.71,1.3,Low,12
2024-05-15,00:00,Tamil Nadu,Summer,48 hours,Heavy Rain,129.5,114.7,136.9,128.2,128.5,14.6,25.7,59.7,10.92,5.98,2.28,1.0,High,80
2024-05-21,12:00,Telangana,Summer,6 hours,Normal,0.0,0.0,5.9,1.3,1.7,39.4,19.4,41.2,0.88,2.3,0.82,1.7,Severe,92
2024-06-07,12:00,Tamil Nadu,Southwest Monsoon,6 hours,Normal,5.0,0.0,3.2,4.5,3.0,25.0,29.5,45.5,3.44,2.84,1.66,2.0,Low,12
2024-12-05,12:00,Tamil Nadu,Northeast Monsoon,24 hours,Normal,17.4,22.4,17.2,16.7,18.3,25.0,29.5,45.5,3.44,2.84,1.66,0.9,Low,14
2024-07-08,00:00,Andhra Pradesh,Southwest Monsoon,6 hours,Normal,7.2,10.1,6.5,7.6,7.9,24.0,24.3,51.7,2.94,2.9,1.1,0.7,Low,12
2024-08-19,00:00,Maharashtra,Southwest Monsoon,24 hours,Heavy Rain,104.7,105.5,105.8,103.7,104.4,10.0,27.1,62.9,12.42,4.26,1.55,0.3,Moderate,65
2024-10-05,12:00,Rajasthan,Post-Monsoon,24 hours,Heavy Rain,89.9,105.0,90.7,92.8,93.4,11.1,34.5,54.4,10.22,2.94,1.68,3.5,Moderate,65
2024-04-20,18:00,Karnataka,Summer,12 hours,Normal,0.9,0.0,2.6,2.1,1.3,46.7,26.4,26.9,0.92,2.02,1.97,0.4,Low,12
2024-06-22,18:00,Andhra Pradesh,Southwest Monsoon,12 hours,High Wind,24.8,34.2,26.8,21.2,25.9,24.7,27.3,48.0,3.47,3.08,1.54,1.1,Moderate,60
2024-03-28,00:00,Maharashtra,Summer,6 hours,Normal,0.8,0.0,1.8,1.4,1.2,20.3,28.3,51.4,2.49,1.64,0.68,0.4,Low,12
2024-06-14,18:00,Rajasthan,Southwest Monsoon,6 hours,Normal,4.8,8.4,6.4,5.9,6.6,19.4,38.7,41.9,3.1,1.31,1.17,1.8,Low,12
2024-05-17,00:00,Telangana,Summer,72 hours,Normal,0.9,0.6,0.0,3.6,1.0,54.8,25.5,19.7,0.69,2.05,2.8,0.1,Low,12
2024-10-29,12:00,Andhra Pradesh,Northeast Monsoon,48 hours,Storm/Cyclone,211.5,219.4,214.9,212.3,213.7,10.9,24.6,64.5,10.94,4.55,1.43,2.2,Severe,98
2024-12-22,12:00,Maharashtra,Post-Monsoon,72 hours,Normal,0.7,7.7,0.4,2.8,2.8,20.4,42.8,36.8,4.08,1.68,2.04,2.1,Low,12
2024-07-29,18:00,Tamil Nadu,Southwest Monsoon,6 hours,High Wind,24.3,25.6,21.9,22.9,23.3,26.7,31.8,41.5,3.43,2.8,2.02,1.0,Moderate,60
2024-11-28,00:00,Andhra Pradesh,Northeast Monsoon,72 hours,Heavy Rain,141.3,129.8,139.9,139.0,138.0,14.0,28.8,57.2,12.88,6.0,2.78,3.3,High,80
2024-10-11,18:00,Kerala,Post-Monsoon,72 hours,Normal,0.0,11.9,9.8,3.4,6.9,23.5,23.7,52.8,4.47,4.43,1.72,6.9,Low,12
2024-10-04,12:00,Andhra Pradesh,Northeast Monsoon,12 hours,Normal,10.6,6.3,11.9,12.8,10.7,27.3,31.2,41.5,3.01,2.57,1.81,0.1,Low,12
2024-06-14,18:00,Maharashtra,Southwest Monsoon,12 hours,Heavy Rain,121.6,112.5,119.0,122.0,120.0,12.0,28.4,59.6,6.93,2.65,1.0,1.6,High,80
2024-08-03,00:00,Telangana,Southwest Monsoon,48 hours,Normal,3.8,0.0,0.0,6.9,3.1,20.2,35.0,44.8,5.5,2.96,2.2,0.7,Low,12
2024-03-09,12:00,Odisha,Summer,48 hours,Normal,0.0,8.5,0.1,6.5,4.8,25.2,35.0,39.8,3.0,2.02,1.71,4.8,Low,12
2024-05-19,00:00,Kerala,Summer,24 hours,Normal,2.5,1.9,3.9,4.0,3.3,29.5,41.0,29.5,1.87,1.21,1.87,0.8,Low,12
2024-11-30,00:00,Karnataka,Post-Monsoon,12 hours,Normal,0.0,2.9,0.0,2.9,1.5,19.3,48.1,32.6,2.6,0.74,1.33,1.5,Low,12
2024-10-05,18:00,Telangana,Post-Monsoon,72 hours,Heat Wave,0.0,0.0,14.9,1.8,5.8,29.5,34.4,36.1,2.23,1.84,1.73,5.8,Severe,92
2024-06-21,06:00,Rajasthan,Southwest Monsoon,6 hours,Normal,5.6,13.5,6.4,6.6,7.9,19.4,38.7,41.9,3.1,1.31,1.17,2.3,Low,12
2024-09-21,18:00,Maharashtra,Southwest Monsoon,48 hours,Heavy Rain,94.6,76.2,97.4,94.6,93.6,8.9,22.3,68.8,11.09,4.14,1.0,1.0,Moderate,65
2024-07-26,00:00,Karnataka,Southwest Monsoon,12 hours,Heavy Rain,133.2,138.5,130.9,134.4,133.3,7.7,40.3,52.0,11.26,1.73,1.23,0.1,High,80
2024-03-25,18:00,Kerala,Summer,72 hours,Heavy Rain,91.9,109.8,98.8,93.3,96.5,9.0,31.2,59.8,14.13,3.71,1.7,4.6,Moderate,65
2024-06-02,12:00,Tamil Nadu,Southwest Monsoon,6 hours,Heavy Rain,138.6,144.7,136.4,137.4,137.8,10.8,37.1,52.1,7.25,1.76,1.11,0.8,High,80
2024-12-06,06:00,Kerala,Post-Monsoon,24 hours,Heavy Rain,117.0,126.3,112.6,117.1,116.5,9.0,31.2,59.8,14.13,3.71,1.7,0.5,High,80
2024-02-04,06:00,Karnataka,Winter,6 hours,Normal,0.0,0.0,0.0,1.8,0.5,35.2,35.8,29.0,1.26,1.23,1.64,0.5,Low,12
2024-06-08,18:00,Andhra Pradesh,Southwest Monsoon,48 hours,Storm/Cyclone,105.6,99.0,108.2,103.6,104.2,10.9,24.6,64.5,10.94,4.55,1.43,1.4,High,85
2024-10-08,12:00,Andhra Pradesh,Northeast Monsoon,6 hours,Heavy Rain,99.5,120.1,101.9,97.6,101.3,10.1,33.0,56.9,12.68,3.52,1.83,1.8,Moderate,65
2024-03-01,00:00,Telangana,Summer,6 hours,Normal,0.5,2.5,2.3,0.0,1.4,39.4,19.4,41.2,0.88,2.3,0.82,0.9,Low,12
2024-12-12,06:00,Andhra Pradesh,Northeast Monsoon,48 hours,Heavy Rain,135.2,150.8,140.8,135.9,137.9,7.0,18.8,74.2,17.62,6.28,1.22,2.7,High,80
2024-12-18,06:00,Rajasthan,Post-Monsoon,72 hours,Normal,1.4,6.1,15.6,2.5,6.0,26.0,19.8,54.2,4.23,5.73,1.77,4.6,Low,12
2024-06-13,06:00,Tamil Nadu,Southwest Monsoon,48 hours,Normal,4.2,8.0,0.0,4.3,4.2,23.0,22.8,54.2,5.31,5.37,1.97,0.0,Low,12
2024-10-29,18:00,Maharashtra,Post-Monsoon,72 hours,Heat Wave,0.0,7.4,0.0,2.7,3.7,38.0,30.7,31.3,1.43,1.89,1.84,3.7,Severe,92
2024-06-28,12:00,Maharashtra,Southwest Monsoon,12 hours,Normal,10.2,10.3,10.3,14.6,12.1,25.7,33.4,40.9,2.67,1.94,1.49,1.9,Low,12
2024-05-06,12:00,Karnataka,Summer,6 hours,Normal,0.0,0.0,0.0,1.5,0.6,25.8,35.8,38.4,1.76,1.13,1.02,0.6,Low,12
2024-04-27,00:00,Andhra Pradesh,Summer,24 hours,Normal,0.0,3.8,0.0,3.7,2.1,24.8,42.9,32.3,2.61,1.3,1.89,2.1,Low,12
2024-07-12,00:00,Odisha,Southwest Monsoon,6 hours,Heavy Rain,95.7,100.3,100.5,95.0,97.7,13.2,36.9,49.9,7.21,2.26,1.54,2.0,Moderate,65
2024-11-22,00:00,Andhra Pradesh,Northeast Monsoon,24 hours,High Wind,19.6,12.7,21.2,21.5,19.2,24.7,27.3,48.0,3.47,3.08,1.54,0.4,Moderate,60
2024-02-10,12:00,Karnataka,Winter,6 hours,Normal,0.3,0.0,0.0,0.0,0.0,35.2,35.8,29.0,1.26,1.23,1.64,0.3,Low,12
2024-08-07,00:00,Kerala,Southwest Monsoon,48 hours,High Wind,15.1,6.3,24.6,11.1,13.4,19.5,23.9,56.6,4.86,3.87,1.35,1.7,High,80
2024-11-05,18:00,Rajasthan,Post-Monsoon,72 hours,Normal,0.8,0.0,0.0,0.3,0.2,26.0,19.8,54.2,4.23,5.73,1.77,0.6,Low,12
2024-01-27,06:00,Telangana,Winter,24 hours,Normal,0.0,0.0,0.0,0.7,0.2,30.2,43.6,26.2,1.35,0.78,1.63,0.2,Low,12
2024-11-28,06:00,Andhra Pradesh,Northeast Monsoon,48 hours,Normal,11.6,12.3,0.0,8.4,8.4,31.6,15.1,53.3,3.1,7.02,1.63,3.2,Low,12
2024-11-07,00:00,Kerala,Post-Monsoon,48 hours,Heavy Rain,77.7,82.3,85.4,75.5,79.2,9.0,31.2,59.8,14.13,3.71,1.7,1.5,Moderate,65
2024-05-05,12:00,Maharashtra,Summer,6 hours,Normal,4.5,1.7,2.2,5.0,3.5,20.3,28.3,51.4,2.49,1.64,0.68,1.0,Low,12
2024-12-12,12:00,Karnataka,Post-Monsoon,72 hours,Normal,0.6,0.0,2.1,2.4,0.8,64.8,12.2,23.0,0.24,3.42,1.58,0.2,Low,12
2024-10-13,18:00,Andhra Pradesh,Northeast Monsoon,6 hours,Normal,11.2,15.1,9.2,12.4,12.1,27.3,31.2,41.5,3.01,2.57,1.81,0.9,Low,12
2024-04-28,12:00,Rajasthan,Summer,12 hours,Normal,0.0,0.0,1.8,0.0,0.7,15.9,37.2,46.9,3.38,1.16,0.82,0.7,High,78
2024-10-07,00:00,Kerala,Post-Monsoon,48 hours,Heat Wave,0.0,2.7,0.0,4.4,2.1,28.3,40.8,30.9,1.93,1.19,1.73,2.1,Severe,92
2024-10-10,12:00,Kerala,Post-Monsoon,48 hours,Normal,0.0,2.1,3.2,3.5,3.0,26.1,29.7,44.2,3.09,2.66,1.62,3.0,Low,12
2024-06-24,06:00,Andhra Pradesh,Southwest Monsoon,24 hours,Heavy Rain,65.0,55.1,62.7,67.4,64.6,8.6,36.8,54.6,12.64,2.56,1.56,0.4,Moderate,65
2024-03-14,12:00,Odisha,Summer,6 hours,Normal,0.0,1.4,4.7,1.8,2.8,32.8,37.5,29.7,1.62,1.36,1.84,2.8,Low,12
2024-04-23,06:00,Andhra Pradesh,Summer,6 hours,Heat Wave,0.0,1.1,0.5,2.4,1.3,14.8,50.1,35.1,4.81,1.07,1.74,1.3,Severe,92
2024-02-25,00:00,Kerala,Winter,48 hours,Normal,0.0,0.0,11.8,4.9,4.3,41.1,19.8,39.1,2.38,5.46,2.52,4.3,Low,12
2024-12-01,12:00,Kerala,Post-Monsoon,12 hours,Normal,1.9,1.5,2.5,2.6,2.3,20.7,34.3,45.0,2.72,1.44,0.98,0.4,Low,12
2024-01-13,18:00,Kerala,Winter,72 hours,Heat Wave,0.0,8.0,0.0,0.7,2.5,28.3,40.8,30.9,1.93,1.19,1.73,2.5,Severe,92
2024-07-27,12:00,Rajasthan,Southwest Monsoon,24 hours,Heat Wave,0.0,1.5,2.1,1.8,1.9,22.6,43.4,34.0,2.55,1.09,1.53,1.9,Severe,92
2024-06-23,00:00,Karnataka,Southwest Monsoon,48 hours,Heavy Rain,93.0,99.2,91.7,93.7,93.8,8.3,19.8,71.9,11.59,4.56,0.89,0.8,Moderate,65
2024-12-27,06:00,Kerala,Post-Monsoon,48 hours,Normal,0.0,8.5,1.4,2.7,3.8,26.1,29.7,44.2,3.09,2.66,1.62,3.8,Low,12
2024-07-19,12:00,Andhra Pradesh,Southwest Monsoon,6 hours,Heavy Rain,67.6,61.3,66.6,69.3,67.6,10.1,33.0,56.9,12.68,3.52,1.83,0.0,Moderate,65
2024-07-25,06:00,Rajasthan,Southwest Monsoon,48 hours,Heat Wave,0.0,0.0,0.0,0.1,0.0,22.6,43.4,34.0,2.55,1.09,1.53,0.0,Severe,92
2024-04-25,18:00,Kerala,Summer,6 hours,Heavy Rain,119.6,88.7,119.6,119.4,116.7,9.0,31.2,59.8,14.13,3.71,1.7,2.9,High,80
2024-03-09,06:00,Andhra Pradesh,Summer,12 hours,Normal,0.1,0.0,0.0,3.0,1.1,29.2,34.7,36.1,1.92,1.54,1.46,1.0,Low,12
2024-02-03,06:00,Tamil Nadu,Winter,48 hours,Normal,0.6,8.2,1.8,4.8,5.3,36.5,26.3,37.2,2.63,3.85,2.57,4.7,Low,12
2024-11-17,18:00,Rajasthan,Post-Monsoon,12 hours,Normal,1.0,4.4,0.0,2.3,1.7,22.7,46.8,30.5,2.43,0.92,1.68,0.7,Low,12
2024-06-10,12:00,Tamil Nadu,Southwest Monsoon,48 hours,Normal,5.7,17.2,0.0,5.8,7.1,23.0,22.8,54.2,5.31,5.37,1.97,1.4,Low,12
2024-12-22,18:00,Telangana,Post-Monsoon,24 hours,Heat Wave,0.0,6.3,0.0,2.9,2.9,29.5,34.4,36.1,2.23,1.84,1.73,2.9,High,78
2024-02-16,18:00,Kerala,Winter,6 hours,Normal,1.0,3.5,5.4,0.9,2.9,26.1,29.7,44.2,3.09,2.66,1.62,1.9,Low,12
2024-11-11,06:00,Odisha,Post-Monsoon,12 hours,High Wind,6.1,4.9,5.6,8.1,6.6,19.9,33.5,46.6,5.74,3.21,2.17,0.5,Moderate,60
2024-03-28,18:00,Kerala,Summer,24 hours,Normal,0.0,0.0,0.0,0.2,0.1,29.5,41.0,29.5,1.87,1.21,1.87,0.1,Low,12
2024-10-28,06:00,Andhra Pradesh,Northeast Monsoon,12 hours,Normal,19.2,13.5,19.9,17.6,17.2,27.3,31.2,41.5,3.01,2.57,1.81,2.0,Low,13
2024-01-06,06:00,Kerala,Winter,6 hours,Normal,0.3,6.3,3.4,0.1,2.7,26.1,29.7,44.2,3.09,2.66,1.62,2.4,Low,12
2024-09-02,06:00,Odisha,Southwest Monsoon,72 hours,Normal,14.9,21.3,13.2,15.5,16.2,25.2,35.0,39.8,3.0,2.02,1.71,1.3,Low,12
2024-06-03,06:00,Maharashtra,Southwest Monsoon,48 hours,Heavy Rain,80.6,63.9,80.5,79.5,78.3,8.9,22.3,68.8,11.09,4.14,1.0,2.3,Moderate,65
2024-02-28,18:00,Kerala,Winter,12 hours,Normal,3.2,2.6,0.3,2.0,1.6,23.9,33.4,42.7,2.35,1.54,1.1,1.6,Low,12
2024-09-07,06:00,Tamil Nadu,Southwest Monsoon,6 hours,Heavy Rain,102.2,105.2,103.8,101.3,102.6,10.8,37.1,52.1,7.25,1.76,1.11,0.4,Moderate,65
2024-07-31,12:00,Kerala,Southwest Monsoon,6 hours,High Wind,23.3,29.3,18.2,23.5,23.4,19.5,23.9,56.6,4.86,3.87,1.35,0.1,Moderate,60
2024-02-13,18:00,Maharashtra,Winter,48 hours,Normal,0.0,4.5,2.9,0.4,2.3,25.7,33.4,40.9,2.67,1.94,1.49,2.3,Low,12
2024-01-28,18:00,Andhra Pradesh,Winter,24 hours,Normal,0.9,4.4,1.8,2.0,2.6,30.1,37.3,32.6,2.67,2.06,2.43,1.7,Low,12
2024-08-22,18:00,Andhra Pradesh,Southwest Monsoon,12 hours,Heavy Rain,63.2,50.2,57.4,65.3,61.2,10.1,33.0,56.9,12.68,3.52,1.83,2.0,Low,47
2024-11-10,06:00,Rajasthan,Post-Monsoon,12 hours,Heavy Rain,66.6,56.6,65.0,64.3,63.7,11.1,34.5,54.4,10.22,2.94,1.68,2.9,Low,49
2024-02-29,18:00,Karnataka,Winter,6 hours,Normal,0.0,0.0,4.0,2.0,2.0,35.2,35.8,29.0,1.26,1.23,1.64,2.0,Low,12
2024-02-11,00:00,Odisha,Winter,6 hours,Normal,0.0,3.9,0.0,2.2,1.9,25.2,35.0,39.8,3.0,2.02,1.71,1.9,Low,12
2024-07-10,18:00,Maharashtra,Southwest Monsoon,12 hours,Heavy Rain,148.5,156.0,143.6,146.6,146.9,12.0,28.4,59.6,6.93,2.65,1.0,1.6,High,80
2024-11-09,18:00,Tamil Nadu,Northeast Monsoon,24 hours,Heavy Rain,117.5,138.9,114.7,119.6,120.4,12.4,31.5,56.1,9.15,3.31,1.64,2.9,High,80
2024-04-09,06:00,Karnataka,Summer,6 hours,High Wind,9.9,11.2,10.1,11.5,11.1,24.0,25.8,50.2,3.25,2.98,1.29,1.2,Moderate,60
2024-01-27,00:00,Maharashtra,Winter,6 hours,Heat Wave,0.0,0.0,0.0,2.5,0.8,38.0,30.7,31.3,1.43,1.89,1.84,0.8,Severe,92
2024-11-30,00:00,Rajasthan,Post-Monsoon,6 hours,Heat Wave,0.0,0.0,0.0,0.9,0.3,22.6,43.4,34.0,2.55,1.09,1.53,0.3,Severe,92
2024-05-14,00:00,Telangana,Summer,72 hours,Normal,0.0,0.0,0.0,6.7,1.3,54.8,25.5,19.7,0.69,2.05,2.8,1.3,Low,12
2024-12-30,12:00,Karnataka,Post-Monsoon,6 hours,Normal,0.0,1.6,0.0,0.3,0.4,15.0,33.0,52.0,3.43,1.28,0.63,0.4,Low,12
2024-04-29,00:00,Andhra Pradesh,Summer,6 hours,Normal,0.5,5.0,0.0,3.1,1.8,20.2,52.9,26.9,2.44,0.62,1.7,1.3,Low,12
2024-09-10,18:00,Andhra Pradesh,Southwest Monsoon,6 hours,High Wind,20.5,22.3,15.7,21.3,20.0,24.7,27.3,48.0,3.47,3.08,1.54,0.5,High,80
2024-08-19,06:00,Karnataka,Southwest Monsoon,72 hours,Normal,18.1,15.5,10.2,20.3,15.5,29.4,33.8,36.8,2.25,1.89,1.69,2.6,Low,12
2024-07-01,18:00,Karnataka,Southwest Monsoon,6 hours,Normal,20.6,20.7,23.5,17.7,20.5,29.4,33.8,36.8,2.25,1.89,1.69,0.1,Low,15
2024-02-24,18:00,Tamil Nadu,Winter,48 hours,Heavy Rain,65.1,71.0,80.1,64.8,70.4,12.4,31.5,56.1,9.15,3.31,1.64,5.3,Moderate,65
2024-09-06,18:00,Kerala,Southwest Monsoon,48 hours,Normal,9.1,17.2,10.5,12.5,12.7,14.3,24.1,61.6,7.42,4.2,1.34,3.6,Low,12
2024-03-13,12:00,Karnataka,Summer,6 hours,Normal,0.0,1.1,0.3,2.2,1.2,25.8,35.8,38.4,1.76,1.13,1.02,1.2,Low,12
2024-05-27,18:00,Maharashtra,Summer,48 hours,Normal,0.1,3.2,0.0,0.2,0.5,13.4,51.6,35.0,6.3,1.26,2.1,0.4,Low,12
2024-01-25,00:00,Andhra Pradesh,Winter,48 hours,Normal,0.0,3.5,11.5,4.3,6.3,27.3,31.2,41.5,3.01,2.57,1.81,6.3,Low,12
2024-08-17,18:00,Telangana,Southwest Monsoon,12 hours,Heat Wave,0.0,2.3,4.9,1.7,3.0,29.5,34.4,36.1,2.23,1.84,1.73,3.0,High,78
2024-04-30,18:00,Andhra Pradesh,Summer,24 hours,Storm/Cyclone,91.6,93.8,90.5,90.7,91.0,10.9,24.6,64.5,10.94,4.55,1.43,0.6,Severe,98
2024-04-08,12:00,Karnataka,Summer,72 hours,High Wind,19.1,18.2,24.5,19.8,20.6,24.0,25.8,50.2,3.25,2.98,1.29,1.5,Moderate,60
2024-03-26,00:00,Karnataka,Summer,48 hours,Normal,6.2,0.0,2.1,3.1,1.5,40.6,30.2,29.2,1.58,2.3,2.4,4.7,Low,12
2024-09-16,12:00,Telangana,Southwest Monsoon,48 hours,High Wind,21.9,22.6,18.9,23.2,21.8,18.1,30.0,51.9,4.87,2.73,1.37,0.1,High,80
2024-11-22,12:00,Rajasthan,Post-Monsoon,12 hours,Normal,1.5,6.3,1.1,3.4,3.0,22.7,46.8,30.5,2.43,0.92,1.68,1.5,Low,12
2024-09-04,18:00,Maharashtra,Southwest Monsoon,48 hours,High Wind,25.4,24.6,19.3,24.2,23.2,21.0,21.8,57.2,4.3,4.13,1.26,2.2,Moderate,60
2024-09-07,12:00,Karnataka,Southwest Monsoon,48 hours,Heavy Rain,149.0,158.5,148.7,148.1,149.1,8.3,19.8,71.9,11.59,4.56,0.89,0.1,High,80
2024-11-09,06:00,Kerala,Post-Monsoon,6 hours,Normal,1.0,0.3,5.8,1.8,2.4,33.6,27.7,38.7,2.09,2.64,1.75,1.4,Low,12
2024-06-14,18:00,Telangana,Southwest Monsoon,24 hours,Normal,5.6,7.3,8.4,4.0,6.4,36.4,28.0,35.6,1.68,2.33,1.73,0.8,Low,12
2024-01-23,18:00,Rajasthan,Winter,72 hours,Normal,0.0,0.0,0.2,3.7,1.8,24.6,29.0,46.4,3.36,2.77,1.54,1.8,Low,12
2024-07-09,00:00,Kerala,Southwest Monsoon,6 hours,Heavy Rain,119.8,118.8,119.0,120.6,119.8,7.6,39.0,53.4,10.22,1.58,1.02,0.0,High,80
2024-11-28,12:00,Telangana,Post-Monsoon,72 hours,Normal,0.3,0.0,0.7,4.0,1.7,35.2,28.2,36.6,2.74,3.54,2.61,1.4,Low,12
2024-10-17,06:00,Tamil Nadu,Northeast Monsoon,72 hours,High Wind,34.5,41.0,40.8,37.2,39.4,26.7,31.8,41.5,3.43,2.8,2.02,4.9,Moderate,60
2024-12-06,12:00,Tamil Nadu,Northeast Monsoon,72 hours,Normal,17.0,5.2,14.4,19.4,14.4,25.0,29.5,45.5,3.44,2.84,1.66,2.6,Low,12
2024-08-04,12:00,Kerala,Southwest Monsoon,6 hours,High Wind,16.1,18.1,12.8,17.5,16.5,19.5,23.9,56.6,4.86,3.87,1.35,0.4,High,80
2024-01-29,00:00,Andhra Pradesh,Winter,48 hours,Heavy Rain,55.2,39.6,61.5,57.7,57.1,10.1,33.0,56.9,12.68,3.52,1.83,1.9,Low,44
2024-08-05,06:00,Telangana,Southwest Monsoon,12 hours,Normal,6.4,3.2,6.7,6.4,5.8,22.0,30.3,47.7,2.1,1.39,0.7,0.6,Low,12
2024-03-23,18:00,Telangana,Summer,6 hours,High Wind,18.4,0.2,18.0,19.2,15.4,18.1,30.0,51.9,4.87,2.73,1.37,3.0,Moderate,60
2024-02-09,00:00,Tamil Nadu,Winter,72 hours,Normal,0.0,2.4,2.0,2.9,2.5,42.4,16.8,40.8,2.12,6.1,2.22,2.5,Low,12
2024-08-08,06:00,Andhra Pradesh,Southwest Monsoon,48 hours,Normal,6.5,11.4,10.6,7.4,9.5,27.3,31.2,41.5,3.01,2.57,1.81,3.0,Low,12
2024-01-30,00:00,Maharashtra,Winter,6 hours,Normal,0.0,0.1,4.5,0.8,1.9,25.7,33.4,40.9,2.67,1.94,1.49,1.9,Low,12
2024-04-25,18:00,Rajasthan,Summer,12 hours,Normal,0.0,7.1,3.0,1.2,2.8,15.9,37.2,46.9,3.38,1.16,0.82,2.8,Moderate,55
2024-04-01,00:00,Maharashtra,Summer,6 hours,Normal,0.0,0.0,4.5,0.9,1.7,20.3,28.3,51.4,2.49,1.64,0.68,1.7,Low,12
2024-07-06,06:00,Tamil Nadu,Southwest Monsoon,48 hours,Heavy Rain,104.9,106.1,102.2,105.3,104.6,13.6,24.5,61.9,9.97,5.33,1.81,0.3,Moderate,65
2024-02-22,06:00,Telangana,Winter,6 hours,Normal,0.0,0.0,0.0,0.6,0.2,30.6,30.0,39.4,2.32,2.38,1.69,0.2,Low,12
2024-10-12,00:00,Karnataka,Post-Monsoon,48 hours,Heavy Rain,116.2,141.8,123.2,117.5,121.9,12.5,24.1,63.4,15.1,7.62,2.58,5.7,High,80
2024-11-11,12:00,Karnataka,Post-Monsoon,6 hours,Heat Wave,0.0,0.0,4.0,1.7,2.6,21.0,56.4,22.6,2.66,0.68,2.44,2.6,High,78
2024-02-03,18:00,Maharashtra,Winter,48 hours,Normal,3.5,9.4,2.3,4.0,4.8,25.7,33.4,40.9,2.67,1.94,1.49,1.3,Low,12
