Date,Time,Region,Latitude,Longitude,Season,Lead_Time,Weather_Regime,Actual_Rainfall,Actual_Temperature,Actual_Wind,NWP_Rainfall,NWP_Temperature,NWP_Wind,AI_Rainfall,AI_Temperature,AI_Wind,Ensemble_Rainfall,Ensemble_Temperature,Ensemble_Wind,Ens_M1_Rainfall,Ens_M1_Temp,Ens_M1_Wind,Ens_M2_Rainfall,Ens_M2_Temp,Ens_M2_Wind,Ens_M3_Rainfall,Ens_M3_Temp,Ens_M3_Wind,Ens_M4_Rainfall,Ens_M4_Temp,Ens_M4_Wind,Ens_M5_Rainfall,Ens_M5_Temp,Ens_M5_Wind,Data_Source
2024-12-14,12:00,Rajasthan,27.0238,74.2179,Post-Monsoon,24 hours,Heavy Rain,58.0,25.0,33.7,68.6,23.6,34.1,57.6,25.0,32.7,60.9,24.0,35.5,56.3,24.9,34.3,55.1,25.2,33.6,63.0,24.9,31.7,67.8,21.8,38.6,62.5,23.0,39.3,DEMO / SIMULATED DATA - Atmospheric Dynamics Prototype
2024-07-24,00:00,Karnataka,15.3173,75.7139,Southwest Monsoon,48 hours,Normal,13.1,25.2,12.5,10.9,24.4,12.9,12.0,27.3,16.2,12.9,26.2,12.3,12.5,24.1,16.3,16.7,29.0,13.5,21.9,26.0,12.9,3.8,26.6,8.0,9.5,25.1,10.9,DEMO / SIMULATED DATA - Atmospheric Dynamics Prototype
2024-05-15,18:00,Tamil Nadu,11.1271,78.6569,Summer,24 hours,Normal,0.3,36.2,20.7,1.4,37.1,16.7,0.0,37.3,18.2,1.4,36.7,22.0,3.2,37.9,21.9,0.0,36.6,20.4,2.4,37.2,17.7,0.0,36.0,16.5,1.2,36.0,33.7,DEMO / SIMULATED DATA - Atmospheric Dynamics Prototype
2024-08-09,00:00,Andhra Pradesh,15.9129,79.74,Southwest Monsoon,72 hours,Heavy Rain,78.2,16.8,45.0,82.6,13.6,50.6,77.4,14.7,42.2,77.1,14.8,45.5,72.0,16.3,47.8,76.4,15.3,43.8,81.1,14.1,39.5,79.1,14.0,57.1,76.9,14.5,39.3,DEMO / SIMULATED DATA - Atmospheric Dynamics Prototype
2024-06-08,18:00,Karnataka,15.3173,75.7139,Southwest Monsoon,6 hours,Heavy Rain,94.8,23.4,47.2,84.4,23.3,51.8,91.1,23.6,51.6,96.0,22.9,47.5,99.9,21.8,45.5,95.3,22.1,45.4,94.3,25.0,47.1,95.7,24.1,49.2,94.9,21.6,50.5,DEMO / SIMULATED DATA - Atmospheric Dynamics Prototype
2024-12-11,12:00,Andhra Pradesh,15.9129,79.74,Northeast Monsoon,24 hours,Normal,10.9,32.3,17.4,14.0,34.2,17.7,13.9,32.9,17.9,10.9,32.4,19.3,6.4,31.3,19.4,4.5,32.4,20.6,11.6,31.5,14.2,15.1,33.1,16.2,17.0,33.8,26.2,DEMO / SIMULATED DATA - Atmospheric Dynamics Prototype
2024-04-08,00:00,Odisha,20.9517,85.0985,Summer,72 hours,Normal,0.0,30.2,10.3,0.0,29.4,7.4,0.0,32.1,16.7,3.2,30.8,8.8,1.8,27.6,18.9,0.8,31.1,3.4,0.0,31.0,9.5,6.3,33.2,2.0,7.0,31.2,10.3,DEMO / SIMULATED DATA - Atmospheric Dynamics Prototype
2024-02-04,18:00,Andhra Pradesh,15.9129,79.74,Winter,6 hours,Normal,5.5,17.7,10.9,4.5,18.1,12.8,5.2,17.9,15.6,3.9,16.8,10.8,9.5,16.9,9.6,5.1,16.0,7.3,0.0,16.4,15.3,1.8,16.3,14.1,3.3,18.3,7.9,DEMO / SIMULATED DATA - Atmospheric Dynamics Prototype
2024-06-18,12:00,Rajasthan,27.0238,74.2179,Southwest Monsoon,12 hours,Heat Wave,0.0,47.5,23.6,6.0,48.8,24.5,0.5,46.7,20.2,0.7,47.0,25.4,0.5,46.8,23.5,0.0,45.6,24.6,0.0,47.6,20.6,0.0,49.7,24.1,2.8,45.4,34.2,DEMO / SIMULATED DATA - Atmospheric Dynamics Prototype
2024-11-03,18:00,Rajasthan,27.0238,74.2179,Post-Monsoon,72 hours,High Wind,0.8,28.2,59.9,0.0,26.3,65.2,14.5,26.7,49.5,2.4,28.0,62.4,0.0,28.5,62.1,12.2,28.6,67.5,0.0,28.4,56.7,0.0,27.6,58.2,0.0,26.8,67.6,DEMO / SIMULATED DATA - Atmospheric Dynamics Prototype
2024-08-09,00:00,Maharashtra,19.7515,75.7139,Southwest Monsoon,12 hours,Heavy Rain,105.0,18.8,43.1,105.5,20.0,42.3,105.2,19.3,43.4,105.2,19.3,43.0,99.7,19.9,41.6,112.1,19.5,43.3,106.7,18.7,41.4,105.9,20.1,41.3,101.8,18.2,47.3,DEMO / SIMULATED DATA - Atmospheric Dynamics Prototype
2024-08-04,00:00,Telangana,18.1124,79.0193,Southwest Monsoon,72 hours,Normal,4.4,27.1,15.0,8.8,27.1,15.7,14.2,25.8,18.7,6.6,27.1,19.8,3.5,26.8,19.2,8.8,28.5,21.0,4.5,28.5,13.3,6.7,26.8,15.6,9.3,25.0,29.7,DEMO / SIMULATED DATA - Atmospheric Dynamics Prototype
2024-01-25,18:00,Karnataka,15.3173,75.7139,Winter,24 hours,Normal,3.4,23.8,19.6,7.9,24.6,19.8,3.6,22.8,18.7,6.3,23.4,18.2,6.2,23.6,19.7,0.0,24.3,14.9,4.7,23.5,13.0,8.9,23.5,27.7,11.9,22.2,15.7,DEMO / SIMULATED DATA - Atmospheric Dynamics Prototype
2024-06-21,00:00,Maharashtra,19.7515,75.7139,Southwest Monsoon,12 hours,Heavy Rain,79.5,19.0,35.4,89.5,19.7,35.8,75.8,18.4,34.6,82.5,19.0,39.1,80.8,19.1,37.7,81.1,19.1,42.0,81.1,18.5,41.7,85.0,21.6,35.0,84.5,16.6,38.9,DEMO / SIMULATED DATA - Atmospheric Dynamics Prototype
2024-06-12,06:00,Andhra Pradesh,15.9129,79.74,Southwest Monsoon,12 hours,Normal,4.8,27.1,12.6,2.6,27.0,10.0,0.7,26.0,14.1,7.1,27.1,12.2,4.5,27.7,14.5,5.3,25.8,13.1,10.4,26.5,13.8,4.7,29.1,9.9,10.7,26.5,9.5,DEMO / SIMULATED DATA - Atmospheric Dynamics Prototype
2024-04-08,12:00,Tamil Nadu,11.1271,78.6569,Summer,6 hours,Normal,0.0,38.7,19.4,8.2,39.1,20.1,4.1,39.1,18.0,3.2,38.2,18.4,3.5,38.1,17.9,0.0,37.8,20.3,0.0,34.6,18.5,0.0,39.9,17.3,12.3,40.8,17.8,DEMO / SIMULATED DATA - Atmospheric Dynamics Prototype
2024-03-06,12:00,Maharashtra,19.7515,75.7139,Summer,24 hours,High Wind,12.7,39.0,63.2,8.3,39.2,64.8,17.1,39.6,63.0,10.3,38.9,61.8,13.4,37.2,65.8,15.1,40.4,62.7,13.3,38.3,58.8,9.6,36.1,67.2,0.2,42.7,54.5,DEMO / SIMULATED DATA - Atmospheric Dynamics Prototype
2024-01-08,18:00,Odisha,20.9517,85.0985,Winter,48 hours,Normal,1.9,23.2,26.2,0.0,22.4,23.6,0.0,22.2,18.6,2.2,24.8,23.6,1.2,23.3,18.8,1.4,23.3,28.2,8.4,24.6,23.3,0.0,24.3,23.3,0.0,28.4,24.3,DEMO / SIMULATED DATA - Atmospheric Dynamics Prototype
2024-03-18,18:00,Rajasthan,27.0238,74.2179,Summer,12 hours,Heat Wave,0.0,46.1,12.9,0.0,46.2,18.9,0.0,45.5,10.9,3.2,46.2,12.5,0.0,46.1,10.4,0.0,45.3,11.9,0.9,47.2,16.5,3.0,44.8,12.9,12.2,47.7,11.0,DEMO / SIMULATED DATA - Atmospheric Dynamics Prototype
2024-02-11,00:00,Karnataka,15.3173,75.7139,Winter,72 hours,Normal,0.4,19.3,10.3,7.2,19.4,11.1,0.0,18.8,7.2,1.4,19.6,7.4,0.0,18.8,8.7,0.0,18.4,1.0,4.7,20.1,9.8,2.1,19.9,5.8,0.0,20.7,11.8,DEMO / SIMULATED DATA - Atmospheric Dynamics Prototype
2024-07-21,18:00,Rajasthan,27.0238,74.2179,Southwest Monsoon,12 hours,Normal,5.2,27.3,14.3,6.5,23.6,12.5,4.4,26.2,16.1,2.7,26.9,18.2,2.0,27.5,20.9,0.0,27.1,13.1,2.8,28.2,18.1,8.7,26.3,23.8,0.0,25.6,15.1,DEMO / SIMULATED DATA - Atmospheric Dynamics Prototype
2024-02-04,00:00,Andhra Pradesh,15.9129,79.74,Winter,48 hours,Heat Wave,0.0,44.2,16.2,3.6,43.6,14.5,3.3,46.0,4.5,1.4,45.3,15.4,1.4,43.9,19.3,0.0,46.1,13.6,0.0,46.0,12.3,0.0,44.2,14.9,5.7,46.2,16.8,DEMO / SIMULATED DATA - Atmospheric Dynamics Prototype
2024-02-08,12:00,Karnataka,15.3173,75.7139,Winter,24 hours,Normal,1.1,22.9,16.4,4.3,26.4,17.2,1.7,22.6,14.5,3.0,22.2,17.6,3.7,22.1,16.6,0.0,23.5,17.5,5.7,22.2,15.4,0.0,22.2,18.0,5.5,21.2,20.7,DEMO / SIMULATED DATA - Atmospheric Dynamics Prototype
2024-10-18,06:00,Karnataka,15.3173,75.7139,Post-Monsoon,24 hours,Normal,1.3,29.9,17.6,3.0,29.3,11.2,3.4,28.8,17.0,2.6,29.6,16.5,0.0,30.5,21.8,5.8,30.7,15.6,0.5,29.4,15.8,0.0,29.2,15.5,6.8,28.0,14.0,DEMO / SIMULATED DATA - Atmospheric Dynamics Prototype
2024-05-28,12:00,Rajasthan,27.0238,74.2179,Summer,6 hours,Heat Wave,0.0,46.6,10.1,0.0,45.4,4.3,0.0,46.7,11.8,0.7,46.2,9.4,1.2,45.3,12.4,0.0,45.7,8.1,0.3,44.9,10.0,1.8,48.1,10.7,0.0,46.8,5.7,DEMO / SIMULATED DATA - Atmospheric Dynamics Prototype
2024-08-02,12:00,Maharashtra,19.7515,75.7139,Southwest Monsoon,24 hours,High Wind,21.9,27.6,56.7,29.3,28.1,61.9,24.6,26.9,62.1,20.2,27.3,55.6,28.0,27.1,47.2,20.6,27.9,54.9,20.9,26.4,60.2,22.2,29.1,62.0,9.4,26.2,53.6,DEMO / SIMULATED DATA - Atmospheric Dynamics Prototype
2024-11-23,06:00,Rajasthan,27.0238,74.2179,Post-Monsoon,6 hours,Heavy Rain,69.1,25.1,31.9,68.1,25.7,30.6,72.1,24.3,33.3,65.8,25.6,30.2,70.6,24.8,32.6,65.1,26.0,31.4,67.1,26.3,29.6,63.1,23.0,34.1,62.9,27.8,23.2,DEMO / SIMULATED DATA - Atmospheric Dynamics Prototype
2024-12-20,18:00,Andhra Pradesh,15.9129,79.74,Northeast Monsoon,12 hours,Heat Wave,0.0,44.2,17.9,5.0,44.4,18.5,0.0,44.2,18.6,0.6,43.8,18.5,0.0,43.0,19.7,0.6,44.0,18.0,1.4,43.5,15.3,0.9,42.8,19.5,0.0,45.9,20.0,DEMO / SIMULATED DATA - Atmospheric Dynamics Prototype
2024-04-26,06:00,Rajasthan,27.0238,74.2179,Summer,72 hours,Normal,0.0,43.1,8.3,0.0,48.1,15.8,2.0,46.1,5.0,1.7,43.0,8.3,0.0,41.7,8.9,0.0,44.5,7.7,4.7,46.1,7.6,4.0,39.1,7.5,0.0,43.5,10.0,DEMO / SIMULATED DATA - Atmospheric Dynamics Prototype
2024-12-30,12:00,Karnataka,15.3173,75.7139,Post-Monsoon,12 hours,Normal,0.0,31.9,12.9,0.0,34.2,10.1,0.0,33.6,15.1,1.6,32.3,14.2,0.0,32.1,17.5,2.3,33.3,15.2,3.7,31.9,12.9,1.2,33.0,11.8,0.6,31.4,13.4,DEMO / SIMULATED DATA - Atmospheric Dynamics Prototype
2024-07-17,00:00,Odisha,20.9517,85.0985,Southwest Monsoon,12 hours,Heavy Rain,136.0,16.6,51.9,149.3,16.5,50.1,138.3,15.6,53.0,136.0,16.8,52.8,133.1,17.7,51.3,136.5,17.0,46.3,133.4,17.9,54.9,137.3,14.7,54.2,139.7,16.7,57.3,DEMO / SIMULATED DATA - Atmospheric Dynamics Prototype
2024-11-13,00:00,Telangana,18.1124,79.0193,Post-Monsoon,48 hours,Normal,1.7,22.3,5.3,0.0,20.7,9.6,0.0,20.9,1.0,2.2,23.2,2.2,0.0,20.0,1.4,0.0,23.3,4.7,0.0,26.2,2.2,8.9,25.4,1.0,2.2,21.2,1.7,DEMO / SIMULATED DATA - Atmospheric Dynamics Prototype
2024-09-15,18:00,Tamil Nadu,11.1271,78.6569,Southwest Monsoon,72 hours,Normal,9.3,27.8,13.3,3.3,28.8,9.8,14.2,28.2,3.1,9.8,29.5,11.3,16.1,30.3,11.0,7.2,28.3,14.8,13.4,31.8,12.3,3.5,24.7,8.8,9.0,32.4,9.7,DEMO / SIMULATED DATA - Atmospheric Dynamics Prototype
2024-04-23,18:00,Tamil Nadu,11.1271,78.6569,Summer,72 hours,Normal,0.3,34.9,16.0,7.8,36.4,27.6,4.8,34.1,20.0,4.9,35.1,20.1,5.2,36.0,17.9,6.0,36.9,22.3,4.4,34.6,16.8,9.0,33.0,18.3,0.0,35.0,25.0,DEMO / SIMULATED DATA - Atmospheric Dynamics Prototype
2024-08-11,00:00,Rajasthan,27.0238,74.2179,Southwest Monsoon,24 hours,Storm/Cyclone,155.4,26.5,78.6,151.5,26.9,85.6,155.2,26.7,80.0,155.1,26.4,80.8,156.0,26.1,79.1,159.4,25.3,79.0,152.3,28.2,72.8,152.6,27.1,85.4,155.0,25.5,87.9,DEMO / SIMULATED DATA - Atmospheric Dynamics Prototype
2024-08-13,00:00,Maharashtra,19.7515,75.7139,Southwest Monsoon,48 hours,Heavy Rain,138.6,17.2,37.4,135.4,16.2,30.5,143.9,18.3,36.9,141.3,17.2,37.3,145.5,15.9,32.5,135.4,17.1,38.4,137.3,17.8,31.6,147.5,17.0,43.3,141.0,18.2,40.8,DEMO / SIMULATED DATA - Atmospheric Dynamics Prototype
2024-07-17,12:00,Andhra Pradesh,15.9129,79.74,Southwest Monsoon,72 hours,Normal,3.7,33.3,18.8,8.8,33.1,27.9,0.0,37.2,18.5,3.1,32.8,16.2,0.0,33.5,16.2,8.2,32.2,16.8,0.0,32.4,5.7,0.0,35.0,23.7,7.2,30.8,18.5,DEMO / SIMULATED DATA - Atmospheric Dynamics Prototype
2024-03-16,00:00,Tamil Nadu,11.1271,78.6569,Summer,48 hours,Heat Wave,0.0,45.1,18.1,0.0,45.2,16.7,0.0,44.8,14.2,1.4,45.1,20.9,0.7,43.8,21.3,2.8,44.4,16.4,1.5,43.8,26.4,2.2,45.9,21.7,0.0,47.5,18.8,DEMO / SIMULATED DATA - Atmospheric Dynamics Prototype
2024-01-22,06:00,Kerala,10.8505,76.2711,Winter,24 hours,Normal,0.0,22.2,24.7,0.0,24.8,29.5,6.1,21.9,23.9,1.1,22.1,25.6,0.0,22.8,25.7,0.0,22.1,20.5,5.3,21.5,36.5,0.0,21.0,22.9,0.0,23.1,22.6,DEMO / SIMULATED DATA - Atmospheric Dynamics Prototype
2024-12-15,00:00,Tamil Nadu,11.1271,78.6569,Northeast Monsoon,12 hours,Heavy Rain,114.7,14.2,33.8,108.3,15.6,40.5,113.5,15.0,33.7,113.3,15.0,35.2,114.2,15.0,35.4,109.4,15.8,37.8,112.2,14.7,35.5,115.9,13.4,31.2,114.6,16.1,36.2,DEMO / SIMULATED DATA - Atmospheric Dynamics Prototype
2024-01-14,18:00,Rajasthan,27.0238,74.2179,Winter,6 hours,Heavy Rain,57.6,9.9,33.2,53.5,9.9,32.8,53.5,11.0,31.5,57.2,10.1,31.3,55.6,9.8,35.4,55.7,8.0,30.8,59.2,12.5,29.2,52.0,7.9,27.2,63.5,12.2,33.9,DEMO / SIMULATED DATA - Atmospheric Dynamics Prototype
2024-02-13,18:00,Odisha,20.9517,85.0985,Winter,48 hours,Heat Wave,0.0,43.7,24.9,0.0,44.9,25.9,0.0,42.2,33.5,2.9,43.0,22.0,7.4,43.4,25.1,1.8,43.9,18.4,2.3,40.2,21.5,3.1,44.9,20.6,0.0,42.4,24.3,DEMO / SIMULATED DATA - Atmospheric Dynamics Prototype
2024-05-24,06:00,Kerala,10.8505,76.2711,Summer,6 hours,Normal,2.4,34.5,22.4,7.5,35.3,18.1,6.6,33.7,23.1,4.2,34.1,25.6,0.4,34.4,23.1,3.4,34.9,26.8,4.1,34.2,25.5,7.5,32.8,24.6,5.8,34.0,28.1,DEMO / SIMULATED DATA - Atmospheric Dynamics Prototype
2024-05-08,18:00,Karnataka,15.3173,75.7139,Summer,6 hours,Normal,0.2,36.9,24.3,3.9,34.1,28.3,6.0,36.7,24.2,0.7,38.6,23.4,0.0,37.2,27.1,2.4,40.0,24.4,0.0,37.1,16.6,0.0,39.1,25.5,1.1,39.7,23.2,DEMO / SIMULATED DATA - Atmospheric Dynamics Prototype
2024-10-29,00:00,Odisha,20.9517,85.0985,Post-Monsoon,48 hours,Storm/Cyclone,145.5,24.8,78.2,126.3,24.0,80.7,159.8,25.7,79.3,146.5,25.9,76.5,154.7,26.0,79.0,143.3,25.3,77.9,146.0,27.0,75.7,148.7,26.6,74.7,139.8,24.5,75.4,DEMO / SIMULATED DATA - Atmospheric Dynamics Prototype
2024-12-27,12:00,Telangana,18.1124,79.0193,Post-Monsoon,24 hours,Normal,0.4,33.6,22.2,2.5,34.5,27.3,0.0,32.8,22.6,2.0,32.8,23.9,1.2,32.0,23.2,4.4,32.5,23.6,4.4,34.4,24.8,0.0,31.8,20.2,0.0,33.5,27.6,DEMO / SIMULATED DATA - Atmospheric Dynamics Prototype
2024-05-29,18:00,Telangana,18.1124,79.0193,Summer,72 hours,Heat Wave,0.0,44.7,18.6,10.5,41.1,20.6,0.0,45.6,13.4,1.2,44.2,16.5,0.0,42.0,22.3,5.9,45.2,16.1,0.0,45.8,12.7,0.0,43.4,17.4,0.0,44.8,14.2,DEMO / SIMULATED DATA - Atmospheric Dynamics Prototype
2024-09-20,06:00,Telangana,18.1124,79.0193,Southwest Monsoon,12 hours,Heavy Rain,80.5,25.4,30.8,68.5,22.7,28.3,78.4,25.5,31.0,78.0,24.9,31.8,81.5,24.8,32.0,75.3,23.5,24.1,78.5,24.5,33.5,77.5,25.8,34.0,77.0,25.9,35.2,DEMO / SIMULATED DATA - Atmospheric Dynamics Prototype
2024-02-07,18:00,Andhra Pradesh,15.9129,79.74,Winter,12 hours,Normal,0.0,20.0,16.4,0.0,18.4,16.6,0.0,19.6,18.2,3.2,19.7,16.5,1.2,19.5,20.4,6.4,20.0,9.3,3.5,17.1,21.4,4.9,22.5,17.4,0.0,19.3,14.0,DEMO / SIMULATED DATA - Atmospheric Dynamics Prototype
2024-03-06,12:00,Karnataka,15.3173,75.7139,Summer,12 hours,Normal,3.0,40.3,20.8,3.5,39.3,31.2,5.3,39.1,19.6,5.4,39.4,20.6,5.6,39.6,21.6,6.2,36.7,20.5,2.7,39.8,21.8,6.0,40.5,19.3,6.3,40.4,19.8,DEMO / SIMULATED DATA - Atmospheric Dynamics Prototype
2024-10-13,12:00,Rajasthan,27.0238,74.2179,Post-Monsoon,72 hours,Heavy Rain,129.6,27.1,40.9,116.8,26.4,38.5,130.9,27.4,40.9,123.1,25.4,41.4,131.5,28.8,44.5,121.6,22.8,45.2,121.0,26.7,34.6,116.5,28.3,45.6,124.9,20.4,37.1,DEMO / SIMULATED DATA - Atmospheric Dynamics Prototype
2024-03-05,00:00,Rajasthan,27.0238,74.2179,Summer,72 hours,Heat Wave,0.0,46.6,11.6,0.0,48.4,3.4,0.0,46.6,9.0,2.0,47.1,15.5,2.4,48.1,13.6,5.4,47.1,13.9,0.0,47.5,12.5,2.4,46.2,16.6,0.0,46.6,20.8,DEMO / SIMULATED DATA - Atmospheric Dynamics Prototype
2024-08-01,18:00,Odisha,20.9517,85.0985,Southwest Monsoon,6 hours,Heavy Rain,74.0,23.3,43.2,63.0,23.4,44.1,72.8,22.7,46.1,74.0,22.8,44.0,71.4,22.2,44.7,77.7,22.8,42.0,75.1,22.5,40.7,77.8,24.1,48.0,67.9,22.5,44.4,DEMO / SIMULATED DATA - Atmospheric Dynamics Prototype
2024-04-14,00:00,Maharashtra,19.7515,75.7139,Summer,6 hours,Normal,0.0,28.8,23.8,7.7,29.8,26.0,0.0,29.1,25.0,1.2,28.3,22.6,0.0,28.3,20.9,0.0,26.9,25.4,0.6,28.2,22.7,0.9,28.6,18.9,4.4,29.3,24.9,DEMO / SIMULATED DATA - Atmospheric Dynamics Prototype
2024-09-24,00:00,Tamil Nadu,11.1271,78.6569,Southwest Monsoon,12 hours,Heavy Rain,76.4,22.0,39.4,68.7,23.2,46.3,77.2,22.2,37.9,75.4,22.0,40.4,73.1,22.0,37.1,70.4,22.9,41.9,73.0,22.3,42.8,77.3,20.3,38.5,83.2,22.4,41.8,DEMO / SIMULATED DATA - Atmospheric Dynamics Prototype
2024-04-13,12:00,Andhra Pradesh,15.9129,79.74,Summer,12 hours,Heavy Rain,74.9,33.9,49.3,88.2,34.8,40.5,78.0,34.0,50.0,73.6,34.1,48.6,75.8,34.6,52.0,77.0,34.4,50.0,61.6,33.5,46.1,80.4,34.8,47.5,73.1,33.3,47.5,DEMO / SIMULATED DATA - Atmospheric Dynamics Prototype
2024-01-20,00:00,Telangana,18.1124,79.0193,Winter,48 hours,Normal,0.0,15.5,13.2,0.0,15.7,26.7,0.0,15.0,13.5,1.9,15.6,11.0,4.1,13.8,14.7,0.0,16.3,11.3,0.0,16.1,14.9,0.0,14.3,6.3,5.4,17.4,7.9,DEMO / SIMULATED DATA - Atmospheric Dynamics Prototype
2024-09-16,18:00,Maharashtra,19.7515,75.7139,Southwest Monsoon,24 hours,Heavy Rain,154.3,22.3,47.8,151.7,23.1,44.0,158.6,23.5,48.8,151.5,21.8,47.1,154.9,21.9,49.2,151.7,19.7,39.0,150.8,22.5,49.1,151.8,22.5,46.6,148.5,22.2,51.8,DEMO / SIMULATED DATA - Atmospheric Dynamics Prototype
2024-12-29,06:00,Telangana,18.1124,79.0193,Post-Monsoon,48 hours,Normal,3.6,29.1,9.2,0.0,25.5,6.6,7.9,29.4,8.3,7.1,30.2,7.8,4.1,28.5,2.9,7.2,30.6,6.4,2.8,28.7,10.8,14.0,31.3,7.2,7.4,31.9,11.6,DEMO / SIMULATED DATA - Atmospheric Dynamics Prototype
2024-05-10,12:00,Telangana,18.1124,79.0193,Summer,12 hours,Normal,0.0,45.5,13.2,0.0,44.4,12.5,1.2,46.9,15.5,2.1,45.4,13.9,0.0,45.7,16.6,0.0,46.1,12.5,4.6,46.0,10.2,0.0,45.3,12.7,5.8,44.1,17.6,DEMO / SIMULATED DATA - Atmospheric Dynamics Prototype
2024-10-20,18:00,Rajasthan,27.0238,74.2179,Post-Monsoon,24 hours,Normal,0.0,26.3,8.8,5.9,25.1,2.4,0.2,26.0,9.9,0.7,26.8,10.0,1.0,26.3,8.6,0.0,26.4,11.6,0.0,26.3,12.7,2.6,28.4,6.3,0.0,26.7,10.6,DEMO / SIMULATED DATA - Atmospheric Dynamics Prototype
2024-03-12,12:00,Telangana,18.1124,79.0193,Summer,6 hours,Normal,2.2,48.0,7.1,2.7,49.3,9.6,4.3,47.7,6.5,2.4,48.0,7.2,3.5,47.6,5.9,3.1,48.8,6.6,0.0,47.1,7.8,3.0,48.3,9.0,2.2,48.4,6.9,DEMO / SIMULATED DATA - Atmospheric Dynamics Prototype
2024-06-06,00:00,Telangana,18.1124,79.0193,Southwest Monsoon,12 hours,Normal,4.3,24.2,15.9,4.4,23.8,23.0,4.9,23.6,17.2,4.3,24.1,15.8,5.1,24.5,20.2,5.5,23.9,10.2,3.6,25.8,15.6,0.0,23.5,19.8,7.1,22.8,13.4,DEMO / SIMULATED DATA - Atmospheric Dynamics Prototype
2024-11-02,12:00,Tamil Nadu,11.1271,78.6569,Northeast Monsoon,12 hours,Heavy Rain,137.1,25.9,40.0,146.3,26.0,40.5,138.1,25.3,42.7,138.6,24.7,42.4,134.0,25.5,41.2,135.4,26.7,44.0,141.1,23.5,40.4,141.8,24.0,42.8,140.5,23.9,43.7,DEMO / SIMULATED DATA - Atmospheric Dynamics Prototype
2024-05-13,12:00,Tamil Nadu,11.1271,78.6569,Summer,24 hours,Heavy Rain,86.8,32.7,43.9,79.9,32.6,43.1,84.4,32.5,44.8,84.5,32.6,42.4,85.4,33.4,44.4,88.0,33.8,42.2,89.7,32.2,45.2,83.5,31.2,44.3,75.9,32.2,36.0,DEMO / SIMULATED DATA - Atmospheric Dynamics Prototype
2024-11-29,06:00,Karnataka,15.3173,75.7139,Post-Monsoon,6 hours,Normal,2.0,28.9,19.7,5.8,30.1,20.5,3.9,28.4,19.9,1.7,29.3,22.9,0.8,28.3,19.8,3.1,30.1,20.4,4.4,29.7,28.3,0.0,28.0,25.1,0.3,30.3,20.7,DEMO / SIMULATED DATA - Atmospheric Dynamics Prototype
2024-08-19,00:00,Telangana,18.1124,79.0193,Southwest Monsoon,24 hours,Normal,8.1,25.5,16.8,6.3,24.7,12.8,5.7,25.8,16.8,8.1,23.7,18.7,6.2,24.0,17.1,6.3,25.3,17.8,0.0,23.4,25.5,5.5,21.5,10.5,22.4,24.2,22.5,DEMO / SIMULATED DATA - Atmospheric Dynamics Prototype
2024-07-08,18:00,Tamil Nadu,11.1271,78.6569,Southwest Monsoon,24 hours,High Wind,15.3,25.8,55.1,13.7,25.0,54.6,17.4,25.4,57.0,14.7,25.5,56.2,13.5,26.8,55.3,13.7,25.9,54.2,15.8,26.9,54.8,13.4,24.0,57.6,17.3,23.7,59.2,DEMO / SIMULATED DATA - Atmospheric Dynamics Prototype
2024-08-27,00:00,Telangana,18.1124,79.0193,Southwest Monsoon,72 hours,Heavy Rain,65.2,20.3,32.1,77.0,21.6,27.9,67.3,22.7,46.9,71.0,21.5,33.4,64.3,21.5,36.4,60.8,23.3,27.2,70.3,20.9,32.4,83.7,19.6,30.1,76.1,22.3,41.1,DEMO / SIMULATED DATA - Atmospheric Dynamics Prototype
2024-10-22,06:00,Maharashtra,19.7515,75.7139,Post-Monsoon,6 hours,Heavy Rain,92.6,23.4,34.7,88.7,22.7,37.0,96.0,23.3,34.3,95.2,22.6,34.1,90.9,23.2,37.1,92.9,22.6,35.4,96.5,22.7,30.4,102.0,21.5,33.4,93.7,23.0,34.4,DEMO / SIMULATED DATA - Atmospheric Dynamics Prototype
2024-06-15,06:00,Andhra Pradesh,15.9129,79.74,Southwest Monsoon,48 hours,Heavy Rain,64.0,21.8,45.7,49.6,21.4,36.7,59.1,23.4,54.3,62.7,21.1,46.1,59.4,21.1,45.6,65.3,20.6,47.4,61.5,21.8,48.2,64.0,21.0,45.1,63.4,21.0,44.2,DEMO / SIMULATED DATA - Atmospheric Dynamics Prototype
2024-05-01,00:00,Maharashtra,19.7515,75.7139,Summer,72 hours,High Wind,17.8,35.7,55.8,20.5,35.5,58.6,5.7,33.3,47.8,18.9,35.2,53.0,18.4,38.1,64.2,21.2,36.5,47.5,14.4,34.1,52.4,16.6,34.6,43.5,23.9,32.9,57.5,DEMO / SIMULATED DATA - Atmospheric Dynamics Prototype
2024-04-20,06:00,Karnataka,15.3173,75.7139,Summer,24 hours,Normal,0.0,35.8,21.4,5.4,34.8,29.0,0.0,35.9,21.2,2.0,35.5,21.3,1.6,36.1,22.1,0.0,33.8,25.1,0.0,35.7,22.6,8.3,36.1,19.7,0.0,35.7,16.9,DEMO / SIMULATED DATA - Atmospheric Dynamics Prototype
2024-12-17,06:00,Andhra Pradesh,15.9129,79.74,Northeast Monsoon,12 hours,Heavy Rain,126.8,22.9,41.8,127.4,24.8,38.5,126.5,23.6,46.5,128.9,23.6,41.7,123.6,24.0,42.7,127.3,22.9,37.8,130.6,21.9,38.1,130.8,24.0,42.1,132.4,25.2,47.6,DEMO / SIMULATED DATA - Atmospheric Dynamics Prototype
2024-07-12,00:00,Andhra Pradesh,15.9129,79.74,Southwest Monsoon,24 hours,Normal,3.7,23.5,21.4,7.4,24.3,18.6,4.8,24.1,23.1,4.2,23.3,20.2,7.4,24.2,22.3,7.7,23.5,18.6,3.0,22.5,18.8,3.0,22.2,20.1,0.0,23.9,21.4,DEMO / SIMULATED DATA - Atmospheric Dynamics Prototype
2024-05-23,06:00,Kerala,10.8505,76.2711,Summer,48 hours,Normal,0.7,33.0,13.6,4.6,32.5,19.1,0.0,32.2,19.7,5.5,32.3,15.4,1.8,31.3,14.4,7.5,32.3,15.9,0.0,32.8,18.6,2.1,35.5,15.8,16.2,29.6,12.3,DEMO / SIMULATED DATA - Atmospheric Dynamics Prototype
2024-11-30,06:00,Telangana,18.1124,79.0193,Post-Monsoon,48 hours,Normal,0.0,26.2,15.6,0.0,25.4,12.8,0.9,24.8,21.6,0.5,26.2,15.4,0.0,26.2,14.5,0.7,27.4,12.2,0.0,25.7,9.4,0.0,25.3,20.2,1.8,26.6,20.7,DEMO / SIMULATED DATA - Atmospheric Dynamics Prototype
2024-02-25,18:00,Odisha,20.9517,85.0985,Winter,24 hours,Normal,0.6,20.3,8.2,0.0,22.5,12.3,3.1,21.2,8.4,0.8,19.5,7.8,1.2,19.7,7.4,2.9,21.7,7.7,0.0,20.3,10.5,0.0,16.6,5.8,0.0,19.4,7.5,DEMO / SIMULATED DATA - Atmospheric Dynamics Prototype
2024-01-13,06:00,Tamil Nadu,11.1271,78.6569,Winter,72 hours,Heat Wave,0.0,46.8,19.4,7.5,46.6,23.6,0.0,43.4,24.9,2.5,45.6,20.7,1.7,45.5,16.1,6.0,44.8,26.9,0.0,48.1,17.6,4.4,45.6,18.4,0.3,44.2,24.6,DEMO / SIMULATED DATA - Atmospheric Dynamics Prototype
2024-01-13,00:00,Maharashtra,19.7515,75.7139,Winter,12 hours,Normal,0.0,15.6,17.1,0.0,16.7,7.5,0.0,15.6,18.3,3.1,15.8,14.5,0.0,17.4,17.6,3.6,14.8,17.4,6.1,15.3,17.8,4.5,14.5,8.6,1.3,17.2,11.1,DEMO / SIMULATED DATA - Atmospheric Dynamics Prototype
2024-08-15,12:00,Rajasthan,27.0238,74.2179,Southwest Monsoon,24 hours,Normal,9.7,32.8,13.0,0.0,31.4,11.2,9.2,32.3,11.2,10.4,33.3,11.6,14.9,32.7,11.2,9.5,33.4,13.2,8.8,31.9,10.5,6.7,33.3,8.7,12.0,35.4,14.6,DEMO / SIMULATED DATA - Atmospheric Dynamics Prototype
2024-03-08,12:00,Odisha,20.9517,85.0985,Summer,48 hours,Heavy Rain,114.8,32.0,39.7,132.6,32.3,37.6,117.5,32.3,31.3,111.8,31.9,43.8,114.7,31.9,37.9,119.5,30.9,41.5,114.0,32.2,41.6,106.7,32.4,51.8,103.9,31.9,46.4,DEMO / SIMULATED DATA - Atmospheric Dynamics Prototype
2024-08-22,18:00,Telangana,18.1124,79.0193,Southwest Monsoon,6 hours,Normal,5.6,28.5,12.7,2.4,28.9,12.6,11.4,28.9,12.4,4.2,28.9,13.9,1.7,28.6,14.5,5.3,28.0,11.1,7.6,29.4,17.1,1.3,29.2,12.3,5.2,29.1,14.4,DEMO / SIMULATED DATA - Atmospheric Dynamics Prototype
2024-04-03,00:00,Andhra Pradesh,15.9129,79.74,Summer,24 hours,Heavy Rain,63.0,26.8,48.4,56.4,24.9,51.1,65.3,26.5,47.3,62.8,26.6,50.2,63.8,26.4,48.2,70.9,26.5,47.2,60.1,27.8,47.7,59.7,28.9,54.6,59.5,23.4,53.4,DEMO / SIMULATED DATA - Atmospheric Dynamics Prototype
2024-06-21,18:00,Kerala,10.8505,76.2711,Southwest Monsoon,72 hours,Heavy Rain,94.2,27.4,51.4,80.4,25.3,48.8,99.5,27.6,55.3,95.9,26.5,52.5,102.9,25.2,57.5,94.8,25.9,45.3,93.0,29.2,50.7,105.1,24.1,51.3,83.9,28.3,57.6,DEMO / SIMULATED DATA - Atmospheric Dynamics Prototype
2024-11-19,06:00,Andhra Pradesh,15.9129,79.74,Northeast Monsoon,24 hours,Heavy Rain,117.8,21.3,49.7,106.2,22.3,55.0,113.2,21.5,48.6,116.2,22.1,45.4,117.5,21.6,48.4,115.3,21.3,46.2,113.0,22.2,45.3,121.2,22.0,42.2,113.9,23.5,44.9,DEMO / SIMULATED DATA - Atmospheric Dynamics Prototype
2024-07-24,00:00,Karnataka,15.3173,75.7139,Southwest Monsoon,24 hours,Storm/Cyclone,181.2,24.1,84.7,162.0,26.4,82.5,176.7,24.2,84.0,181.7,24.0,86.6,188.3,24.6,84.3,177.7,24.5,89.4,182.6,22.9,86.7,181.0,24.8,83.1,179.0,23.3,89.4,DEMO / SIMULATED DATA - Atmospheric Dynamics Prototype
2024-09-07,00:00,Kerala,10.8505,76.2711,Southwest Monsoon,72 hours,Normal,8.2,25.7,13.5,10.4,24.7,9.0,22.6,21.6,16.8,12.9,26.8,11.5,13.9,21.0,16.5,7.0,26.1,12.0,15.0,26.4,14.2,1.7,30.0,13.6,27.0,30.7,1.0,DEMO / SIMULATED DATA - Atmospheric Dynamics Prototype
2024-01-13,18:00,Odisha,20.9517,85.0985,Winter,24 hours,High Wind,17.6,20.5,53.7,22.7,18.2,58.2,17.6,21.5,53.2,18.1,20.3,51.4,16.1,20.5,54.0,15.1,19.9,49.7,15.7,21.4,53.2,22.7,20.2,47.4,21.0,19.3,52.5,DEMO / SIMULATED DATA - Atmospheric Dynamics Prototype
2024-01-19,06:00,Tamil Nadu,11.1271,78.6569,Winter,72 hours,Normal,4.0,19.6,13.0,9.0,21.4,14.7,1.2,20.6,22.0,4.5,20.1,18.3,3.9,19.2,14.5,4.2,17.3,14.1,0.0,20.3,8.7,4.3,20.5,28.2,10.1,23.1,26.1,DEMO / SIMULATED DATA - Atmospheric Dynamics Prototype
2024-10-21,12:00,Kerala,10.8505,76.2711,Post-Monsoon,72 hours,High Wind,8.6,31.6,49.7,22.1,31.8,44.2,19.2,33.7,56.5,6.4,32.5,53.7,0.0,34.3,47.6,12.8,35.8,59.6,2.4,28.7,57.4,9.6,30.5,53.6,7.3,33.4,50.2,DEMO / SIMULATED DATA - Atmospheric Dynamics Prototype
2024-03-13,00:00,Kerala,10.8505,76.2711,Summer,12 hours,Heavy Rain,89.8,26.4,39.5,83.9,26.8,39.7,93.2,26.6,36.1,91.1,25.5,38.1,93.2,27.3,40.9,86.0,25.4,34.1,91.6,24.7,33.7,95.6,27.5,38.2,89.1,22.5,43.6,DEMO / SIMULATED DATA - Atmospheric Dynamics Prototype
2024-12-23,00:00,Karnataka,15.3173,75.7139,Post-Monsoon,24 hours,Normal,0.0,22.3,20.7,0.0,23.9,31.2,0.0,21.3,21.4,2.0,23.3,18.3,2.2,22.1,24.6,0.0,23.1,18.7,7.6,25.1,17.8,0.0,23.7,19.0,0.0,22.3,11.2,DEMO / SIMULATED DATA - Atmospheric Dynamics Prototype
2024-12-28,06:00,Telangana,18.1124,79.0193,Post-Monsoon,48 hours,Normal,0.0,29.3,8.0,4.5,29.0,8.2,0.0,30.8,13.1,1.7,30.0,6.3,0.0,30.8,7.7,3.6,27.0,9.4,0.0,29.6,8.5,0.8,30.5,5.0,4.0,32.0,1.0,DEMO / SIMULATED DATA - Atmospheric Dynamics Prototype
2024-04-06,00:00,Odisha,20.9517,85.0985,Summer,72 hours,Storm/Cyclone,87.8,25.6,96.2,70.7,26.1,93.0,71.9,25.1,95.9,87.0,24.8,98.7,86.2,23.1,102.2,84.4,25.2,85.1,97.8,24.7,96.7,95.9,24.1,102.2,70.9,27.0,107.2,DEMO / SIMULATED DATA - Atmospheric Dynamics Prototype
2024-05-01,06:00,Karnataka,15.3173,75.7139,Summer,48 hours,Normal,0.0,33.5,15.3,0.0,32.6,11.8,0.0,31.4,17.7,4.2,32.6,15.4,5.8,33.5,16.0,2.4,34.0,12.0,9.2,32.2,18.3,3.3,29.7,13.4,0.4,33.8,17.1,DEMO / SIMULATED DATA - Atmospheric Dynamics Prototype
2024-11-15,00:00,Telangana,18.1124,79.0193,Post-Monsoon,72 hours,Normal,0.0,23.5,13.6,5.4,25.9,17.0,10.2,24.4,19.4,2.6,22.8,17.3,4.1,23.2,16.3,0.0,24.1,16.2,6.6,25.1,19.3,0.0,22.7,11.9,2.2,18.8,22.9,DEMO / SIMULATED DATA - Atmospheric Dynamics Prototype
2024-09-27,12:00,Tamil Nadu,11.1271,78.6569,Southwest Monsoon,24 hours,Normal,5.6,32.6,16.9,10.4,33.4,17.1,6.1,32.2,16.5,6.2,32.1,19.5,3.5,32.3,20.5,1.5,31.8,12.8,0.0,32.3,14.6,14.6,32.1,22.5,11.2,32.2,27.3,DEMO / SIMULATED DATA - Atmospheric Dynamics Prototype
2024-06-07,18:00,Andhra Pradesh,15.9129,79.74,Southwest Monsoon,12 hours,High Wind,17.7,27.3,67.2,20.9,28.4,67.5,21.3,27.6,65.3,18.2,27.7,70.7,21.6,27.9,66.1,16.1,27.6,68.5,18.5,27.7,73.0,22.6,27.6,70.9,12.4,27.9,75.2,DEMO / SIMULATED DATA - Atmospheric Dynamics Prototype
2024-01-16,18:00,Maharashtra,19.7515,75.7139,Winter,24 hours,Normal,0.3,20.1,21.8,4.7,23.3,28.1,0.0,19.3,23.1,3.1,20.7,22.4,0.1,21.6,16.0,8.5,20.7,19.2,3.6,21.9,22.2,0.0,19.6,26.3,3.2,19.8,28.3,DEMO / SIMULATED DATA - Atmospheric Dynamics Prototype
2024-11-21,18:00,Rajasthan,27.0238,74.2179,Post-Monsoon,48 hours,Heavy Rain,67.4,22.0,32.3,76.4,21.6,34.7,74.2,22.6,34.8,67.8,22.5,32.4,62.3,21.6,37.9,67.9,24.7,29.5,68.7,21.4,35.0,72.9,23.2,37.8,67.3,21.6,21.8,DEMO / SIMULATED DATA - Atmospheric Dynamics Prototype
2024-10-17,18:00,Telangana,18.1124,79.0193,Post-Monsoon,24 hours,Normal,1.0,28.6,4.8,4.2,26.8,7.9,4.4,29.1,7.2,4.7,28.3,5.7,7.3,29.5,5.7,7.2,30.7,10.5,0.0,26.7,2.7,4.6,28.9,3.9,4.2,25.9,5.5,DEMO / SIMULATED DATA - Atmospheric Dynamics Prototype
2024-05-28,18:00,Karnataka,15.3173,75.7139,Summer,12 hours,Normal,0.3,35.6,21.5,0.0,34.7,26.2,3.3,36.0,21.1,2.7,34.9,23.6,0.3,34.5,24.1,3.9,34.2,24.0,1.9,34.3,17.4,2.0,35.0,28.6,5.2,36.4,23.8,DEMO / SIMULATED DATA - Atmospheric Dynamics Prototype
2024-07-25,18:00,Karnataka,15.3173,75.7139,Southwest Monsoon,48 hours,Storm/Cyclone,158.6,22.8,82.5,131.8,23.8,83.3,163.3,19.8,88.4,159.4,22.4,86.0,155.6,22.6,85.5,159.8,23.3,85.6,160.9,22.2,81.7,159.9,21.1,87.8,160.6,23.0,89.6,DEMO / SIMULATED DATA - Atmospheric Dynamics Prototype
2024-10-02,18:00,Maharashtra,19.7515,75.7139,Post-Monsoon,72 hours,High Wind,17.1,26.0,68.4,15.8,24.6,64.0,3.8,25.5,57.0,13.7,25.3,68.5,15.1,25.2,72.4,11.7,24.7,66.6,13.4,28.7,62.3,14.4,26.8,73.9,14.0,21.1,67.3,DEMO / SIMULATED DATA - Atmospheric Dynamics Prototype
2024-10-28,18:00,Andhra Pradesh,15.9129,79.74,Northeast Monsoon,72 hours,Heavy Rain,109.9,23.2,36.5,110.2,25.4,36.2,111.4,21.0,43.1,104.8,24.0,38.6,104.8,22.5,38.9,99.0,23.5,31.7,110.0,22.5,47.9,107.1,27.4,40.1,103.3,24.1,34.4,DEMO / SIMULATED DATA - Atmospheric Dynamics Prototype
2024-07-14,12:00,Rajasthan,27.0238,74.2179,Southwest Monsoon,6 hours,Normal,12.9,32.9,18.9,13.2,34.3,19.0,13.9,32.8,19.1,15.8,33.3,17.7,13.3,32.3,18.0,12.2,33.1,18.8,17.3,33.9,18.3,18.8,35.4,11.4,17.4,31.8,22.2,DEMO / SIMULATED DATA - Atmospheric Dynamics Prototype
2024-09-12,12:00,Kerala,10.8505,76.2711,Southwest Monsoon,48 hours,Heavy Rain,89.0,28.2,37.4,91.8,27.6,32.9,83.6,29.1,43.9,85.9,27.4,30.1,86.6,28.7,30.7,86.3,28.2,33.8,84.0,27.1,38.7,87.8,23.9,26.2,84.8,29.2,21.0,DEMO / SIMULATED DATA - Atmospheric Dynamics Prototype
2024-10-12,12:00,Tamil Nadu,11.1271,78.6569,Northeast Monsoon,72 hours,Heat Wave,0.0,45.5,16.8,2.8,45.8,3.4,5.9,46.0,20.2,3.5,44.9,19.7,17.3,42.6,23.3,0.0,46.0,16.6,0.0,44.4,18.6,0.0,47.2,14.2,0.0,44.3,25.6,DEMO / SIMULATED DATA - Atmospheric Dynamics Prototype
2024-04-12,12:00,Karnataka,15.3173,75.7139,Summer,6 hours,Normal,1.4,40.5,18.7,0.6,41.3,22.9,0.0,39.9,18.4,0.9,40.6,21.1,0.0,39.2,16.5,0.0,41.7,23.3,0.0,41.1,21.5,0.0,40.7,28.0,4.7,40.1,16.4,DEMO / SIMULATED DATA - Atmospheric Dynamics Prototype
2024-10-14,00:00,Kerala,10.8505,76.2711,Post-Monsoon,6 hours,Normal,0.0,19.9,15.3,3.8,19.4,12.2,0.0,20.1,12.2,0.0,20.2,14.5,0.0,19.5,13.9,0.0,20.8,13.5,0.0,20.2,17.6,0.0,19.1,12.9,0.0,21.6,14.8,DEMO / SIMULATED DATA - Atmospheric Dynamics Prototype
2024-10-08,12:00,Andhra Pradesh,15.9129,79.74,Northeast Monsoon,12 hours,High Wind,23.5,32.4,55.4,22.8,31.1,56.0,23.7,33.1,56.1,25.3,31.8,56.5,22.3,32.8,52.9,23.4,32.7,55.8,25.1,31.6,59.3,31.8,30.1,50.6,23.7,32.0,63.8,DEMO / SIMULATED DATA - Atmospheric Dynamics Prototype
2024-08-29,06:00,Odisha,20.9517,85.0985,Southwest Monsoon,6 hours,Storm/Cyclone,100.3,24.5,73.2,93.5,23.7,73.9,98.2,24.7,72.7,101.1,25.2,70.9,102.1,25.3,75.4,101.3,24.9,72.3,102.8,25.4,68.2,101.9,26.3,71.9,97.5,23.9,66.9,DEMO / SIMULATED DATA - Atmospheric Dynamics Prototype
2024-04-20,00:00,Telangana,18.1124,79.0193,Summer,6 hours,Normal,0.6,37.7,13.1,2.5,37.1,14.7,0.8,37.2,13.7,0.0,38.1,13.6,0.0,38.3,12.6,0.0,38.0,13.7,0.0,38.6,15.3,0.0,36.8,12.6,0.0,38.7,13.7,DEMO / SIMULATED DATA - Atmospheric Dynamics Prototype
2024-01-20,06:00,Kerala,10.8505,76.2711,Winter,24 hours,Heavy Rain,107.2,17.4,41.4,107.7,16.0,42.2,108.4,17.2,40.0,103.7,17.3,42.4,100.4,18.5,42.5,108.8,15.6,45.9,105.1,17.0,37.3,98.1,19.3,47.0,106.2,16.2,39.5,DEMO / SIMULATED DATA - Atmospheric Dynamics Prototype
2024-07-08,18:00,Andhra Pradesh,15.9129,79.74,Southwest Monsoon,72 hours,Normal,6.5,27.9,15.8,8.5,26.0,8.8,0.0,26.5,8.1,4.7,26.8,13.9,2.2,27.5,13.5,0.3,24.3,17.2,11.2,27.1,14.4,6.5,31.5,6.1,3.1,23.5,18.3,DEMO / SIMULATED DATA - Atmospheric Dynamics Prototype
2024-07-30,06:00,Kerala,10.8505,76.2711,Southwest Monsoon,24 hours,Heavy Rain,130.7,25.5,37.7,135.3,24.9,36.6,134.0,25.3,35.5,127.0,26.3,38.8,128.1,27.6,37.2,125.6,23.4,35.7,129.8,26.8,40.9,130.7,24.8,39.2,120.6,29.1,40.9,DEMO / SIMULATED DATA - Atmospheric Dynamics Prototype
2024-11-09,06:00,Maharashtra,19.7515,75.7139,Post-Monsoon,6 hours,Normal,0.0,29.1,15.7,0.0,29.9,13.8,0.0,29.3,13.7,0.3,29.5,16.4,0.0,29.0,15.6,1.4,29.8,12.7,0.0,28.0,20.2,0.0,29.1,15.9,0.0,31.5,17.4,DEMO / SIMULATED DATA - Atmospheric Dynamics Prototype
2024-03-03,18:00,Rajasthan,27.0238,74.2179,Summer,48 hours,Heavy Rain,67.9,38.6,43.3,42.0,37.5,46.9,63.2,38.6,39.8,67.1,38.1,43.1,60.6,37.8,45.5,57.1,39.0,38.7,71.2,39.8,42.5,66.9,37.0,36.2,79.7,36.7,52.7,DEMO / SIMULATED DATA - Atmospheric Dynamics Prototype
2024-11-13,06:00,Telangana,18.1124,79.0193,Post-Monsoon,72 hours,Normal,0.0,26.0,9.1,0.0,26.7,4.1,2.2,26.8,10.1,2.1,26.2,13.9,0.0,26.6,17.0,1.3,21.0,14.8,0.0,30.5,9.7,0.0,21.3,18.7,9.1,31.7,9.2,DEMO / SIMULATED DATA - Atmospheric Dynamics Prototype
2024-09-01,12:00,Rajasthan,27.0238,74.2179,Southwest Monsoon,24 hours,Normal,4.8,33.5,21.7,0.4,28.6,24.1,2.0,34.0,23.1,7.0,33.1,21.5,5.7,35.9,21.3,3.7,34.3,21.5,9.9,31.7,16.9,8.7,31.6,24.4,6.9,32.2,23.5,DEMO / SIMULATED DATA - Atmospheric Dynamics Prototype
2024-03-13,18:00,Andhra Pradesh,15.9129,79.74,Summer,12 hours,Normal,0.0,32.3,13.7,8.7,30.6,14.5,2.6,31.4,14.1,1.6,32.3,15.9,2.6,32.3,20.5,0.0,33.4,13.2,3.1,32.9,11.2,1.0,29.6,16.1,1.5,33.3,18.4,DEMO / SIMULATED DATA - Atmospheric Dynamics Prototype
2024-05-27,06:00,Andhra Pradesh,15.9129,79.74,Summer,24 hours,Normal,2.3,34.1,18.6,0.0,33.5,16.1,2.1,34.6,19.2,4.4,34.1,17.7,2.9,33.9,18.4,5.3,31.7,18.6,3.6,35.2,14.8,0.0,35.0,10.3,10.0,34.5,26.3,DEMO / SIMULATED DATA - Atmospheric Dynamics Prototype
2024-08-06,00:00,Telangana,18.1124,79.0193,Southwest Monsoon,6 hours,Normal,4.0,22.5,17.7,0.0,24.1,19.0,0.9,21.7,21.5,3.4,22.1,20.7,1.5,21.6,20.2,5.1,21.6,18.3,0.2,23.8,21.1,6.3,23.0,24.2,4.0,20.7,19.6,DEMO / SIMULATED DATA - Atmospheric Dynamics Prototype
2024-03-26,18:00,Andhra Pradesh,15.9129,79.74,Summer,48 hours,Normal,0.0,33.4,20.8,7.6,38.3,15.5,0.0,35.0,16.8,1.2,33.5,21.7,3.8,33.9,20.7,2.0,33.9,20.1,0.0,33.7,28.0,0.0,31.5,23.1,0.3,34.3,16.6,DEMO / SIMULATED DATA - Atmospheric Dynamics Prototype
2024-04-26,00:00,Karnataka,15.3173,75.7139,Summer,72 hours,Normal,0.0,32.6,21.1,7.3,35.2,13.7,11.0,31.3,5.9,0.0,31.9,20.4,0.0,32.9,17.4,0.0,33.2,20.3,0.0,30.1,21.2,0.0,31.0,15.3,0.0,32.1,27.8,DEMO / SIMULATED DATA - Atmospheric Dynamics Prototype
2024-02-16,00:00,Kerala,10.8505,76.2711,Winter,48 hours,Normal,0.8,12.4,13.2,0.0,11.7,10.1,0.0,10.7,13.5,2.9,12.7,10.7,0.0,13.3,14.8,0.0,12.6,11.6,0.0,13.6,12.6,0.0,10.7,7.8,14.7,13.1,6.7,DEMO / SIMULATED DATA - Atmospheric Dynamics Prototype
2024-01-16,12:00,Andhra Pradesh,15.9129,79.74,Winter,24 hours,Normal,0.3,25.0,20.0,7.8,28.5,18.2,1.6,25.4,20.4,4.6,25.0,17.9,0.0,25.4,13.3,2.9,25.1,19.3,9.4,24.1,18.5,10.5,23.7,17.6,0.0,26.5,21.0,DEMO / SIMULATED DATA - Atmospheric Dynamics Prototype
2024-07-04,00:00,Andhra Pradesh,15.9129,79.74,Southwest Monsoon,48 hours,Normal,7.1,25.3,19.7,14.1,24.3,26.5,8.4,27.4,22.8,7.5,25.5,20.1,1.4,27.4,19.9,9.7,23.4,21.7,13.0,28.6,26.1,10.5,22.3,20.4,3.0,25.8,12.4,DEMO / SIMULATED DATA - Atmospheric Dynamics Prototype
2024-09-22,18:00,Karnataka,15.3173,75.7139,Southwest Monsoon,72 hours,Heavy Rain,79.1,23.9,43.2,52.9,23.5,44.4,73.5,23.9,44.1,77.6,23.9,45.1,75.9,25.3,43.9,82.0,24.0,52.9,82.9,22.9,47.6,67.2,24.2,45.2,80.2,23.0,36.1,DEMO / SIMULATED DATA - Atmospheric Dynamics Prototype
2024-10-10,06:00,Maharashtra,19.7515,75.7139,Post-Monsoon,24 hours,Normal,0.0,29.6,23.5,0.0,29.1,24.0,1.3,28.9,26.0,0.8,28.0,25.8,0.0,29.0,25.2,3.9,27.9,32.0,0.0,27.8,25.4,0.0,28.8,26.1,0.0,26.5,20.5,DEMO / SIMULATED DATA - Atmospheric Dynamics Prototype
2024-08-07,18:00,Rajasthan,27.0238,74.2179,Southwest Monsoon,48 hours,Normal,10.7,30.4,13.4,12.4,30.7,11.4,9.2,28.6,1.6,7.3,29.9,13.1,14.8,30.6,13.4,12.5,29.2,9.5,9.2,32.7,8.0,0.0,29.4,19.4,0.0,27.8,15.0,DEMO / SIMULATED DATA - Atmospheric Dynamics Prototype
2024-04-12,12:00,Tamil Nadu,11.1271,78.6569,Summer,24 hours,Heavy Rain,52.0,35.7,48.6,23.4,36.4,51.3,56.6,36.2,50.5,49.6,36.8,45.7,51.2,38.1,47.5,49.7,37.8,43.8,43.8,35.9,48.6,50.8,37.3,44.6,52.4,35.0,44.2,DEMO / SIMULATED DATA - Atmospheric Dynamics Prototype
2024-08-28,18:00,Kerala,10.8505,76.2711,Southwest Monsoon,72 hours,Normal,8.7,28.4,12.6,14.8,26.1,12.5,0.0,30.2,20.5,10.9,26.6,14.0,10.8,26.3,15.8,4.3,26.4,10.8,6.2,27.4,19.5,23.3,25.3,8.3,9.9,27.4,15.4,DEMO / SIMULATED DATA - Atmospheric Dynamics Prototype
2024-01-10,06:00,Rajasthan,27.0238,74.2179,Winter,6 hours,Normal,1.2,14.2,5.7,5.8,15.0,14.3,0.0,15.1,8.3,1.9,13.9,6.8,0.0,15.0,6.5,0.5,13.4,3.7,8.9,14.2,8.2,0.0,13.1,9.7,0.0,13.6,5.8,DEMO / SIMULATED DATA - Atmospheric Dynamics Prototype
2024-06-05,06:00,Rajasthan,27.0238,74.2179,Southwest Monsoon,12 hours,Heavy Rain,123.3,23.6,46.3,110.4,25.2,49.8,119.8,23.9,41.9,122.3,24.4,45.1,123.4,25.3,44.0,120.5,24.4,41.8,120.8,24.3,44.1,122.2,24.7,47.9,124.7,23.1,47.9,DEMO / SIMULATED DATA - Atmospheric Dynamics Prototype
2024-04-09,12:00,Maharashtra,19.7515,75.7139,Summer,24 hours,Heavy Rain,115.0,34.8,45.0,147.4,33.4,41.9,117.3,34.5,47.0,113.7,34.9,44.3,115.5,34.4,43.0,112.0,34.3,44.4,111.3,34.6,40.8,118.9,36.3,41.9,110.6,35.1,51.3,DEMO / SIMULATED DATA - Atmospheric Dynamics Prototype
2024-09-02,00:00,Karnataka,15.3173,75.7139,Southwest Monsoon,24 hours,Storm/Cyclone,126.8,26.0,66.5,132.5,28.2,73.0,122.1,25.8,62.2,125.1,25.3,65.9,124.4,23.7,67.7,127.6,25.5,63.9,128.2,24.6,62.4,120.7,25.7,64.0,124.6,26.9,71.3,DEMO / SIMULATED DATA - Atmospheric Dynamics Prototype
2024-12-26,06:00,Telangana,18.1124,79.0193,Post-Monsoon,72 hours,Normal,0.0,30.1,13.7,0.3,27.0,5.4,2.2,25.5,20.5,3.9,30.0,12.5,0.0,34.6,22.4,0.0,29.9,18.3,10.7,26.9,4.1,0.0,31.4,16.8,8.8,27.0,1.0,DEMO / SIMULATED DATA - Atmospheric Dynamics Prototype
2024-05-09,18:00,Kerala,10.8505,76.2711,Summer,72 hours,Heavy Rain,117.7,29.2,33.0,134.0,25.0,40.1,117.2,29.5,26.6,118.7,30.2,33.7,109.7,29.3,35.1,121.5,30.2,34.7,111.9,30.7,27.4,125.7,29.0,32.7,124.8,31.8,38.4,DEMO / SIMULATED DATA - Atmospheric Dynamics Prototype
2024-03-10,06:00,Andhra Pradesh,15.9129,79.74,Summer,12 hours,Normal,0.0,33.0,17.6,0.0,32.2,21.9,4.9,32.6,20.2,1.1,32.6,17.0,0.1,32.8,21.2,0.0,33.3,18.3,0.0,33.4,15.7,0.0,32.3,15.5,5.3,31.3,14.1,DEMO / SIMULATED DATA - Atmospheric Dynamics Prototype
2024-03-23,06:00,Odisha,20.9517,85.0985,Summer,6 hours,Normal,1.7,,13.1,1.6,32.4,10.4,0.9,30.4,10.7,3.5,30.8,12.2,0.0,30.8,12.2,2.6,30.3,14.0,3.5,30.7,10.5,2.1,30.9,13.9,9.3,31.3,10.4,DEMO / SIMULATED DATA - Atmospheric Dynamics Prototype
2024-06-10,06:00,Rajasthan,27.0238,74.2179,Southwest Monsoon,72 hours,Normal,6.7,26.9,14.0,0.4,25.8,8.3,17.8,26.9,19.3,7.4,27.3,12.8,12.4,27.1,9.5,5.5,25.7,11.7,6.1,26.6,16.2,10.7,26.6,16.5,2.2,30.3,10.0,DEMO / SIMULATED DATA - Atmospheric Dynamics Prototype
2024-02-04,12:00,Kerala,10.8505,76.2711,Winter,24 hours,Normal,0.0,26.6,19.9,0.0,24.9,13.7,3.4,26.8,17.5,4.1,26.9,18.5,0.0,27.8,19.2,0.0,25.7,16.6,5.2,28.9,16.2,7.2,25.8,22.2,8.1,26.3,18.3,DEMO / SIMULATED DATA - Atmospheric Dynamics Prototype
2024-10-04,18:00,Rajasthan,27.0238,74.2179,Post-Monsoon,12 hours,Normal,0.0,28.9,6.4,2.7,27.9,5.6,0.0,28.3,6.4,2.2,28.7,5.9,0.0,28.6,4.7,1.1,30.7,6.8,4.0,27.2,6.9,0.0,26.8,3.5,6.1,30.4,7.5,DEMO / SIMULATED DATA - Atmospheric Dynamics Prototype
2024-07-23,12:00,Tamil Nadu,11.1271,78.6569,Southwest Monsoon,24 hours,Heavy Rain,135.5,29.6,39.8,125.5,30.4,30.1,135.1,29.7,41.7,138.0,29.3,41.8,137.7,30.2,37.7,128.3,29.1,43.0,141.7,30.6,41.4,137.4,28.7,39.2,145.1,27.9,47.8,DEMO / SIMULATED DATA - Atmospheric Dynamics Prototype
2024-05-13,18:00,Andhra Pradesh,15.9129,79.74,Summer,48 hours,Normal,0.9,33.9,12.3,2.2,35.8,7.8,0.0,33.7,11.8,4.3,34.6,12.3,3.0,35.0,12.1,9.4,34.2,10.9,0.0,33.5,10.8,6.8,34.8,6.1,2.1,35.4,21.4,DEMO / SIMULATED DATA - Atmospheric Dynamics Prototype
2024-10-22,06:00,Andhra Pradesh,15.9129,79.74,Northeast Monsoon,48 hours,Heavy Rain,126.3,23.7,36.6,101.4,25.6,37.9,118.1,21.4,38.7,126.4,23.7,39.5,131.5,22.4,39.1,123.8,24.9,39.3,127.1,20.6,39.7,129.4,24.5,37.6,120.2,26.1,42.0,DEMO / SIMULATED DATA - Atmospheric Dynamics Prototype
2024-12-29,12:00,Maharashtra,19.7515,75.7139,Post-Monsoon,12 hours,Normal,0.8,29.6,16.5,0.0,33.0,21.5,0.0,29.8,19.8,1.6,29.6,18.2,0.0,29.7,16.8,0.0,30.0,19.7,6.8,29.3,25.0,0.0,30.1,11.0,1.3,28.8,18.7,DEMO / SIMULATED DATA - Atmospheric Dynamics Prototype
2024-12-27,18:00,Telangana,18.1124,79.0193,Post-Monsoon,72 hours,Heavy Rain,94.7,20.4,45.7,86.4,22.2,53.2,88.1,20.3,42.0,94.5,19.8,49.2,97.3,20.1,45.8,93.3,20.2,53.5,109.8,21.1,45.2,83.1,18.7,44.9,88.8,18.8,56.8,DEMO / SIMULATED DATA - Atmospheric Dynamics Prototype
2024-08-21,06:00,Odisha,20.9517,85.0985,Southwest Monsoon,6 hours,Normal,3.7,28.6,22.7,2.8,27.9,16.8,3.5,28.2,26.5,5.6,29.1,22.3,8.5,27.6,20.2,2.8,27.8,23.3,2.5,28.9,26.0,0.0,29.9,20.0,14.1,31.1,22.2,DEMO / SIMULATED DATA - Atmospheric Dynamics Prototype
2024-07-26,00:00,Maharashtra,19.7515,75.7139,Southwest Monsoon,48 hours,Storm/Cyclone,196.3,23.6,87.4,185.0,25.3,85.2,200.6,28.4,86.8,198.8,23.5,88.3,197.8,22.7,88.0,198.4,23.9,83.4,197.4,26.1,89.5,202.2,23.1,91.4,198.2,21.5,89.3,DEMO / SIMULATED DATA - Atmospheric Dynamics Prototype
2024-05-22,06:00,Kerala,10.8505,76.2711,Summer,48 hours,Heavy Rain,110.5,28.4,37.5,96.6,28.6,35.6,98.3,27.7,35.9,109.5,28.3,42.4,112.9,27.6,42.9,101.8,30.3,36.6,115.1,28.5,42.7,108.1,26.3,45.0,109.7,28.9,44.9,DEMO / SIMULATED DATA - Atmospheric Dynamics Prototype
2024-04-10,18:00,Odisha,20.9517,85.0985,Summer,24 hours,Normal,1.1,32.6,17.5,1.5,30.3,14.0,4.6,33.2,17.4,2.3,32.8,16.6,1.9,32.3,21.1,0.3,32.9,21.2,0.0,34.8,11.7,9.4,32.0,16.4,0.0,31.8,12.4,DEMO / SIMULATED DATA - Atmospheric Dynamics Prototype
2024-09-07,12:00,Odisha,20.9517,85.0985,Southwest Monsoon,24 hours,Heavy Rain,68.2,30.6,44.7,61.6,30.5,46.0,67.3,31.8,44.8,70.0,31.5,43.6,68.7,28.7,44.4,72.5,31.3,37.7,66.2,33.0,44.1,69.8,33.2,44.0,72.8,31.3,47.8,DEMO / SIMULATED DATA - Atmospheric Dynamics Prototype
2024-12-08,06:00,Kerala,10.8505,76.2711,Post-Monsoon,72 hours,Normal,1.3,28.2,14.6,0.0,30.9,14.7,10.5,31.6,15.0,1.9,28.9,14.1,0.0,27.9,12.1,0.0,27.4,14.3,0.0,26.7,7.7,2.7,32.5,22.5,6.7,29.9,13.7,DEMO / SIMULATED DATA - Atmospheric Dynamics Prototype
2024-03-03,12:00,Karnataka,15.3173,75.7139,Summer,48 hours,Normal,0.2,39.0,14.4,0.6,35.9,14.7,0.7,40.2,14.3,2.9,39.4,13.1,0.4,38.3,13.4,2.5,36.1,13.2,3.9,41.8,12.6,7.5,42.3,12.4,0.0,38.6,13.9,DEMO / SIMULATED DATA - Atmospheric Dynamics Prototype
2024-07-16,12:00,Odisha,20.9517,85.0985,Southwest Monsoon,72 hours,Heavy Rain,134.8,31.4,49.2,127.8,30.7,38.9,143.2,33.4,62.6,137.6,30.4,48.1,144.9,29.8,47.9,148.2,31.3,50.3,125.2,31.7,59.6,144.1,30.0,46.7,125.5,29.2,35.8,DEMO / SIMULATED DATA - Atmospheric Dynamics Prototype
2024-07-06,00:00,Rajasthan,27.0238,74.2179,Southwest Monsoon,24 hours,Normal,4.7,26.4,9.8,4.8,24.1,10.5,10.3,26.8,9.7,3.8,27.1,10.2,8.0,26.6,10.4,0.6,26.7,13.1,1.0,28.4,9.5,0.2,28.0,8.5,9.1,25.9,9.5,DEMO / SIMULATED DATA - Atmospheric Dynamics Prototype
2024-07-12,12:00,Andhra Pradesh,15.9129,79.74,Southwest Monsoon,48 hours,Normal,4.1,33.4,16.9,5.6,33.5,17.8,13.4,33.5,28.7,3.4,33.3,17.8,5.4,32.9,21.2,3.7,30.0,16.9,2.8,36.1,12.8,2.0,35.9,19.0,2.9,31.7,19.0,DEMO / SIMULATED DATA - Atmospheric Dynamics Prototype
2024-11-27,00:00,Telangana,18.1124,79.0193,Post-Monsoon,6 hours,Normal,0.0,21.6,12.5,0.0,20.7,18.7,0.0,21.2,9.7,0.2,21.5,13.7,0.8,21.5,10.0,0.0,23.1,12.6,0.4,21.7,17.0,0.0,21.1,11.9,0.0,20.2,16.9,DEMO / SIMULATED DATA - Atmospheric Dynamics Prototype
2024-04-16,12:00,Rajasthan,27.0238,74.2179,Summer,24 hours,Normal,0.0,46.9,15.7,5.6,48.5,22.8,1.1,48.0,15.3,2.2,45.9,13.8,0.0,47.7,10.9,0.6,48.0,16.7,10.1,44.2,15.4,0.1,44.7,10.7,0.0,44.9,15.2,DEMO / SIMULATED DATA - Atmospheric Dynamics Prototype
2024-02-14,12:00,Tamil Nadu,11.1271,78.6569,Winter,72 hours,Normal,2.0,21.8,21.7,0.0,26.2,21.7,0.0,20.1,27.6,6.9,22.4,19.4,0.0,22.8,21.7,8.0,20.0,17.6,0.2,21.4,19.8,21.1,26.5,23.6,5.4,21.2,14.3,DEMO / SIMULATED DATA - Atmospheric Dynamics Prototype
2024-10-06,00:00,Andhra Pradesh,15.9129,79.74,Northeast Monsoon,24 hours,Normal,14.4,23.2,16.8,7.0,25.0,15.0,14.3,23.5,23.0,18.1,22.2,16.5,15.2,23.0,13.5,19.9,23.0,22.2,19.3,22.6,11.5,15.8,22.2,17.0,20.4,20.2,18.1,DEMO / SIMULATED DATA - Atmospheric Dynamics Prototype
2024-10-07,12:00,Tamil Nadu,11.1271,78.6569,Northeast Monsoon,48 hours,Normal,15.3,33.4,16.2,11.2,33.3,10.5,0.1,33.7,19.4,13.6,33.6,11.3,16.3,31.1,15.1,5.2,35.4,12.0,22.0,35.0,12.1,8.3,34.1,11.7,16.0,32.3,5.5,DEMO / SIMULATED DATA - Atmospheric Dynamics Prototype
2024-11-17,06:00,Telangana,18.1124,79.0193,Post-Monsoon,24 hours,Heat Wave,0.0,44.7,15.5,0.0,44.2,17.7,0.0,44.9,16.7,3.3,43.9,14.8,2.1,42.8,13.5,0.0,44.8,17.1,6.6,44.0,13.6,5.9,45.2,21.0,1.7,42.6,8.9,DEMO / SIMULATED DATA - Atmospheric Dynamics Prototype
2024-03-31,18:00,Rajasthan,27.0238,74.2179,Summer,72 hours,Normal,0.2,42.8,17.6,6.3,45.3,13.9,0.0,44.6,20.4,3.8,43.0,18.0,0.7,43.3,18.8,7.1,45.0,20.1,5.5,43.8,15.1,5.7,39.6,24.1,0.0,43.5,11.7,DEMO / SIMULATED DATA - Atmospheric Dynamics Prototype
2024-10-27,06:00,Maharashtra,19.7515,75.7139,Post-Monsoon,72 hours,Normal,0.0,,18.0,11.7,25.8,22.3,3.6,26.6,27.9,1.2,28.8,13.1,2.4,27.8,11.0,1.2,28.4,13.3,0.0,30.2,7.4,2.3,28.1,21.1,0.0,29.3,12.8,DEMO / SIMULATED DATA - Atmospheric Dynamics Prototype
2024-05-11,18:00,Tamil Nadu,11.1271,78.6569,Summer,12 hours,Heavy Rain,87.5,31.5,49.4,86.3,29.0,58.9,94.3,31.4,47.3,85.2,30.6,50.9,92.2,31.2,49.8,91.6,31.3,48.7,82.5,30.7,48.5,81.9,29.9,49.5,78.0,30.1,58.0,DEMO / SIMULATED DATA - Atmospheric Dynamics Prototype
2024-12-24,06:00,Kerala,10.8505,76.2711,Post-Monsoon,24 hours,Heavy Rain,58.6,21.5,51.2,44.9,18.9,42.6,61.3,20.9,51.5,60.2,20.8,51.5,58.2,20.6,53.5,58.1,21.2,52.0,61.8,20.2,54.5,66.0,19.2,52.4,56.8,22.8,45.2,DEMO / SIMULATED DATA - Atmospheric Dynamics Prototype
2024-04-23,06:00,Karnataka,15.3173,75.7139,Summer,12 hours,Normal,8.0,35.9,15.7,4.9,34.8,16.6,8.2,35.9,17.6,5.0,36.1,14.8,6.9,36.2,14.5,5.1,35.6,14.3,6.2,37.4,14.8,5.0,35.9,16.1,1.9,35.4,14.2,DEMO / SIMULATED DATA - Atmospheric Dynamics Prototype
2024-06-20,18:00,Tamil Nadu,11.1271,78.6569,Southwest Monsoon,48 hours,High Wind,12.1,26.7,54.1,11.9,27.0,54.3,20.0,25.5,48.3,13.6,27.0,53.1,12.1,24.7,56.3,12.5,26.2,52.6,17.0,28.2,53.0,15.8,28.4,55.9,10.7,27.5,47.9,DEMO / SIMULATED DATA - Atmospheric Dynamics Prototype
2024-02-15,18:00,Andhra Pradesh,15.9129,79.74,Winter,72 hours,Normal,0.0,21.7,14.6,0.0,21.7,12.9,8.0,20.5,17.4,3.1,21.4,14.7,0.0,24.9,13.7,0.0,24.5,11.9,10.5,20.9,18.2,0.0,18.6,17.2,5.2,18.3,12.4,DEMO / SIMULATED DATA - Atmospheric Dynamics Prototype
2024-09-25,18:00,Maharashtra,19.7515,75.7139,Southwest Monsoon,6 hours,Heavy Rain,79.2,25.6,34.1,81.6,21.9,35.5,78.2,25.1,35.9,78.5,25.4,34.3,83.0,26.2,32.9,75.8,22.6,34.6,81.4,25.5,37.1,73.5,25.4,33.2,78.7,27.4,33.7,DEMO / SIMULATED DATA - Atmospheric Dynamics Prototype
2024-02-20,06:00,Kerala,10.8505,76.2711,Winter,12 hours,Normal,1.5,19.9,17.7,7.5,18.0,15.5,5.8,20.2,17.7,1.9,19.8,16.4,1.6,19.1,17.5,0.3,20.1,13.3,3.1,21.2,17.0,4.5,20.3,15.3,0.0,18.4,19.0,DEMO / SIMULATED DATA - Atmospheric Dynamics Prototype
2024-11-29,18:00,Kerala,10.8505,76.2711,Post-Monsoon,6 hours,Normal,0.0,27.4,21.2,1.1,26.2,22.4,0.2,26.6,23.9,0.9,27.4,20.2,2.9,26.5,19.8,0.0,28.0,22.5,0.2,27.7,17.1,1.6,27.3,18.7,0.0,27.4,22.7,DEMO / SIMULATED DATA - Atmospheric Dynamics Prototype
2024-12-08,00:00,Karnataka,15.3173,75.7139,Post-Monsoon,12 hours,Heavy Rain,126.3,14.8,47.3,132.5,16.2,48.6,125.1,14.3,44.9,128.9,15.0,46.4,126.7,16.0,46.4,127.8,14.0,47.9,131.3,15.7,42.0,128.9,15.7,48.0,129.7,13.4,47.6,DEMO / SIMULATED DATA - Atmospheric Dynamics Prototype
2024-01-16,06:00,Andhra Pradesh,15.9129,79.74,Winter,48 hours,Normal,1.5,22.5,17.1,0.0,21.5,18.7,0.0,24.7,13.6,3.9,22.5,16.6,4.2,21.0,19.3,4.6,23.1,13.2,2.8,20.5,15.9,7.9,24.0,17.2,0.0,23.9,17.2,DEMO / SIMULATED DATA - Atmospheric Dynamics Prototype
2024-04-02,18:00,Maharashtra,19.7515,75.7139,Summer,24 hours,Heavy Rain,77.1,33.3,44.1,77.4,33.5,45.9,77.7,33.4,45.9,78.3,33.6,41.9,85.1,34.5,44.7,75.9,33.1,40.0,80.0,31.9,42.7,80.5,32.9,41.9,70.2,35.5,40.0,DEMO / SIMULATED DATA - Atmospheric Dynamics Prototype
2024-10-09,18:00,Maharashtra,19.7515,75.7139,Post-Monsoon,6 hours,Normal,0.7,26.4,17.8,0.0,25.5,22.1,0.0,26.6,17.0,1.7,26.7,18.9,1.8,26.1,19.7,0.0,27.6,17.7,0.0,27.2,17.2,0.0,26.8,21.5,6.9,25.8,18.4,DEMO / SIMULATED DATA - Atmospheric Dynamics Prototype
2024-12-13,12:00,Telangana,18.1124,79.0193,Post-Monsoon,24 hours,Storm/Cyclone,131.0,26.2,69.0,114.5,28.3,66.1,128.9,26.3,70.5,132.9,25.9,72.8,130.6,27.3,70.4,122.8,25.6,67.2,133.1,22.5,78.7,133.7,26.4,74.2,144.5,27.8,73.7,DEMO / SIMULATED DATA - Atmospheric Dynamics Prototype
2024-02-17,06:00,Karnataka,15.3173,75.7139,Winter,72 hours,Normal,0.0,18.6,14.7,0.0,15.0,15.9,0.0,18.9,11.2,4.4,19.7,14.7,13.6,20.5,10.0,1.2,17.6,10.0,0.0,19.5,11.0,7.0,20.9,23.2,0.0,19.8,19.1,DEMO / SIMULATED DATA - Atmospheric Dynamics Prototype
2024-12-28,18:00,Tamil Nadu,11.1271,78.6569,Northeast Monsoon,48 hours,Normal,19.5,26.6,11.1,20.5,22.9,10.2,23.5,28.4,12.9,20.7,24.7,10.8,22.0,26.2,9.5,31.8,27.8,6.5,10.2,25.8,16.6,19.8,22.3,10.2,19.5,21.3,11.2,DEMO / SIMULATED DATA - Atmospheric Dynamics Prototype
2024-03-23,18:00,Kerala,10.8505,76.2711,Summer,48 hours,Heavy Rain,110.6,32.7,36.3,115.3,34.3,35.9,105.4,31.8,30.9,110.8,32.7,36.2,110.4,32.4,43.2,114.7,34.1,38.1,108.6,32.2,35.5,111.8,33.5,36.3,108.6,31.4,28.0,DEMO / SIMULATED DATA - Atmospheric Dynamics Prototype
2024-09-14,00:00,Tamil Nadu,11.1271,78.6569,Southwest Monsoon,6 hours,High Wind,21.5,29.6,72.0,28.3,29.8,76.4,21.6,30.6,71.6,21.9,28.9,72.7,19.9,28.7,71.6,21.8,28.7,71.3,19.5,28.3,75.3,26.7,31.0,71.7,21.4,28.0,73.7,DEMO / SIMULATED DATA - Atmospheric Dynamics Prototype
2024-11-05,00:00,Odisha,20.9517,85.0985,Post-Monsoon,24 hours,Normal,1.5,25.7,11.3,1.3,27.2,7.2,4.4,24.9,10.0,0.2,25.9,12.7,0.0,26.3,12.0,0.0,24.6,15.8,0.9,24.6,18.6,0.0,27.5,6.3,0.0,26.6,11.0,DEMO / SIMULATED DATA - Atmospheric Dynamics Prototype
2024-02-08,00:00,Andhra Pradesh,15.9129,79.74,Winter,12 hours,Normal,0.0,16.9,23.9,0.0,17.3,26.7,0.8,16.4,26.5,2.1,16.4,24.0,1.4,17.1,24.3,5.7,16.1,25.1,0.0,14.5,17.2,0.0,16.0,32.4,3.6,18.2,21.1,DEMO / SIMULATED DATA - Atmospheric Dynamics Prototype
2024-08-10,18:00,Rajasthan,27.0238,74.2179,Southwest Monsoon,6 hours,Heat Wave,0.0,48.2,15.8,1.0,49.4,14.0,0.1,48.0,12.2,2.6,48.3,13.9,2.4,49.9,13.8,3.1,47.4,16.2,5.6,47.6,15.8,0.0,47.3,8.8,2.1,49.5,14.9,DEMO / SIMULATED DATA - Atmospheric Dynamics Prototype
2024-01-16,00:00,Andhra Pradesh,15.9129,79.74,Winter,24 hours,Normal,0.0,17.0,11.3,0.0,15.8,14.3,0.0,16.6,10.5,2.3,17.2,12.1,0.0,17.3,12.3,3.1,17.8,13.1,0.0,16.5,8.0,0.0,17.3,8.2,8.5,16.9,18.7,DEMO / SIMULATED DATA - Atmospheric Dynamics Prototype
2024-03-26,12:00,Andhra Pradesh,15.9129,79.74,Summer,24 hours,Normal,0.4,,17.9,0.0,39.3,22.5,3.0,37.6,15.1,4.6,37.0,15.8,0.0,36.7,13.4,0.0,36.4,18.3,11.6,37.0,18.4,0.0,38.2,13.2,11.3,36.8,15.9,DEMO / SIMULATED DATA - Atmospheric Dynamics Prototype
2024-11-10,00:00,Maharashtra,19.7515,75.7139,Post-Monsoon,48 hours,Heavy Rain,67.6,20.9,48.9,82.9,22.1,56.2,77.5,21.3,53.1,64.7,20.2,47.4,72.8,19.5,43.3,67.3,18.4,47.7,69.3,20.4,48.2,61.4,22.4,43.3,52.9,20.4,54.4,DEMO / SIMULATED DATA - Atmospheric Dynamics Prototype
2024-05-06,06:00,Rajasthan,27.0238,74.2179,Summer,6 hours,High Wind,0.7,41.9,63.0,0.0,43.1,56.6,1.9,42.3,62.5,5.0,41.9,63.1,1.6,41.7,63.8,3.9,41.1,64.8,7.0,42.2,61.4,10.4,42.0,63.9,1.9,42.6,61.6,DEMO / SIMULATED DATA - Atmospheric Dynamics Prototype
2024-03-17,00:00,Odisha,20.9517,85.0985,Summer,12 hours,Normal,0.0,30.8,13.6,0.0,29.8,13.6,2.1,31.8,13.7,0.9,31.2,13.5,1.3,31.0,8.6,0.0,31.6,16.1,3.3,30.6,6.8,0.0,29.5,16.1,0.0,33.5,20.1,DEMO / SIMULATED DATA - Atmospheric Dynamics Prototype
2024-12-07,00:00,Kerala,10.8505,76.2711,Post-Monsoon,48 hours,Normal,0.0,24.5,25.2,9.5,20.8,27.7,1.4,23.2,17.8,0.7,24.8,23.6,3.7,24.7,26.0,0.0,23.4,15.6,0.0,26.9,21.1,0.0,25.3,28.5,0.0,23.7,26.8,DEMO / SIMULATED DATA - Atmospheric Dynamics Prototype
2024-10-22,00:00,Tamil Nadu,11.1271,78.6569,Northeast Monsoon,72 hours,Heavy Rain,114.3,17.8,43.5,115.2,19.4,41.0,108.4,19.6,37.8,114.7,17.8,44.5,117.1,17.8,34.7,111.2,18.4,41.6,98.3,20.4,44.4,117.5,16.7,46.8,129.3,15.9,55.2,DEMO / SIMULATED DATA - Atmospheric Dynamics Prototype
2024-10-13,00:00,Andhra Pradesh,15.9129,79.74,Northeast Monsoon,72 hours,Heavy Rain,157.5,16.2,34.7,180.1,15.5,34.5,168.7,15.6,38.1,158.6,14.5,30.8,161.4,15.9,35.9,161.0,15.5,38.4,154.1,14.9,26.5,153.9,14.3,32.2,162.5,11.8,20.8,DEMO / SIMULATED DATA - Atmospheric Dynamics Prototype
2024-03-01,12:00,Andhra Pradesh,15.9129,79.74,Summer,72 hours,High Wind,14.9,39.3,56.3,11.0,36.4,60.9,24.8,44.9,48.2,16.2,38.2,60.8,18.0,38.7,59.3,7.0,37.2,52.7,15.4,38.0,59.9,22.3,40.7,66.4,18.3,36.2,65.9,DEMO / SIMULATED DATA - Atmospheric Dynamics Prototype
2024-04-15,06:00,Kerala,10.8505,76.2711,Summer,6 hours,Normal,0.0,33.3,23.6,5.6,33.1,23.9,1.9,33.8,24.2,0.4,33.0,24.4,0.0,33.0,25.5,1.8,33.0,26.5,0.0,32.3,21.2,0.0,32.9,28.1,0.0,33.6,20.9,DEMO / SIMULATED DATA - Atmospheric Dynamics Prototype
2024-03-06,06:00,Tamil Nadu,11.1271,78.6569,Summer,48 hours,Normal,0.0,34.0,13.4,0.0,36.3,18.7,0.0,33.7,17.3,1.0,35.2,15.0,2.5,35.2,14.6,2.5,34.5,19.6,0.0,34.1,8.7,0.0,34.6,9.6,0.0,37.5,22.7,DEMO / SIMULATED DATA - Atmospheric Dynamics Prototype
2024-10-13,06:00,Telangana,18.1124,79.0193,Post-Monsoon,6 hours,Normal,0.3,29.2,22.9,0.0,27.9,28.1,0.4,29.3,21.7,0.2,29.1,23.5,0.0,29.5,20.5,1.1,30.7,17.1,0.0,30.0,27.3,0.0,26.5,28.2,0.0,28.6,24.2,DEMO / SIMULATED DATA - Atmospheric Dynamics Prototype
2024-08-28,18:00,Rajasthan,27.0238,74.2179,Southwest Monsoon,72 hours,Normal,6.6,27.3,11.2,0.0,30.2,9.3,2.8,30.7,2.9,6.7,27.6,11.8,1.6,25.8,10.9,8.9,28.5,23.0,0.0,28.5,8.2,2.4,25.9,5.6,20.4,29.5,11.4,DEMO / SIMULATED DATA - Atmospheric Dynamics Prototype
2024-11-20,06:00,Maharashtra,19.7515,75.7139,Post-Monsoon,24 hours,Normal,3.3,25.6,19.5,0.0,22.3,16.4,3.7,25.7,19.8,2.0,25.3,20.0,0.0,26.4,20.1,6.1,23.4,20.5,0.0,25.0,21.5,3.8,24.2,19.5,0.0,27.7,18.5,DEMO / SIMULATED DATA - Atmospheric Dynamics Prototype
2024-08-17,18:00,Kerala,10.8505,76.2711,Southwest Monsoon,12 hours,Normal,13.3,30.5,15.5,8.6,31.4,15.3,10.8,30.2,8.6,10.0,30.2,12.3,15.5,30.4,9.8,8.4,30.1,11.7,16.4,31.0,16.7,1.4,29.7,12.8,8.4,29.8,10.5,DEMO / SIMULATED DATA - Atmospheric Dynamics Prototype
2024-06-20,18:00,Karnataka,15.3173,75.7139,Southwest Monsoon,48 hours,High Wind,23.5,28.5,69.9,16.3,31.3,75.2,17.6,29.2,74.7,21.2,28.1,69.3,18.9,28.5,69.6,20.6,28.6,67.6,30.9,27.4,73.5,13.3,28.2,70.0,22.1,27.6,65.9,DEMO / SIMULATED DATA - Atmospheric Dynamics Prototype
2024-09-20,18:00,Karnataka,15.3173,75.7139,Southwest Monsoon,24 hours,Heavy Rain,146.0,24.9,41.3,119.0,21.8,41.7,145.4,25.6,42.7,149.7,24.5,42.2,146.9,24.6,44.3,153.0,26.1,39.8,149.5,24.3,37.1,141.4,24.3,41.8,157.9,23.3,47.8,DEMO / SIMULATED DATA - Atmospheric Dynamics Prototype
2024-12-19,00:00,Tamil Nadu,11.1271,78.6569,Northeast Monsoon,72 hours,Heavy Rain,87.5,15.5,37.8,79.0,15.2,38.7,93.1,16.9,39.5,89.2,14.0,36.6,92.8,13.4,39.7,90.9,13.4,30.9,82.8,14.2,41.9,83.0,13.6,34.0,96.7,15.5,36.5,DEMO / SIMULATED DATA - Atmospheric Dynamics Prototype
2024-11-15,18:00,Karnataka,15.3173,75.7139,Post-Monsoon,6 hours,Normal,1.2,27.3,17.4,11.9,25.9,16.1,0.0,28.0,21.2,2.6,27.1,17.9,5.6,28.3,17.0,0.0,25.6,22.9,3.0,26.7,21.6,0.0,27.8,16.8,4.3,27.2,11.4,DEMO / SIMULATED DATA - Atmospheric Dynamics Prototype
2024-11-20,00:00,Odisha,20.9517,85.0985,Post-Monsoon,6 hours,Storm/Cyclone,92.0,18.8,95.1,85.7,21.4,96.0,90.9,19.0,94.1,93.2,17.8,97.3,92.2,17.8,95.1,90.5,17.7,100.5,88.0,18.8,92.5,93.3,17.1,98.2,101.9,17.5,100.2,DEMO / SIMULATED DATA - Atmospheric Dynamics Prototype
2024-07-25,00:00,Odisha,20.9517,85.0985,Southwest Monsoon,48 hours,Normal,6.6,24.7,16.2,6.6,25.1,14.6,16.3,24.6,15.2,10.8,23.7,16.3,10.0,24.1,12.1,10.6,23.9,12.4,17.9,24.4,18.5,6.8,23.0,19.8,8.8,23.3,18.8,DEMO / SIMULATED DATA - Atmospheric Dynamics Prototype
2024-11-19,12:00,Andhra Pradesh,15.9129,79.74,Northeast Monsoon,6 hours,Normal,15.3,30.6,19.1,13.7,32.5,18.9,13.3,30.7,16.2,17.3,31.4,19.5,15.1,30.9,19.5,19.4,33.2,20.9,19.7,33.6,15.9,15.9,30.0,22.2,16.6,29.4,19.1,DEMO / SIMULATED DATA - Atmospheric Dynamics Prototype
2024-03-23,00:00,Odisha,20.9517,85.0985,Summer,48 hours,Storm/Cyclone,162.3,26.1,83.7,140.7,29.0,86.7,173.1,24.0,89.4,165.1,24.4,82.8,166.1,24.1,82.7,161.8,23.8,82.6,167.0,25.4,84.8,163.8,26.1,80.0,166.9,22.6,83.8,DEMO / SIMULATED DATA - Atmospheric Dynamics Prototype
2024-03-01,12:00,Andhra Pradesh,15.9129,79.74,Summer,72 hours,Normal,0.0,33.9,10.1,0.0,32.5,15.1,6.1,34.2,10.9,0.6,34.2,10.7,0.0,32.9,3.6,0.0,35.2,16.3,0.0,34.9,1.0,0.0,32.9,19.4,3.2,35.2,13.2,DEMO / SIMULATED DATA - Atmospheric Dynamics Prototype
2024-12-30,06:00,Telangana,18.1124,79.0193,Post-Monsoon,48 hours,High Wind,2.2,27.4,63.5,6.0,27.4,62.3,2.6,26.4,61.7,1.0,28.5,62.3,0.0,28.5,64.5,0.0,30.1,63.8,0.0,28.8,65.3,4.6,26.6,65.9,0.4,28.6,52.1,DEMO / SIMULATED DATA - Atmospheric Dynamics Prototype
2024-02-25,12:00,Andhra Pradesh,15.9129,79.74,Winter,12 hours,Heavy Rain,65.2,16.6,33.0,53.1,14.9,24.2,64.6,16.7,32.9,65.6,16.5,30.6,64.8,16.6,35.4,64.6,16.0,32.2,67.5,18.4,30.9,65.7,17.1,29.1,65.3,14.2,25.2,DEMO / SIMULATED DATA - Atmospheric Dynamics Prototype
2024-02-25,00:00,Rajasthan,27.0238,74.2179,Winter,48 hours,Heavy Rain,56.2,8.8,36.9,36.1,11.4,29.6,55.0,7.0,39.9,53.0,9.6,36.4,55.0,8.2,39.6,56.3,9.5,33.1,48.7,9.0,35.4,60.1,8.6,38.0,44.9,12.9,35.9,DEMO / SIMULATED DATA - Atmospheric Dynamics Prototype
2024-11-02,12:00,Maharashtra,19.7515,75.7139,Post-Monsoon,12 hours,Heavy Rain,96.1,26.2,36.8,105.6,26.2,33.1,91.3,27.3,39.1,93.2,26.6,36.7,96.9,27.5,37.3,94.3,26.8,34.4,92.2,27.2,39.7,90.3,24.4,35.1,92.4,27.0,37.0,DEMO / SIMULATED DATA - Atmospheric Dynamics Prototype
2024-01-02,06:00,Odisha,20.9517,85.0985,Winter,48 hours,Normal,0.0,22.6,13.8,0.0,21.8,8.2,5.0,20.7,13.9,3.2,23.9,15.4,7.5,23.3,15.3,8.5,24.4,16.0,0.0,22.6,13.5,0.0,23.0,15.7,0.0,26.2,16.3,DEMO / SIMULATED DATA - Atmospheric Dynamics Prototype
2024-10-01,00:00,Odisha,20.9517,85.0985,Post-Monsoon,24 hours,Normal,0.4,21.5,22.3,0.0,19.7,34.1,0.8,20.7,30.4,1.9,21.9,20.9,0.0,21.3,21.9,0.0,21.8,15.2,5.2,19.9,20.7,4.2,21.2,21.6,0.0,25.3,24.9,DEMO / SIMULATED DATA - Atmospheric Dynamics Prototype
2024-02-20,00:00,Andhra Pradesh,15.9129,79.74,Winter,48 hours,Normal,0.8,14.6,14.1,5.1,14.1,7.2,3.1,15.2,20.2,2.9,14.2,16.3,1.0,14.7,14.6,8.1,14.2,15.9,4.1,15.2,12.5,1.5,14.4,24.5,0.0,12.6,14.1,DEMO / SIMULATED DATA - Atmospheric Dynamics Prototype
2024-11-11,12:00,Rajasthan,27.0238,74.2179,Post-Monsoon,6 hours,High Wind,18.0,34.3,43.0,22.6,34.5,44.3,18.9,33.5,45.3,17.7,34.0,43.3,14.7,33.4,43.1,17.0,35.1,44.2,18.5,33.0,43.1,17.8,34.6,41.4,20.5,33.8,44.8,DEMO / SIMULATED DATA - Atmospheric Dynamics Prototype
2024-10-12,18:00,Rajasthan,27.0238,74.2179,Post-Monsoon,12 hours,Normal,0.3,28.9,16.4,0.3,28.7,18.6,1.5,28.9,18.4,1.1,28.7,16.3,0.0,29.5,13.8,2.0,28.6,12.6,1.3,28.9,11.2,0.0,28.7,22.7,2.0,27.8,21.2,DEMO / SIMULATED DATA - Atmospheric Dynamics Prototype
2024-05-16,06:00,Kerala,10.8505,76.2711,Summer,24 hours,High Wind,8.6,34.7,69.1,4.8,32.5,68.0,9.2,34.3,62.2,9.1,34.7,68.1,9.8,35.1,70.9,7.2,34.2,73.8,1.6,34.4,69.6,11.7,35.0,65.1,15.3,34.7,60.9,DEMO / SIMULATED DATA - Atmospheric Dynamics Prototype
2024-06-21,18:00,Tamil Nadu,11.1271,78.6569,Southwest Monsoon,12 hours,High Wind,18.6,26.2,48.7,14.2,24.0,44.3,17.3,26.8,47.7,18.1,27.0,50.6,19.3,26.3,49.9,15.1,27.3,44.6,16.8,26.2,51.3,24.9,27.3,54.2,14.3,28.1,53.2,DEMO / SIMULATED DATA - Atmospheric Dynamics Prototype
2024-10-27,18:00,Andhra Pradesh,15.9129,79.74,Northeast Monsoon,12 hours,High Wind,18.5,29.8,71.6,19.0,30.0,66.4,16.9,29.2,74.0,20.0,30.4,72.1,19.9,29.3,72.9,17.6,30.0,72.3,20.2,30.2,73.0,24.2,30.7,70.3,18.0,31.8,72.1,DEMO / SIMULATED DATA - Atmospheric Dynamics Prototype
2024-05-24,00:00,Andhra Pradesh,15.9129,79.74,Summer,24 hours,Normal,1.6,29.8,13.3,2.7,30.0,22.0,3.6,30.0,15.3,0.6,29.4,13.1,1.2,29.7,17.7,0.0,30.9,12.9,0.3,29.0,13.9,1.4,29.1,10.2,0.0,28.5,10.8,DEMO / SIMULATED DATA - Atmospheric Dynamics Prototype
2024-07-27,12:00,Odisha,20.9517,85.0985,Southwest Monsoon,48 hours,Heavy Rain,63.6,28.7,44.4,69.0,29.7,43.9,63.1,27.4,47.0,65.1,29.9,41.7,65.3,29.5,42.8,67.4,30.3,39.7,62.0,30.7,41.4,66.9,28.7,46.2,63.9,30.3,38.3,DEMO / SIMULATED DATA - Atmospheric Dynamics Prototype
2024-05-10,12:00,Odisha,20.9517,85.0985,Summer,48 hours,Heavy Rain,88.6,33.6,48.4,91.6,35.2,45.7,92.1,31.0,49.4,90.3,34.2,45.2,90.3,35.6,45.9,82.8,32.3,43.2,95.8,36.2,49.9,96.1,33.9,47.9,86.3,32.9,39.1,DEMO / SIMULATED DATA - Atmospheric Dynamics Prototype
2024-12-16,00:00,Odisha,20.9517,85.0985,Post-Monsoon,24 hours,Heavy Rain,54.4,20.0,36.5,46.5,18.6,44.0,52.8,21.0,36.1,55.1,19.9,34.3,49.5,18.9,37.0,58.3,22.1,36.9,49.2,20.4,33.4,56.4,18.5,27.4,62.0,19.6,36.7,DEMO / SIMULATED DATA - Atmospheric Dynamics Prototype
2024-11-12,06:00,Kerala,10.8505,76.2711,Post-Monsoon,6 hours,Heat Wave,0.0,48.0,19.4,0.0,47.7,16.5,2.4,48.9,16.2,2.2,47.3,15.7,2.2,47.3,18.8,0.1,49.8,16.7,3.1,46.6,15.4,0.1,48.0,9.0,5.6,44.7,18.8,DEMO / SIMULATED DATA - Atmospheric Dynamics Prototype
2024-09-09,00:00,Maharashtra,19.7515,75.7139,Southwest Monsoon,6 hours,Heavy Rain,91.3,22.2,50.1,75.2,22.9,53.2,89.7,23.6,48.9,89.4,22.9,49.8,88.7,20.9,52.8,91.4,21.7,46.1,89.8,25.0,43.2,88.6,24.6,54.7,88.5,22.5,52.0,DEMO / SIMULATED DATA - Atmospheric Dynamics Prototype
2024-06-15,12:00,Kerala,10.8505,76.2711,Southwest Monsoon,12 hours,Heavy Rain,143.4,27.0,36.7,114.9,25.7,35.7,148.7,27.3,36.5,143.8,26.3,37.3,146.8,25.7,35.5,141.3,27.4,39.3,145.3,27.6,35.5,144.9,25.8,39.3,140.8,25.2,36.9,DEMO / SIMULATED DATA - Atmospheric Dynamics Prototype
2024-07-01,00:00,Kerala,10.8505,76.2711,Southwest Monsoon,6 hours,High Wind,24.0,20.2,48.4,16.8,18.5,47.3,20.7,21.2,49.5,22.7,20.9,48.4,21.9,21.2,50.6,24.9,20.2,47.6,22.0,18.6,53.3,21.8,20.2,45.1,22.7,24.5,45.4,DEMO / SIMULATED DATA - Atmospheric Dynamics Prototype
2024-04-10,18:00,Kerala,10.8505,76.2711,Summer,6 hours,Normal,1.1,37.1,16.1,0.0,37.7,19.0,0.0,37.1,16.5,1.8,36.9,16.5,3.6,36.5,14.1,0.0,38.4,18.9,1.0,38.3,8.5,4.5,35.6,22.6,0.0,35.8,18.4,DEMO / SIMULATED DATA - Atmospheric Dynamics Prototype
2024-02-20,00:00,Andhra Pradesh,15.9129,79.74,Winter,48 hours,Normal,0.0,17.0,14.7,1.6,16.1,14.4,0.0,16.5,10.4,1.3,17.7,16.3,0.3,16.3,10.9,2.7,17.9,19.0,0.0,16.2,15.8,0.0,18.1,17.3,3.3,20.2,18.6,DEMO / SIMULATED DATA - Atmospheric Dynamics Prototype
2024-08-09,12:00,Telangana,18.1124,79.0193,Southwest Monsoon,72 hours,Normal,13.1,32.8,7.2,13.5,33.0,8.4,20.2,35.0,3.2,12.4,32.7,6.0,10.4,31.4,9.8,20.9,32.3,6.1,22.3,33.8,9.6,4.5,34.3,1.4,3.8,31.9,3.1,DEMO / SIMULATED DATA - Atmospheric Dynamics Prototype
2024-07-14,12:00,Odisha,20.9517,85.0985,Southwest Monsoon,6 hours,Heavy Rain,89.6,24.9,35.0,81.4,24.7,33.5,90.0,25.6,36.0,86.9,24.4,34.6,91.0,22.9,31.4,87.1,24.3,37.3,86.3,25.7,32.5,84.4,23.3,43.3,85.7,26.0,28.5,DEMO / SIMULATED DATA - Atmospheric Dynamics Prototype
2024-08-08,00:00,Tamil Nadu,11.1271,78.6569,Southwest Monsoon,72 hours,Normal,4.9,27.1,16.4,11.6,26.2,27.8,7.2,25.9,22.9,8.6,26.0,14.2,7.7,24.8,12.5,4.3,24.4,26.0,10.1,27.1,14.5,0.6,22.6,5.6,20.5,31.2,12.4,DEMO / SIMULATED DATA - Atmospheric Dynamics Prototype
2024-11-14,12:00,Telangana,18.1124,79.0193,Post-Monsoon,6 hours,Normal,0.0,34.0,19.1,0.0,33.8,17.7,0.0,34.2,17.6,2.1,33.3,21.4,1.0,34.1,23.8,0.0,34.0,20.3,0.0,32.4,23.1,1.4,32.3,20.7,8.3,33.9,19.1,DEMO / SIMULATED DATA - Atmospheric Dynamics Prototype
2024-02-11,00:00,Odisha,20.9517,85.0985,Winter,48 hours,Normal,0.8,19.3,15.3,0.0,15.9,16.7,0.0,19.8,8.4,1.6,20.1,16.4,4.3,20.2,13.0,2.4,19.4,21.1,0.0,19.0,12.4,1.1,20.3,11.9,0.0,21.4,23.4,DEMO / SIMULATED DATA - Atmospheric Dynamics Prototype
2024-11-13,00:00,Maharashtra,19.7515,75.7139,Post-Monsoon,72 hours,Normal,0.0,24.4,17.1,1.6,20.8,20.7,0.0,21.3,5.9,1.6,23.9,16.2,0.0,23.0,8.3,0.0,23.6,16.4,0.0,28.0,19.9,0.0,24.3,25.9,7.8,20.8,10.3,DEMO / SIMULATED DATA - Atmospheric Dynamics Prototype
2024-12-06,18:00,Karnataka,15.3173,75.7139,Post-Monsoon,6 hours,Heat Wave,0.0,45.0,13.7,0.5,43.4,9.2,0.0,45.3,12.2,2.7,45.7,13.9,0.0,45.4,17.0,2.0,46.8,17.5,0.0,45.7,13.4,4.6,44.9,10.8,6.7,45.5,10.9,DEMO / SIMULATED DATA - Atmospheric Dynamics Prototype
2024-09-24,00:00,Rajasthan,27.0238,74.2179,Southwest Monsoon,12 hours,High Wind,12.8,24.5,48.2,14.1,22.9,49.3,7.8,24.0,47.5,11.0,25.4,48.6,8.3,24.2,51.0,8.5,24.1,53.1,8.6,26.2,47.3,13.3,26.4,46.3,16.1,25.9,45.3,DEMO / SIMULATED DATA - Atmospheric Dynamics Prototype
2024-06-02,18:00,Odisha,20.9517,85.0985,Southwest Monsoon,6 hours,Storm/Cyclone,153.4,22.6,94.7,173.1,23.7,91.9,152.6,22.7,93.1,154.5,22.4,94.6,157.8,22.7,88.6,154.5,22.3,94.5,152.0,23.5,98.3,154.6,22.1,94.5,153.5,21.4,97.1,DEMO / SIMULATED DATA - Atmospheric Dynamics Prototype
2024-06-16,06:00,Karnataka,15.3173,75.7139,Southwest Monsoon,12 hours,Normal,7.6,29.3,25.7,0.0,28.6,24.3,11.3,29.6,26.8,7.4,29.8,25.2,11.1,29.1,27.3,5.8,28.2,30.9,9.1,30.1,22.0,9.9,31.8,24.6,1.1,29.6,21.1,DEMO / SIMULATED DATA - Atmospheric Dynamics Prototype
2024-09-16,18:00,Telangana,18.1124,79.0193,Southwest Monsoon,24 hours,Normal,4.3,30.9,19.6,6.9,30.8,19.4,7.5,31.4,20.7,6.3,31.8,18.7,6.7,30.6,25.4,0.0,32.6,22.5,5.4,31.0,19.0,9.9,30.8,16.4,9.5,33.8,10.1,DEMO / SIMULATED DATA - Atmospheric Dynamics Prototype
2024-02-11,12:00,Kerala,10.8505,76.2711,Winter,24 hours,Normal,0.0,28.7,12.9,0.0,27.7,13.5,0.6,29.6,15.6,0.8,28.5,13.7,3.2,28.4,8.0,0.0,29.9,15.6,0.0,26.7,8.9,0.9,29.0,17.5,0.0,28.3,18.5,DEMO / SIMULATED DATA - Atmospheric Dynamics Prototype
2024-02-07,12:00,Kerala,10.8505,76.2711,Winter,6 hours,Normal,0.0,23.9,20.9,0.0,25.7,29.3,0.0,23.8,22.8,1.1,23.3,19.9,0.0,24.6,20.9,0.0,22.6,20.0,4.6,22.9,19.2,0.9,21.6,22.0,0.0,24.8,17.5,DEMO / SIMULATED DATA - Atmospheric Dynamics Prototype
2024-12-09,00:00,Rajasthan,27.0238,74.2179,Post-Monsoon,24 hours,Normal,2.7,21.8,13.5,0.0,22.5,13.0,3.3,21.7,12.9,2.9,21.9,13.4,4.2,21.4,9.3,0.0,22.0,12.1,0.0,21.9,13.1,0.2,22.2,19.2,10.1,22.1,13.1,DEMO / SIMULATED DATA - Atmospheric Dynamics Prototype
2024-06-12,00:00,Rajasthan,27.0238,74.2179,Southwest Monsoon,24 hours,Heavy Rain,80.5,21.0,43.2,69.8,19.3,37.7,81.0,20.5,39.2,82.1,21.3,42.0,77.0,20.1,45.3,81.2,20.0,41.3,86.3,22.3,39.0,86.4,20.9,46.7,79.6,23.1,37.5,DEMO / SIMULATED DATA - Atmospheric Dynamics Prototype
2024-01-26,06:00,Maharashtra,19.7515,75.7139,Winter,6 hours,Normal,0.0,20.0,19.4,0.4,19.7,16.4,3.9,18.7,18.7,1.5,20.5,19.8,0.0,20.7,22.2,0.0,20.2,20.2,3.9,21.2,17.7,1.9,20.5,19.0,1.8,20.0,20.1,DEMO / SIMULATED DATA - Atmospheric Dynamics Prototype
2024-03-03,18:00,Kerala,10.8505,76.2711,Summer,24 hours,Normal,3.2,32.9,25.2,8.4,33.9,23.2,2.6,31.5,24.9,1.4,33.0,22.1,0.0,32.7,23.5,0.0,34.3,21.1,0.0,31.9,23.4,0.0,32.3,26.5,7.1,34.0,15.8,DEMO / SIMULATED DATA - Atmospheric Dynamics Prototype
2024-09-15,06:00,Andhra Pradesh,15.9129,79.74,Southwest Monsoon,48 hours,Heavy Rain,114.4,26.2,51.6,101.1,29.2,51.5,114.9,26.3,63.9,114.5,25.8,51.0,113.6,26.2,48.9,112.6,24.7,48.4,104.7,27.7,52.3,115.9,26.1,52.0,125.7,24.5,53.3,DEMO / SIMULATED DATA - Atmospheric Dynamics Prototype
2024-04-16,18:00,Andhra Pradesh,15.9129,79.74,Summer,6 hours,Storm/Cyclone,160.0,25.9,76.8,133.8,23.9,76.0,160.3,26.6,78.2,159.5,26.0,78.7,160.2,26.7,76.8,155.9,24.4,80.3,151.6,25.7,86.3,162.0,25.6,70.6,167.8,27.8,79.6,DEMO / SIMULATED DATA - Atmospheric Dynamics Prototype
2024-04-17,18:00,Kerala,10.8505,76.2711,Summer,12 hours,Normal,0.0,37.5,8.7,0.0,35.5,8.7,0.0,38.9,12.8,0.4,36.5,10.3,0.0,38.0,10.5,0.0,35.9,8.7,0.0,37.0,10.2,0.0,35.8,9.1,2.0,35.6,12.8,DEMO / SIMULATED DATA - Atmospheric Dynamics Prototype
2024-01-22,06:00,Andhra Pradesh,15.9129,79.74,Winter,72 hours,Normal,0.1,17.3,13.5,0.0,20.0,4.2,4.8,19.9,16.1,2.8,17.9,18.3,1.1,17.9,16.7,3.2,15.3,21.9,0.4,18.3,17.3,8.5,19.7,14.3,0.7,18.4,21.2,DEMO / SIMULATED DATA - Atmospheric Dynamics Prototype
2024-08-31,18:00,Tamil Nadu,11.1271,78.6569,Southwest Monsoon,12 hours,Normal,4.8,29.5,15.1,0.0,28.3,14.9,5.3,30.7,18.6,2.0,28.4,14.8,0.4,27.8,15.2,2.5,28.2,15.1,5.7,28.5,13.0,1.3,28.9,17.2,0.0,28.5,13.3,DEMO / SIMULATED DATA - Atmospheric Dynamics Prototype
2024-06-06,18:00,Telangana,18.1124,79.0193,Southwest Monsoon,6 hours,Normal,7.2,28.5,13.1,0.0,27.8,13.1,11.9,28.7,11.4,7.2,28.9,11.2,6.4,29.3,11.4,10.7,28.0,10.6,5.4,26.6,6.1,6.8,28.4,14.0,6.8,32.1,13.8,DEMO / SIMULATED DATA - Atmospheric Dynamics Prototype
2024-06-28,18:00,Odisha,20.9517,85.0985,Southwest Monsoon,12 hours,Heavy Rain,123.1,21.8,39.8,119.9,20.2,36.5,125.6,21.9,36.4,122.6,21.5,38.3,124.3,21.0,38.0,123.8,21.9,38.6,121.1,21.5,37.1,128.1,19.6,38.9,115.6,23.3,38.7,DEMO / SIMULATED DATA - Atmospheric Dynamics Prototype
2024-02-14,00:00,Odisha,20.9517,85.0985,Winter,6 hours,Normal,0.0,14.6,20.7,4.8,13.2,16.9,1.6,15.1,17.7,0.3,13.7,19.9,0.0,14.4,20.8,0.2,13.2,20.8,0.0,13.2,20.7,0.0,15.7,17.5,1.1,12.2,19.6,DEMO / SIMULATED DATA - Atmospheric Dynamics Prototype
2024-08-19,06:00,Kerala,10.8505,76.2711,Southwest Monsoon,48 hours,Normal,10.8,27.2,24.8,2.7,29.6,23.3,6.7,25.1,21.8,10.3,28.7,25.3,5.5,29.7,24.7,10.5,28.0,28.6,15.9,29.0,21.9,9.0,28.7,22.0,10.8,28.1,29.5,DEMO / SIMULATED DATA - Atmospheric Dynamics Prototype
2024-01-21,12:00,Rajasthan,27.0238,74.2179,Winter,48 hours,Normal,2.1,16.3,14.8,6.9,19.3,22.1,10.3,18.8,16.4,4.0,16.9,15.2,2.2,17.3,17.2,0.7,16.9,14.7,0.0,18.5,15.1,14.7,13.1,11.9,2.3,18.8,17.2,DEMO / SIMULATED DATA - Atmospheric Dynamics Prototype
2024-09-06,12:00,Maharashtra,19.7515,75.7139,Southwest Monsoon,6 hours,Normal,8.5,32.4,19.0,10.6,31.1,25.0,11.6,31.3,16.9,8.5,32.0,18.6,2.5,31.8,20.7,7.2,32.9,14.9,11.5,31.7,19.0,8.1,30.7,14.8,13.2,33.0,23.4,DEMO / SIMULATED DATA - Atmospheric Dynamics Prototype
2024-01-15,12:00,Andhra Pradesh,15.9129,79.74,Winter,24 hours,Normal,0.0,25.1,25.8,3.5,27.4,28.4,0.0,25.2,26.3,4.3,24.7,27.9,0.0,24.7,25.3,6.1,22.6,29.7,0.0,23.2,30.3,3.7,27.1,29.3,11.9,26.1,25.0,DEMO / SIMULATED DATA - Atmospheric Dynamics Prototype
2024-09-29,12:00,Kerala,10.8505,76.2711,Southwest Monsoon,6 hours,Heavy Rain,125.0,30.3,52.0,121.6,31.9,49.8,125.2,30.9,53.0,127.0,31.5,52.3,128.5,32.3,49.5,124.0,30.6,50.7,124.7,31.2,54.1,126.1,30.5,51.2,131.8,32.8,56.2,DEMO / SIMULATED DATA - Atmospheric Dynamics Prototype
2024-02-20,18:00,Karnataka,15.3173,75.7139,Winter,48 hours,Normal,0.1,18.4,22.4,0.0,15.0,17.5,0.0,20.8,21.5,1.6,18.8,21.4,4.8,17.7,23.4,2.3,19.4,20.6,0.0,17.9,14.8,0.0,17.7,25.5,0.7,21.3,22.8,DEMO / SIMULATED DATA - Atmospheric Dynamics Prototype
2024-12-28,06:00,Rajasthan,27.0238,74.2179,Post-Monsoon,6 hours,Normal,0.0,27.7,13.1,2.7,27.8,15.3,2.0,27.2,14.4,1.8,28.1,15.9,0.0,28.4,12.7,1.9,27.3,14.9,0.0,27.7,16.2,2.0,28.0,19.7,5.0,29.0,15.8,DEMO / SIMULATED DATA - Atmospheric Dynamics Prototype
2024-11-09,00:00,Rajasthan,27.0238,74.2179,Post-Monsoon,72 hours,Normal,1.5,24.9,10.5,0.8,25.4,5.1,8.1,24.7,11.1,1.5,24.2,12.3,7.5,25.1,16.4,0.0,23.1,9.2,0.0,26.7,4.9,0.0,26.5,11.2,0.0,19.7,19.6,DEMO / SIMULATED DATA - Atmospheric Dynamics Prototype
2024-05-15,12:00,Karnataka,15.3173,75.7139,Summer,48 hours,Normal,1.7,36.1,10.3,5.6,39.1,12.4,2.7,36.5,1.6,3.3,36.1,12.2,5.9,37.5,12.0,0.0,35.9,15.9,0.0,38.1,10.6,6.1,35.3,10.7,4.7,33.7,11.9,DEMO / SIMULATED DATA - Atmospheric Dynamics Prototype
2024-05-04,06:00,Telangana,18.1124,79.0193,Summer,12 hours,Heat Wave,0.0,44.4,15.4,2.1,42.5,19.5,0.0,44.8,12.9,0.0,44.7,15.4,0.0,43.6,15.7,0.0,44.9,15.3,0.0,44.7,9.4,0.0,43.9,13.7,0.0,46.6,22.7,DEMO / SIMULATED DATA - Atmospheric Dynamics Prototype
2024-08-05,12:00,Telangana,18.1124,79.0193,Southwest Monsoon,24 hours,High Wind,19.4,30.8,46.5,20.6,30.8,43.3,16.7,32.6,43.4,18.3,30.5,45.3,19.2,32.0,47.9,17.6,29.4,46.9,7.7,31.0,46.6,24.9,29.0,45.1,21.9,31.2,39.9,DEMO / SIMULATED DATA - Atmospheric Dynamics Prototype
2024-12-20,12:00,Kerala,10.8505,76.2711,Post-Monsoon,24 hours,Normal,0.1,30.3,21.5,12.4,31.0,20.3,0.0,30.8,20.9,3.1,30.6,24.5,2.8,30.1,26.1,6.5,29.9,21.2,0.0,30.3,17.9,0.0,32.3,26.3,6.3,30.2,30.8,DEMO / SIMULATED DATA - Atmospheric Dynamics Prototype
2024-06-07,18:00,Kerala,10.8505,76.2711,Southwest Monsoon,72 hours,Heavy Rain,78.4,22.5,38.0,78.7,20.9,30.8,72.5,23.6,34.0,81.1,22.2,39.9,77.8,21.0,45.5,78.8,24.4,40.3,78.1,22.3,34.1,75.1,20.2,31.1,95.5,23.2,48.3,DEMO / SIMULATED DATA - Atmospheric Dynamics Prototype
2024-05-11,18:00,Tamil Nadu,11.1271,78.6569,Summer,6 hours,Normal,0.0,33.1,20.5,0.0,32.5,21.4,1.2,33.6,23.1,4.3,32.4,22.1,1.1,32.0,19.4,9.3,33.8,26.9,5.2,33.4,21.5,0.0,30.8,20.6,5.9,32.2,22.2,DEMO / SIMULATED DATA - Atmospheric Dynamics Prototype
2024-11-17,18:00,Kerala,10.8505,76.2711,Post-Monsoon,6 hours,Normal,0.7,26.0,12.9,4.5,26.2,12.3,7.1,25.1,11.2,1.9,25.9,13.9,0.6,28.0,12.9,1.6,25.7,13.9,0.0,26.8,15.4,0.0,24.5,13.2,7.5,24.7,14.3,DEMO / SIMULATED DATA - Atmospheric Dynamics Prototype
2024-04-19,12:00,Maharashtra,19.7515,75.7139,Summer,48 hours,Heavy Rain,120.7,31.9,40.7,102.0,31.2,44.8,111.5,29.0,32.8,121.7,31.4,41.6,122.0,31.2,43.5,121.3,34.6,35.9,122.5,30.6,43.5,121.4,30.0,39.9,121.2,30.6,45.0,DEMO / SIMULATED DATA - Atmospheric Dynamics Prototype
2024-04-05,18:00,Kerala,10.8505,76.2711,Summer,12 hours,Normal,0.0,36.0,13.8,0.0,37.0,6.4,3.0,36.8,14.0,0.0,36.0,14.6,0.0,36.3,19.2,0.0,36.8,11.2,0.0,35.7,12.3,0.0,34.4,17.8,0.0,36.9,12.4,DEMO / SIMULATED DATA - Atmospheric Dynamics Prototype
2024-12-21,00:00,Maharashtra,19.7515,75.7139,Post-Monsoon,48 hours,Normal,0.5,21.4,16.2,2.3,20.0,15.9,0.0,22.5,25.6,3.7,22.0,14.7,11.0,21.5,18.7,0.0,23.6,19.2,0.0,23.5,15.0,0.0,22.3,10.6,7.6,19.1,9.9,DEMO / SIMULATED DATA - Atmospheric Dynamics Prototype
2024-12-05,18:00,Telangana,18.1124,79.0193,Post-Monsoon,48 hours,Normal,0.0,26.0,14.2,0.0,23.5,10.9,0.0,24.0,8.1,4.2,25.6,17.5,7.9,25.0,13.2,0.0,25.4,16.6,5.1,25.5,8.5,7.9,25.8,23.4,0.0,26.4,25.7,DEMO / SIMULATED DATA - Atmospheric Dynamics Prototype
2024-08-17,12:00,Maharashtra,19.7515,75.7139,Southwest Monsoon,72 hours,Storm/Cyclone,193.0,26.7,74.2,177.4,21.8,73.4,190.1,27.8,67.0,191.5,26.5,73.2,191.1,22.2,76.3,192.5,26.8,67.3,195.5,30.0,73.2,197.7,24.7,73.7,180.5,28.7,75.3,DEMO / SIMULATED DATA - Atmospheric Dynamics Prototype
2024-02-17,12:00,Telangana,18.1124,79.0193,Winter,12 hours,Heavy Rain,99.9,18.7,36.4,117.4,16.5,32.6,101.5,18.8,35.2,98.3,18.9,34.3,100.5,19.6,36.2,99.3,19.3,35.6,104.4,21.2,33.4,94.2,19.2,31.4,93.2,15.4,34.7,DEMO / SIMULATED DATA - Atmospheric Dynamics Prototype
2024-08-02,12:00,Rajasthan,27.0238,74.2179,Southwest Monsoon,12 hours,Normal,10.6,35.0,17.3,10.7,33.7,20.2,14.9,35.2,21.6,8.6,34.7,17.0,6.4,34.0,19.3,11.5,36.4,17.3,7.2,34.7,12.1,5.5,36.4,20.7,12.5,32.2,15.7,DEMO / SIMULATED DATA - Atmospheric Dynamics Prototype
2024-02-09,00:00,Maharashtra,19.7515,75.7139,Winter,12 hours,Normal,0.0,14.3,21.8,4.7,16.3,22.2,0.0,13.2,24.2,0.8,14.0,20.9,0.0,14.3,21.7,0.0,13.4,23.1,0.0,14.9,24.5,0.0,13.6,21.2,4.0,13.9,13.9,DEMO / SIMULATED DATA - Atmospheric Dynamics Prototype
2024-01-13,00:00,Tamil Nadu,11.1271,78.6569,Winter,24 hours,Normal,0.0,15.9,23.3,2.4,17.2,25.5,0.0,16.5,21.9,1.3,16.0,22.9,0.6,16.6,24.8,2.3,16.6,19.9,0.1,14.6,22.2,0.0,16.5,14.7,3.6,15.9,32.7,DEMO / SIMULATED DATA - Atmospheric Dynamics Prototype
2024-08-05,12:00,Odisha,20.9517,85.0985,Southwest Monsoon,12 hours,High Wind,24.6,30.8,70.9,17.7,30.3,74.5,22.2,31.0,70.6,28.3,30.7,69.6,22.9,29.2,74.1,26.3,33.6,74.0,29.9,28.6,64.9,24.8,29.2,68.2,37.6,32.7,66.8,DEMO / SIMULATED DATA - Atmospheric Dynamics Prototype
2024-10-02,18:00,Andhra Pradesh,15.9129,79.74,Northeast Monsoon,72 hours,Storm/Cyclone,140.6,23.0,63.4,127.7,20.2,70.5,135.1,24.4,63.8,140.1,22.8,67.7,144.7,22.7,59.9,137.4,22.0,72.9,141.1,23.0,68.2,140.6,25.6,61.1,136.7,20.5,76.4,DEMO / SIMULATED DATA - Atmospheric Dynamics Prototype
2024-06-26,00:00,Kerala,10.8505,76.2711,Southwest Monsoon,72 hours,Heavy Rain,138.4,21.5,43.4,120.1,23.3,40.4,131.0,26.0,53.6,138.0,20.8,47.2,137.9,20.0,46.1,135.8,23.0,41.2,148.8,20.5,56.2,139.8,24.7,40.0,127.7,15.6,52.4,DEMO / SIMULATED DATA - Atmospheric Dynamics Prototype
2024-10-24,18:00,Rajasthan,27.0238,74.2179,Post-Monsoon,72 hours,High Wind,12.9,29.9,63.0,8.2,30.5,63.3,11.1,29.6,64.3,14.7,30.0,63.7,10.2,31.1,67.8,8.5,32.1,59.2,18.6,32.5,62.5,7.0,28.6,65.2,29.0,25.5,63.7,DEMO / SIMULATED DATA - Atmospheric Dynamics Prototype
2024-09-01,18:00,Andhra Pradesh,15.9129,79.74,Southwest Monsoon,24 hours,Normal,4.0,27.4,17.6,10.3,29.4,18.0,3.6,27.0,17.8,3.8,27.4,16.3,9.7,27.3,15.4,2.5,28.3,15.3,3.9,28.1,15.2,0.0,25.7,13.8,2.7,27.5,21.7,DEMO / SIMULATED DATA - Atmospheric Dynamics Prototype
2024-03-12,18:00,Kerala,10.8505,76.2711,Summer,24 hours,Normal,1.7,32.3,10.9,1.8,34.3,14.8,1.5,33.1,11.3,4.5,32.6,11.4,4.7,30.7,7.6,4.4,34.1,12.2,0.0,31.1,9.7,7.9,31.8,15.5,5.5,35.4,11.9,DEMO / SIMULATED DATA - Atmospheric Dynamics Prototype
2024-02-16,12:00,Maharashtra,19.7515,75.7139,Winter,72 hours,Normal,0.0,21.1,20.8,0.5,23.7,12.4,0.0,21.4,8.5,1.0,21.6,21.4,0.0,20.2,17.8,1.0,20.8,18.3,2.7,24.5,29.7,0.0,22.4,19.7,1.3,20.1,21.6,DEMO / SIMULATED DATA - Atmospheric Dynamics Prototype
2024-02-17,12:00,Rajasthan,27.0238,74.2179,Winter,72 hours,Normal,4.8,19.8,14.5,10.3,16.7,16.9,8.0,21.1,9.3,3.8,19.9,16.0,0.0,20.8,13.9,6.3,19.6,15.6,9.4,16.1,20.7,3.5,23.5,11.6,0.0,19.4,18.0,DEMO / SIMULATED DATA - Atmospheric Dynamics Prototype
2024-10-30,18:00,Rajasthan,27.0238,74.2179,Post-Monsoon,72 hours,Heat Wave,0.0,46.2,16.4,0.0,44.3,15.0,0.0,46.1,9.8,1.9,44.6,18.7,3.5,46.7,11.6,5.2,44.8,11.0,0.6,42.7,19.6,0.0,43.9,26.2,0.0,44.9,25.3,DEMO / SIMULATED DATA - Atmospheric Dynamics Prototype
2024-10-23,18:00,Telangana,18.1124,79.0193,Post-Monsoon,24 hours,Normal,0.2,26.1,23.5,0.0,30.4,21.9,0.0,26.3,22.2,3.6,25.6,21.4,1.4,24.8,22.9,5.0,26.0,24.0,2.3,27.7,17.2,3.2,25.7,24.2,6.3,23.9,18.5,DEMO / SIMULATED DATA - Atmospheric Dynamics Prototype
2024-06-22,12:00,Odisha,20.9517,85.0985,Southwest Monsoon,6 hours,Heavy Rain,134.5,27.0,35.9,125.8,29.2,39.0,131.7,26.5,37.2,133.5,27.6,37.2,135.0,27.2,35.5,135.9,26.8,37.4,137.4,28.9,34.3,134.5,25.4,42.6,124.9,29.6,36.3,DEMO / SIMULATED DATA - Atmospheric Dynamics Prototype
2024-05-15,12:00,Karnataka,15.3173,75.7139,Summer,48 hours,Normal,0.8,39.3,19.2,5.5,39.9,23.2,5.4,38.8,22.0,3.4,38.7,16.7,0.0,38.8,17.6,7.8,39.8,14.0,4.0,40.8,18.8,5.1,34.5,4.9,0.0,39.6,28.4,DEMO / SIMULATED DATA - Atmospheric Dynamics Prototype
2024-12-10,06:00,Tamil Nadu,11.1271,78.6569,Northeast Monsoon,48 hours,Normal,12.9,30.3,21.3,16.0,29.7,23.7,14.5,28.9,19.3,14.1,29.8,18.9,21.4,30.8,16.2,15.2,32.2,17.8,10.4,32.8,21.5,12.0,27.7,27.0,11.6,25.5,11.9,DEMO / SIMULATED DATA - Atmospheric Dynamics Prototype
2024-02-18,18:00,Tamil Nadu,11.1271,78.6569,Winter,6 hours,Normal,0.3,19.5,7.7,0.0,19.4,2.2,1.7,18.0,10.2,1.7,20.2,6.7,4.1,21.4,4.2,0.0,20.2,10.9,3.3,20.8,12.1,1.2,19.2,2.7,0.0,19.3,3.7,DEMO / SIMULATED DATA - Atmospheric Dynamics Prototype
2024-09-16,00:00,Tamil Nadu,11.1271,78.6569,Southwest Monsoon,48 hours,Heavy Rain,85.0,18.4,50.4,69.9,18.0,51.2,85.9,16.1,50.0,81.5,17.2,52.7,81.9,14.4,60.3,81.4,17.3,45.1,79.3,18.1,56.6,83.8,17.8,56.7,81.3,18.4,44.9,DEMO / SIMULATED DATA - Atmospheric Dynamics Prototype
2024-03-04,18:00,Kerala,10.8505,76.2711,Summer,6 hours,Normal,0.0,37.5,11.5,0.4,37.0,17.1,3.6,38.1,10.8,1.9,37.2,11.0,5.2,36.2,8.4,0.0,39.7,10.9,0.0,35.8,14.5,4.1,38.6,9.2,0.0,35.5,11.8,DEMO / SIMULATED DATA - Atmospheric Dynamics Prototype
2024-02-20,06:00,Andhra Pradesh,15.9129,79.74,Winter,72 hours,High Wind,9.6,24.7,66.2,18.2,24.7,70.4,11.9,24.7,79.1,7.0,23.6,72.0,11.9,23.5,62.3,4.3,25.5,64.6,11.7,26.6,77.2,7.3,21.5,77.3,0.0,20.8,78.6,DEMO / SIMULATED DATA - Atmospheric Dynamics Prototype
2024-10-27,18:00,Karnataka,15.3173,75.7139,Post-Monsoon,24 hours,Normal,0.0,29.4,18.2,0.0,31.3,14.2,0.0,29.4,17.3,0.6,30.3,17.7,0.8,29.9,17.6,0.0,30.3,16.0,0.0,29.6,10.9,2.0,29.7,23.1,0.0,31.8,20.8,DEMO / SIMULATED DATA - Atmospheric Dynamics Prototype
2024-05-12,00:00,Kerala,10.8505,76.2711,Summer,24 hours,Normal,0.3,29.5,18.4,2.2,31.5,18.4,0.5,30.1,21.1,1.0,29.9,17.1,0.0,29.7,20.5,1.5,27.3,21.6,2.6,30.3,13.9,1.1,30.9,14.6,0.0,31.1,15.1,DEMO / SIMULATED DATA - Atmospheric Dynamics Prototype
2024-03-18,00:00,Telangana,18.1124,79.0193,Summer,12 hours,Normal,0.0,37.1,7.9,8.3,37.8,6.9,0.0,36.2,7.7,1.4,37.3,7.0,1.8,36.4,8.2,0.0,38.6,6.1,3.1,38.8,6.6,0.0,38.4,1.0,2.2,34.5,13.3,DEMO / SIMULATED DATA - Atmospheric Dynamics Prototype
2024-12-04,12:00,Maharashtra,19.7515,75.7139,Post-Monsoon,48 hours,Heavy Rain,78.0,25.0,35.5,50.4,25.4,38.5,79.7,24.1,20.6,78.7,25.6,38.6,78.1,25.9,44.1,76.1,24.0,36.8,76.6,27.2,31.8,76.5,26.7,37.1,86.1,24.0,43.1,DEMO / SIMULATED DATA - Atmospheric Dynamics Prototype
2024-04-01,12:00,Andhra Pradesh,15.9129,79.74,Summer,6 hours,Heavy Rain,64.6,32.1,44.8,59.2,33.1,42.4,62.6,33.5,44.2,68.9,31.0,43.1,65.3,32.6,40.8,64.5,30.5,44.4,69.7,30.9,39.5,72.7,30.6,39.3,72.5,30.3,51.6,DEMO / SIMULATED DATA - Atmospheric Dynamics Prototype
2024-01-23,18:00,Kerala,10.8505,76.2711,Winter,24 hours,Normal,1.0,21.2,16.1,0.0,19.7,13.9,1.6,22.3,11.5,4.6,20.2,13.8,0.3,19.9,11.7,4.6,21.8,17.6,5.1,20.5,14.5,12.1,20.8,19.3,1.0,17.9,6.0,DEMO / SIMULATED DATA - Atmospheric Dynamics Prototype
2024-05-01,06:00,Odisha,20.9517,85.0985,Summer,24 hours,High Wind,5.3,32.0,72.3,13.1,31.6,81.2,1.1,31.8,72.0,7.7,32.9,72.6,5.2,32.7,81.3,7.0,32.0,68.8,0.0,33.6,70.2,18.6,33.4,73.8,7.6,32.7,68.9,DEMO / SIMULATED DATA - Atmospheric Dynamics Prototype
2024-12-11,00:00,Karnataka,15.3173,75.7139,Post-Monsoon,48 hours,Normal,0.0,22.0,21.4,1.2,20.6,22.2,8.2,22.7,28.3,0.1,23.5,23.1,0.0,23.3,26.8,0.3,25.3,18.0,0.0,23.1,21.7,0.0,23.2,23.3,0.0,22.4,25.9,DEMO / SIMULATED DATA - Atmospheric Dynamics Prototype
2024-03-03,00:00,Tamil Nadu,11.1271,78.6569,Summer,6 hours,High Wind,6.4,31.6,56.3,7.2,31.9,57.0,10.9,31.3,58.8,9.7,30.9,54.9,7.0,30.3,54.5,4.5,32.7,59.6,7.7,31.0,53.4,11.3,29.9,55.9,17.9,30.8,51.0,DEMO / SIMULATED DATA - Atmospheric Dynamics Prototype
2024-11-13,12:00,Maharashtra,19.7515,75.7139,Post-Monsoon,24 hours,Normal,0.7,31.2,15.3,1.0,30.7,15.9,0.7,33.1,18.6,0.0,29.9,16.7,0.0,30.3,13.2,0.0,29.6,14.7,0.0,30.0,23.0,0.0,30.5,18.5,0.0,29.1,14.0,DEMO / SIMULATED DATA - Atmospheric Dynamics Prototype
2024-02-07,12:00,Andhra Pradesh,15.9129,79.74,Winter,48 hours,Heat Wave,0.0,45.9,24.1,8.4,45.8,36.2,3.4,44.2,24.6,2.0,46.0,25.1,0.0,44.4,20.3,0.0,47.0,28.3,0.0,45.4,26.3,0.9,47.2,21.8,8.9,45.9,28.6,DEMO / SIMULATED DATA - Atmospheric Dynamics Prototype
2024-06-15,06:00,Maharashtra,19.7515,75.7139,Southwest Monsoon,48 hours,Storm/Cyclone,157.5,25.9,71.3,183.0,24.4,75.1,148.9,23.6,70.9,161.4,25.9,70.7,159.6,26.9,74.0,159.8,23.6,71.1,162.7,26.6,72.1,159.5,26.5,60.9,165.6,25.7,75.5,DEMO / SIMULATED DATA - Atmospheric Dynamics Prototype
2024-01-24,06:00,Kerala,10.8505,76.2711,Winter,72 hours,Normal,1.8,19.4,17.8,17.1,16.5,22.9,0.0,18.0,13.7,2.3,20.4,16.1,3.8,19.8,13.3,4.2,19.1,9.4,0.0,22.7,15.6,0.0,21.3,12.0,3.6,19.0,30.2,DEMO / SIMULATED DATA - Atmospheric Dynamics Prototype
2024-01-04,06:00,Tamil Nadu,11.1271,78.6569,Winter,48 hours,Normal,0.0,20.2,25.1,7.7,24.0,27.7,0.9,18.5,26.5,2.7,19.5,22.6,0.0,21.1,21.5,0.2,17.9,26.4,3.6,17.5,18.9,0.0,19.9,17.7,9.6,21.2,28.7,DEMO / SIMULATED DATA - Atmospheric Dynamics Prototype
2024-12-10,00:00,Karnataka,15.3173,75.7139,Post-Monsoon,24 hours,Normal,0.0,22.6,19.5,8.0,20.3,20.5,0.0,22.6,16.6,0.6,22.4,18.9,2.8,21.7,22.6,0.0,23.8,16.8,0.0,22.6,16.3,0.0,21.3,20.9,0.0,22.7,17.9,DEMO / SIMULATED DATA - Atmospheric Dynamics Prototype
2024-05-22,00:00,Rajasthan,27.0238,74.2179,Summer,48 hours,Heat Wave,0.0,44.5,12.0,3.6,44.9,14.6,0.0,44.9,7.1,1.0,43.5,10.7,4.8,43.8,15.6,0.0,44.8,10.1,0.0,41.6,7.1,0.0,44.9,17.3,0.0,42.6,3.4,DEMO / SIMULATED DATA - Atmospheric Dynamics Prototype
2024-11-18,06:00,Maharashtra,19.7515,75.7139,Post-Monsoon,48 hours,Normal,1.3,26.6,19.3,5.2,29.7,21.1,5.2,26.1,12.1,3.6,26.8,18.6,0.0,26.6,19.5,10.1,26.7,23.9,0.0,26.1,13.2,0.0,27.6,19.3,7.9,27.0,17.2,DEMO / SIMULATED DATA - Atmospheric Dynamics Prototype
2024-12-25,00:00,Kerala,10.8505,76.2711,Post-Monsoon,12 hours,Normal,0.2,27.4,22.7,5.6,29.0,22.6,0.0,26.7,21.4,0.0,27.6,25.6,0.0,27.5,26.5,0.0,28.8,19.8,0.0,26.5,29.0,0.0,28.1,24.9,0.0,27.2,28.0,DEMO / SIMULATED DATA - Atmospheric Dynamics Prototype
2024-07-26,12:00,Kerala,10.8505,76.2711,Southwest Monsoon,6 hours,Storm/Cyclone,129.8,26.8,96.3,125.7,26.6,93.3,124.4,27.7,97.3,129.7,26.7,97.6,126.3,27.4,99.1,132.3,25.9,94.3,127.8,27.8,97.8,141.8,24.6,96.1,120.4,27.7,100.7,DEMO / SIMULATED DATA - Atmospheric Dynamics Prototype
2024-06-28,18:00,Kerala,10.8505,76.2711,Southwest Monsoon,48 hours,Heavy Rain,108.2,21.6,37.6,90.5,21.3,37.5,102.3,19.0,41.5,109.8,22.1,38.8,110.8,23.5,35.1,111.4,21.2,42.3,113.7,22.0,36.0,114.1,22.9,34.0,98.9,21.0,46.7,DEMO / SIMULATED DATA - Atmospheric Dynamics Prototype
2024-03-27,06:00,Karnataka,15.3173,75.7139,Summer,24 hours,Normal,0.6,36.6,20.0,0.0,39.1,16.6,3.5,36.7,20.6,3.9,35.7,18.9,0.0,34.5,19.4,1.5,35.3,16.5,3.1,37.4,19.5,4.6,34.7,18.4,10.1,36.7,20.6,DEMO / SIMULATED DATA - Atmospheric Dynamics Prototype
2024-11-29,06:00,Andhra Pradesh,15.9129,79.74,Northeast Monsoon,48 hours,Heavy Rain,113.6,25.3,37.3,114.7,26.8,43.3,123.1,25.2,43.7,112.0,26.6,37.4,112.3,26.4,38.0,115.6,25.9,31.0,107.6,25.5,29.5,118.7,27.0,39.0,105.8,28.3,49.5,DEMO / SIMULATED DATA - Atmospheric Dynamics Prototype
2024-11-30,12:00,Kerala,10.8505,76.2711,Post-Monsoon,12 hours,Heat Wave,0.0,46.1,18.3,0.0,46.3,16.8,0.5,45.8,16.3,0.0,46.8,19.0,0.0,46.0,22.8,0.0,45.9,17.6,0.0,46.7,25.9,0.0,46.8,10.8,0.0,48.6,18.1,DEMO / SIMULATED DATA - Atmospheric Dynamics Prototype
2024-09-20,00:00,Odisha,20.9517,85.0985,Southwest Monsoon,12 hours,Heavy Rain,72.6,21.7,42.0,49.6,21.0,38.7,71.9,21.1,39.9,72.1,22.0,39.1,69.3,22.3,41.4,70.9,22.0,37.7,73.8,21.6,41.8,75.0,24.1,43.3,71.6,19.8,31.4,DEMO / SIMULATED DATA - Atmospheric Dynamics Prototype
2024-02-05,00:00,Maharashtra,19.7515,75.7139,Winter,24 hours,Normal,0.0,16.7,19.7,0.7,16.2,10.6,2.9,15.9,20.9,2.8,17.1,22.1,2.4,17.0,21.0,5.1,15.8,20.2,0.0,14.1,20.8,6.4,18.9,27.8,0.0,19.6,20.6,DEMO / SIMULATED DATA - Atmospheric Dynamics Prototype
2024-12-21,00:00,Telangana,18.1124,79.0193,Post-Monsoon,48 hours,Normal,0.0,24.9,14.1,7.1,24.6,10.2,5.8,26.9,7.9,0.0,25.0,13.6,0.0,25.2,16.1,0.0,25.9,11.3,0.0,24.2,14.4,0.0,22.7,4.5,0.0,26.9,21.6,DEMO / SIMULATED DATA - Atmospheric Dynamics Prototype
2024-12-08,12:00,Odisha,20.9517,85.0985,Post-Monsoon,48 hours,Normal,0.0,33.6,21.9,0.0,31.4,31.7,0.0,34.5,25.8,0.0,33.9,20.1,0.0,31.6,26.0,0.0,32.2,19.9,0.0,34.5,16.5,0.0,35.8,15.9,0.0,35.4,22.3,DEMO / SIMULATED DATA - Atmospheric Dynamics Prototype
2024-07-19,06:00,Rajasthan,27.0238,74.2179,Southwest Monsoon,12 hours,Heat Wave,0.0,46.6,11.5,1.3,44.8,14.8,1.8,46.7,7.2,1.3,46.5,9.8,3.2,47.0,11.4,0.0,46.0,10.5,3.1,46.0,10.6,0.0,46.5,9.1,0.0,47.2,7.5,DEMO / SIMULATED DATA - Atmospheric Dynamics Prototype
2024-09-18,18:00,Rajasthan,27.0238,74.2179,Southwest Monsoon,12 hours,Heavy Rain,137.4,24.4,35.8,149.8,24.8,32.4,137.5,23.4,38.2,134.4,24.6,36.2,137.6,22.9,35.1,139.0,24.0,35.0,132.5,25.1,33.6,127.6,23.9,39.6,135.4,27.2,37.7,DEMO / SIMULATED DATA - Atmospheric Dynamics Prototype
2024-07-27,18:00,Telangana,18.1124,79.0193,Southwest Monsoon,72 hours,Normal,4.9,30.0,11.0,0.0,27.7,3.9,20.6,31.1,13.0,1.7,29.4,12.4,0.2,30.9,10.6,6.0,28.4,11.7,2.2,28.5,15.0,0.0,31.3,15.3,0.0,27.9,9.4,DEMO / SIMULATED DATA - Atmospheric Dynamics Prototype
2024-12-03,06:00,Rajasthan,27.0238,74.2179,Post-Monsoon,48 hours,Heavy Rain,97.0,24.1,38.1,88.6,24.8,33.6,95.0,21.7,39.3,95.3,23.7,33.6,91.8,24.6,35.7,82.7,25.2,40.0,104.3,20.6,35.1,97.8,25.2,30.4,100.0,22.8,27.0,DEMO / SIMULATED DATA - Atmospheric Dynamics Prototype
2024-01-17,06:00,Karnataka,15.3173,75.7139,Winter,24 hours,Normal,0.0,21.4,18.9,0.0,21.8,20.2,0.0,21.6,19.3,2.2,21.9,20.2,0.1,22.6,21.2,2.4,20.2,18.8,5.3,21.1,24.8,3.4,24.1,14.2,0.0,21.3,21.9,DEMO / SIMULATED DATA - Atmospheric Dynamics Prototype
2024-02-07,00:00,Karnataka,15.3173,75.7139,Winter,6 hours,Normal,2.3,15.2,16.8,8.1,15.1,19.9,1.7,16.4,15.3,4.3,16.3,17.0,0.7,16.5,15.8,7.4,16.1,16.4,0.0,15.2,17.1,7.3,17.3,14.3,6.2,16.4,21.3,DEMO / SIMULATED DATA - Atmospheric Dynamics Prototype
2024-04-18,18:00,Andhra Pradesh,15.9129,79.74,Summer,6 hours,Storm/Cyclone,85.3,24.5,96.9,107.2,25.7,94.4,83.7,24.7,98.6,88.3,23.8,95.9,89.9,23.2,98.5,88.1,23.7,95.9,79.2,23.9,97.6,92.1,26.8,93.1,92.4,21.5,94.5,DEMO / SIMULATED DATA - Atmospheric Dynamics Prototype
2024-08-02,00:00,Tamil Nadu,11.1271,78.6569,Southwest Monsoon,12 hours,Storm/Cyclone,134.6,25.6,76.3,119.9,25.8,77.9,139.2,25.9,79.6,134.4,24.2,75.2,133.3,26.6,75.4,131.5,24.6,68.7,138.0,24.0,81.1,133.8,23.4,71.9,135.6,22.6,78.9,DEMO / SIMULATED DATA - Atmospheric Dynamics Prototype
2024-05-16,18:00,Odisha,20.9517,85.0985,Summer,12 hours,Storm/Cyclone,144.5,26.7,96.9,140.6,27.1,95.5,140.6,26.9,97.3,143.3,27.3,99.0,144.4,27.0,100.3,143.8,25.7,96.2,144.0,27.9,97.3,139.3,27.9,99.4,145.1,28.2,101.8,DEMO / SIMULATED DATA - Atmospheric Dynamics Prototype
2024-06-26,00:00,Tamil Nadu,11.1271,78.6569,Southwest Monsoon,24 hours,Heavy Rain,93.9,19.5,53.0,97.6,19.0,47.9,97.2,20.4,53.3,94.8,20.0,55.2,90.0,18.3,53.3,92.0,19.1,56.3,97.2,21.4,49.2,92.2,20.7,55.0,102.7,20.3,62.1,DEMO / SIMULATED DATA - Atmospheric Dynamics Prototype
2024-09-22,18:00,Andhra Pradesh,15.9129,79.74,Southwest Monsoon,72 hours,Normal,5.6,29.5,28.3,6.9,31.3,31.6,7.0,29.0,9.5,7.3,30.1,30.1,0.9,30.0,18.0,6.0,30.6,32.1,9.4,31.4,37.0,13.5,29.9,27.5,6.5,28.8,36.1,DEMO / SIMULATED DATA - Atmospheric Dynamics Prototype
2024-08-08,06:00,Karnataka,15.3173,75.7139,Southwest Monsoon,48 hours,Normal,8.3,30.4,11.1,9.0,30.7,20.6,9.3,29.8,10.5,11.5,31.4,9.1,8.7,31.1,11.0,0.0,29.8,11.1,15.3,29.1,3.6,8.7,32.1,9.0,24.9,35.1,10.7,DEMO / SIMULATED DATA - Atmospheric Dynamics Prototype
2024-03-09,18:00,Rajasthan,27.0238,74.2179,Summer,48 hours,Normal,0.0,41.8,7.8,5.3,41.1,7.0,3.8,42.4,10.8,2.5,42.2,10.6,0.7,42.0,8.4,2.1,42.5,3.0,0.0,41.5,9.9,9.9,40.2,12.4,0.0,44.8,19.2,DEMO / SIMULATED DATA - Atmospheric Dynamics Prototype
2024-10-14,00:00,Kerala,10.8505,76.2711,Post-Monsoon,48 hours,Normal,0.0,20.6,20.5,2.7,19.1,26.1,4.6,20.6,27.5,0.3,19.9,20.4,0.0,20.3,26.9,1.3,19.2,17.2,0.1,16.6,17.6,0.0,20.3,13.8,0.0,23.2,26.3,DEMO / SIMULATED DATA - Atmospheric Dynamics Prototype
2024-10-27,18:00,Kerala,10.8505,76.2711,Post-Monsoon,12 hours,Normal,0.6,27.7,12.2,0.0,25.2,16.5,2.2,27.1,14.1,1.0,28.0,12.4,0.0,28.0,11.1,0.2,26.7,10.0,2.8,28.6,10.8,0.0,31.2,12.3,2.2,25.7,17.6,DEMO / SIMULATED DATA - Atmospheric Dynamics Prototype
2024-05-11,06:00,Telangana,18.1124,79.0193,Summer,6 hours,Heat Wave,0.0,44.5,17.0,0.0,44.3,13.0,2.2,44.0,16.2,1.2,43.9,17.8,0.0,45.4,20.9,5.8,43.2,16.0,0.0,44.9,18.0,0.0,43.6,13.3,0.0,42.5,20.6,DEMO / SIMULATED DATA - Atmospheric Dynamics Prototype
2024-01-25,18:00,Telangana,18.1124,79.0193,Winter,72 hours,Normal,0.0,23.1,4.8,0.0,23.3,1.0,3.3,24.5,1.6,2.1,23.3,3.3,0.0,25.0,4.9,10.4,23.3,5.5,0.0,22.3,1.0,0.0,24.8,3.0,0.0,21.2,2.1,DEMO / SIMULATED DATA - Atmospheric Dynamics Prototype
2024-08-01,18:00,Odisha,20.9517,85.0985,Southwest Monsoon,72 hours,Heavy Rain,115.3,24.7,50.4,97.2,28.7,57.3,119.1,24.4,41.4,116.8,23.9,49.8,113.8,25.3,46.2,114.9,22.7,48.6,106.8,21.8,52.2,111.1,23.6,46.5,137.6,26.3,55.4,DEMO / SIMULATED DATA - Atmospheric Dynamics Prototype
2024-11-12,18:00,Andhra Pradesh,15.9129,79.74,Northeast Monsoon,48 hours,Heavy Rain,119.9,20.7,49.4,93.7,20.6,46.3,123.6,21.9,49.7,119.6,21.7,49.9,123.0,20.9,46.6,119.0,20.9,53.0,121.1,19.7,53.8,122.2,23.7,49.9,112.7,23.3,46.0,DEMO / SIMULATED DATA - Atmospheric Dynamics Prototype
2024-03-29,00:00,Odisha,20.9517,85.0985,Summer,6 hours,Normal,0.0,29.8,19.2,0.2,29.6,13.0,0.0,30.6,20.2,1.7,29.8,18.2,5.0,28.9,19.1,3.7,29.2,17.9,0.0,29.3,20.9,0.0,32.0,15.7,0.0,29.8,17.6,DEMO / SIMULATED DATA - Atmospheric Dynamics Prototype
2024-09-19,06:00,Andhra Pradesh,15.9129,79.74,Southwest Monsoon,24 hours,Normal,18.3,28.2,14.8,27.1,29.8,18.4,18.0,29.3,14.3,19.8,27.8,14.7,18.2,28.4,16.7,20.7,27.6,13.1,21.1,29.2,13.3,10.2,27.9,17.5,28.7,26.0,12.7,DEMO / SIMULATED DATA - Atmospheric Dynamics Prototype
2024-03-30,06:00,Andhra Pradesh,15.9129,79.74,Summer,72 hours,Normal,0.0,32.9,17.9,4.0,32.0,10.2,0.0,36.6,20.5,2.9,31.6,19.3,0.5,32.6,19.0,1.5,33.4,18.4,5.5,32.9,12.6,0.0,28.4,30.5,7.1,30.8,15.9,DEMO / SIMULATED DATA - Atmospheric Dynamics Prototype
2024-01-25,18:00,Rajasthan,27.0238,74.2179,Winter,24 hours,Normal,1.6,14.4,15.3,1.1,11.7,14.2,0.0,14.5,18.5,2.2,14.4,15.5,0.0,13.6,13.8,0.2,15.3,14.7,3.4,13.5,16.2,5.6,13.2,18.7,1.9,16.3,14.3,DEMO / SIMULATED DATA - Atmospheric Dynamics Prototype
2024-04-04,12:00,Telangana,18.1124,79.0193,Summer,72 hours,High Wind,4.2,46.2,63.2,0.0,46.6,61.0,7.0,45.9,58.5,4.0,45.5,66.8,9.1,46.5,63.0,6.4,43.4,72.8,4.4,42.3,69.7,0.0,48.6,64.0,0.0,46.9,64.5,DEMO / SIMULATED DATA - Atmospheric Dynamics Prototype
2024-05-14,06:00,Kerala,10.8505,76.2711,Summer,72 hours,Normal,1.1,36.6,18.3,0.0,34.2,22.9,3.3,34.9,24.6,2.6,35.9,19.9,1.3,36.7,25.0,0.0,33.9,11.9,3.4,35.9,16.8,0.0,40.4,30.7,8.5,32.7,14.9,DEMO / SIMULATED DATA - Atmospheric Dynamics Prototype
2024-08-14,12:00,Tamil Nadu,11.1271,78.6569,Southwest Monsoon,48 hours,Heavy Rain,115.7,28.1,44.7,98.6,29.4,47.7,112.4,25.4,42.7,116.6,28.7,43.7,118.4,29.7,42.4,120.8,29.0,46.3,108.8,26.0,40.9,113.7,31.6,41.2,121.1,27.1,47.5,DEMO / SIMULATED DATA - Atmospheric Dynamics Prototype
2024-07-30,06:00,Odisha,20.9517,85.0985,Southwest Monsoon,48 hours,Normal,10.5,28.4,23.6,9.7,29.6,27.6,6.7,24.9,25.5,12.5,28.8,22.7,10.8,29.1,22.9,8.5,31.3,17.8,14.4,27.4,22.1,8.5,26.8,26.6,20.2,29.4,24.2,DEMO / SIMULATED DATA - Atmospheric Dynamics Prototype
2024-02-27,00:00,Kerala,10.8505,76.2711,Winter,72 hours,Normal,0.0,16.1,18.3,0.0,14.9,15.2,0.0,17.0,12.6,0.0,17.5,19.4,0.0,17.1,14.2,0.0,18.6,11.8,0.0,16.6,24.5,0.0,17.0,21.9,0.0,18.2,24.5,DEMO / SIMULATED DATA - Atmospheric Dynamics Prototype
2024-02-17,00:00,Maharashtra,19.7515,75.7139,Winter,12 hours,Normal,0.0,15.9,19.2,0.0,16.2,24.5,0.2,16.8,16.4,2.8,16.2,20.0,5.7,16.9,20.3,0.0,15.1,19.0,4.8,14.3,19.2,3.3,17.2,22.1,0.0,17.7,19.5,DEMO / SIMULATED DATA - Atmospheric Dynamics Prototype
2024-03-01,06:00,Kerala,10.8505,76.2711,Summer,12 hours,Normal,0.0,35.5,25.7,0.0,33.8,24.5,0.0,35.0,20.6,0.7,35.6,27.1,0.0,35.3,24.7,3.3,34.8,24.2,0.0,35.3,26.0,0.0,36.3,34.7,0.0,36.1,25.8,DEMO / SIMULATED DATA - Atmospheric Dynamics Prototype
2024-08-19,12:00,Tamil Nadu,11.1271,78.6569,Southwest Monsoon,6 hours,Heavy Rain,79.0,30.3,33.2,83.6,31.0,33.5,75.6,30.8,36.8,81.4,30.7,32.8,77.9,29.7,33.0,80.5,29.8,35.6,86.1,30.7,32.2,80.9,31.9,33.8,81.4,31.4,29.6,DEMO / SIMULATED DATA - Atmospheric Dynamics Prototype
2024-06-15,18:00,Andhra Pradesh,15.9129,79.74,Southwest Monsoon,48 hours,Heavy Rain,92.4,21.7,41.1,104.7,22.2,40.9,104.0,22.7,40.6,89.6,21.5,40.7,90.0,20.5,37.5,87.8,22.1,41.0,90.7,22.9,49.4,87.3,20.4,29.4,92.2,21.4,46.4,DEMO / SIMULATED DATA - Atmospheric Dynamics Prototype
2024-01-25,18:00,Kerala,10.8505,76.2711,Winter,72 hours,Normal,0.3,20.3,20.4,0.0,19.6,21.9,1.1,20.4,15.4,3.5,21.4,17.9,0.0,20.3,15.2,0.0,21.0,14.5,7.6,22.8,13.7,10.1,20.0,23.0,0.0,22.7,23.3,DEMO / SIMULATED DATA - Atmospheric Dynamics Prototype
2024-02-26,06:00,Maharashtra,19.7515,75.7139,Winter,12 hours,Normal,1.0,21.6,15.8,0.5,20.0,13.1,4.0,21.3,16.1,1.4,21.6,15.4,0.0,21.9,14.7,4.5,22.4,14.4,0.5,20.9,11.0,0.0,21.9,17.1,1.8,21.1,19.9,DEMO / SIMULATED DATA - Atmospheric Dynamics Prototype
2024-06-10,06:00,Rajasthan,27.0238,74.2179,Southwest Monsoon,6 hours,Normal,6.3,28.6,6.3,5.4,28.2,12.2,7.3,28.7,8.2,5.0,28.5,6.8,7.3,28.2,8.7,2.8,28.9,2.1,7.1,28.8,11.7,0.0,27.8,9.3,7.9,28.9,2.3,DEMO / SIMULATED DATA - Atmospheric Dynamics Prototype
2024-05-25,00:00,Tamil Nadu,11.1271,78.6569,Summer,72 hours,Storm/Cyclone,126.6,24.6,90.2,135.6,21.3,94.1,114.4,25.5,90.0,127.5,23.6,92.3,129.3,23.2,88.2,130.2,23.7,93.7,127.9,23.7,88.5,126.6,24.1,94.7,123.6,23.1,96.6,DEMO / SIMULATED DATA - Atmospheric Dynamics Prototype
2024-06-12,06:00,Andhra Pradesh,15.9129,79.74,Southwest Monsoon,6 hours,Heavy Rain,75.8,20.2,52.8,59.6,21.5,49.9,74.0,20.3,50.3,75.8,20.3,50.7,79.9,20.9,50.2,79.0,21.4,49.7,71.5,19.5,48.3,72.4,19.7,54.7,76.2,20.0,50.8,DEMO / SIMULATED DATA - Atmospheric Dynamics Prototype
2024-01-26,00:00,Karnataka,15.3173,75.7139,Winter,72 hours,Heavy Rain,114.4,10.5,39.7,123.6,11.4,42.5,105.2,13.7,37.0,114.7,10.2,39.6,118.0,12.5,40.0,108.1,6.3,39.5,116.0,9.4,40.4,117.5,12.8,38.3,114.0,10.0,39.9,DEMO / SIMULATED DATA - Atmospheric Dynamics Prototype
2024-06-23,06:00,Maharashtra,19.7515,75.7139,Southwest Monsoon,6 hours,Normal,9.0,,18.6,10.1,26.3,23.3,11.3,27.4,18.1,10.0,28.9,18.2,8.6,27.1,17.6,8.1,29.3,21.2,12.5,28.1,15.0,8.8,29.0,14.0,12.1,31.2,23.0,DEMO / SIMULATED DATA - Atmospheric Dynamics Prototype
2024-01-27,06:00,Karnataka,15.3173,75.7139,Winter,24 hours,Heavy Rain,69.9,18.0,51.0,65.1,17.7,51.4,67.3,18.2,47.1,71.2,17.6,51.4,73.1,18.0,49.6,66.8,17.7,53.2,72.3,17.0,47.8,73.2,16.8,51.3,70.6,18.6,55.2,DEMO / SIMULATED DATA - Atmospheric Dynamics Prototype
2024-06-02,06:00,Telangana,18.1124,79.0193,Southwest Monsoon,12 hours,Normal,9.6,28.1,4.9,12.1,29.6,14.7,6.9,27.4,4.2,11.4,28.1,7.2,11.3,26.1,6.5,10.1,27.5,6.1,13.1,29.4,5.0,11.1,28.5,9.7,11.6,29.1,8.8,DEMO / SIMULATED DATA - Atmospheric Dynamics Prototype
2024-08-14,18:00,Odisha,20.9517,85.0985,Southwest Monsoon,12 hours,Normal,3.8,32.0,27.9,1.4,31.7,26.2,5.5,30.7,26.8,5.6,32.3,27.7,3.0,31.7,27.0,2.2,32.8,29.5,10.6,33.0,24.2,3.0,31.6,28.9,9.4,32.3,28.7,DEMO / SIMULATED DATA - Atmospheric Dynamics Prototype
2024-08-10,06:00,Tamil Nadu,11.1271,78.6569,Southwest Monsoon,48 hours,Heavy Rain,96.8,25.1,51.6,93.4,22.8,54.2,88.6,21.6,57.0,95.8,25.6,50.2,98.3,26.1,49.2,98.9,24.5,50.3,102.0,24.8,48.4,88.4,25.8,57.2,91.3,26.6,46.0,DEMO / SIMULATED DATA - Atmospheric Dynamics Prototype
2024-08-17,18:00,Kerala,10.8505,76.2711,Southwest Monsoon,6 hours,Heavy Rain,84.5,26.1,35.8,63.8,25.4,37.0,86.0,25.7,35.4,85.6,25.9,35.4,88.9,26.2,34.6,79.2,25.2,33.4,91.9,25.1,36.0,86.1,27.6,35.8,82.0,25.2,37.3,DEMO / SIMULATED DATA - Atmospheric Dynamics Prototype
2024-07-20,06:00,Tamil Nadu,11.1271,78.6569,Southwest Monsoon,24 hours,Heavy Rain,139.1,26.0,44.4,137.9,25.3,41.5,142.4,26.7,50.8,140.0,26.0,44.0,138.2,25.4,45.6,140.7,26.8,47.1,141.9,27.5,49.0,145.3,22.4,45.4,133.8,27.9,33.1,DEMO / SIMULATED DATA - Atmospheric Dynamics Prototype
2024-12-09,12:00,Andhra Pradesh,15.9129,79.74,Northeast Monsoon,48 hours,Normal,12.0,34.1,19.4,9.7,37.4,26.7,8.9,35.9,16.5,12.2,35.3,23.0,9.9,34.9,24.1,10.0,33.6,20.6,7.2,36.7,15.2,8.1,37.5,20.5,25.6,33.6,34.5,DEMO / SIMULATED DATA - Atmospheric Dynamics Prototype
2024-05-08,00:00,Telangana,18.1124,79.0193,Summer,24 hours,Normal,0.0,35.1,9.4,8.5,34.8,6.7,1.2,35.7,9.9,1.2,35.1,6.3,0.0,34.1,11.1,5.3,34.8,6.7,0.8,35.1,4.8,0.0,38.0,3.5,0.0,33.4,5.2,DEMO / SIMULATED DATA - Atmospheric Dynamics Prototype
2024-03-10,18:00,Andhra Pradesh,15.9129,79.74,Summer,12 hours,Normal,0.0,33.7,13.2,0.0,35.1,8.1,0.0,34.2,11.8,1.1,32.9,11.7,0.0,33.9,15.9,0.0,33.5,8.2,0.0,33.7,10.3,0.0,31.7,13.5,5.4,31.9,10.4,DEMO / SIMULATED DATA - Atmospheric Dynamics Prototype
2024-07-17,12:00,Rajasthan,27.0238,74.2179,Southwest Monsoon,24 hours,Heavy Rain,104.5,29.8,35.5,97.2,28.7,47.0,107.9,30.0,37.2,103.4,28.8,35.7,101.1,28.8,38.5,104.5,29.6,34.6,105.2,29.4,27.8,111.7,29.6,43.5,94.3,26.6,34.1,DEMO / SIMULATED DATA - Atmospheric Dynamics Prototype
2024-01-21,00:00,Andhra Pradesh,15.9129,79.74,Winter,12 hours,Heat Wave,0.0,47.8,22.4,8.5,48.5,24.8,0.3,48.5,16.9,1.1,47.0,25.7,0.0,47.3,22.7,3.7,47.8,21.4,0.0,47.7,24.7,0.0,44.9,31.3,1.7,47.4,28.5,DEMO / SIMULATED DATA - Atmospheric Dynamics Prototype
2024-04-28,12:00,Odisha,20.9517,85.0985,Summer,48 hours,Normal,0.2,40.8,21.7,0.0,39.0,17.3,5.6,41.3,11.4,2.4,40.7,20.6,1.5,40.5,21.3,0.0,41.3,25.8,0.0,38.0,20.3,4.9,40.0,13.8,5.5,43.9,21.8,DEMO / SIMULATED DATA - Atmospheric Dynamics Prototype
2024-08-07,00:00,Maharashtra,19.7515,75.7139,Southwest Monsoon,72 hours,Heavy Rain,87.9,16.7,34.0,83.5,19.2,32.8,86.2,15.3,41.0,93.4,16.7,35.8,84.8,18.4,34.6,102.3,15.6,39.9,91.1,15.7,36.8,91.3,15.9,36.7,97.4,18.0,31.1,DEMO / SIMULATED DATA - Atmospheric Dynamics Prototype
2024-09-25,18:00,Maharashtra,19.7515,75.7139,Southwest Monsoon,72 hours,Normal,10.8,26.8,14.7,15.1,28.4,27.5,17.9,25.9,4.4,11.4,25.8,13.9,13.1,26.3,16.0,6.9,26.5,6.9,4.2,24.4,19.4,4.8,29.9,9.6,28.0,21.8,17.7,DEMO / SIMULATED DATA - Atmospheric Dynamics Prototype
2024-08-19,00:00,Maharashtra,19.7515,75.7139,Southwest Monsoon,48 hours,Heavy Rain,89.2,19.9,52.6,89.4,18.9,53.1,79.5,20.9,57.2,89.5,21.0,53.4,86.7,18.8,50.6,88.9,20.2,58.9,97.2,21.3,53.2,83.5,23.2,51.3,91.2,21.3,53.0,DEMO / SIMULATED DATA - Atmospheric Dynamics Prototype
2024-10-29,06:00,Rajasthan,27.0238,74.2179,Post-Monsoon,12 hours,Heavy Rain,88.7,21.0,31.5,66.2,20.5,27.3,87.5,20.9,30.6,87.9,20.8,29.5,84.7,20.8,29.2,86.6,21.8,34.3,83.5,23.0,29.8,86.0,19.7,31.7,98.9,18.5,22.4,DEMO / SIMULATED DATA - Atmospheric Dynamics Prototype
2024-05-17,18:00,Andhra Pradesh,15.9129,79.74,Summer,24 hours,Storm/Cyclone,94.7,25.0,90.7,81.3,24.3,89.4,97.3,25.8,86.4,92.8,24.9,93.6,97.8,26.1,93.7,92.7,24.7,85.6,85.4,24.5,91.0,95.6,26.3,104.1,92.4,23.1,93.4,DEMO / SIMULATED DATA - Atmospheric Dynamics Prototype
2024-11-19,18:00,Karnataka,15.3173,75.7139,Post-Monsoon,72 hours,Normal,0.0,27.9,17.7,0.0,24.2,19.1,10.5,30.0,24.6,4.0,29.6,20.4,0.0,28.2,12.3,0.9,30.2,24.2,12.8,29.9,20.3,6.3,29.4,12.7,0.0,30.2,32.4,DEMO / SIMULATED DATA - Atmospheric Dynamics Prototype
2024-02-13,06:00,Telangana,18.1124,79.0193,Winter,6 hours,Normal,1.5,20.5,6.5,0.0,21.8,7.0,0.0,21.3,6.9,2.2,20.9,6.0,1.5,20.6,4.1,0.0,20.5,6.0,6.3,20.8,9.2,1.5,21.9,8.0,1.6,20.5,2.5,DEMO / SIMULATED DATA - Atmospheric Dynamics Prototype
2024-10-30,18:00,Tamil Nadu,11.1271,78.6569,Northeast Monsoon,12 hours,Normal,13.0,28.4,22.4,7.3,27.8,26.5,13.8,28.4,23.0,13.1,27.9,22.1,13.5,27.1,21.6,18.5,27.7,21.5,10.9,28.3,20.4,15.2,28.7,25.4,7.6,27.8,21.4,DEMO / SIMULATED DATA - Atmospheric Dynamics Prototype
2024-01-17,06:00,Maharashtra,19.7515,75.7139,Winter,72 hours,Heavy Rain,96.5,14.3,47.6,64.6,12.8,41.6,91.3,13.3,45.9,99.1,15.3,46.7,95.2,14.2,49.8,92.5,16.3,42.0,100.4,17.6,46.6,97.9,12.1,44.4,109.3,16.2,50.5,DEMO / SIMULATED DATA - Atmospheric Dynamics Prototype
2024-05-03,00:00,Andhra Pradesh,15.9129,79.74,Summer,72 hours,Normal,0.0,27.0,14.4,0.0,28.3,18.1,12.2,27.9,18.8,4.5,26.8,15.7,0.0,27.6,18.5,1.0,26.1,13.4,4.7,26.0,19.2,13.8,29.1,19.0,2.8,25.0,8.3,DEMO / SIMULATED DATA - Atmospheric Dynamics Prototype
2024-01-04,06:00,Andhra Pradesh,15.9129,79.74,Winter,12 hours,Normal,0.0,22.5,21.3,0.0,22.2,17.2,0.0,23.7,20.3,0.6,23.1,21.0,0.0,23.3,22.5,0.7,21.1,17.9,0.0,23.0,24.8,2.1,25.3,19.6,0.0,22.7,20.3,DEMO / SIMULATED DATA - Atmospheric Dynamics Prototype
2024-11-24,06:00,Kerala,10.8505,76.2711,Post-Monsoon,6 hours,Heat Wave,0.0,48.4,18.7,5.4,47.2,16.4,3.6,47.6,20.3,2.8,48.4,18.3,0.0,48.7,16.9,2.2,47.7,14.8,1.8,45.5,16.9,1.2,49.4,23.2,8.6,50.6,19.5,DEMO / SIMULATED DATA - Atmospheric Dynamics Prototype
2024-09-30,00:00,Tamil Nadu,11.1271,78.6569,Southwest Monsoon,12 hours,Heavy Rain,68.7,,47.7,47.1,20.5,51.2,64.6,23.6,45.1,65.9,23.8,44.8,65.5,22.7,48.2,64.4,22.6,47.6,63.9,25.1,41.8,67.7,25.1,42.5,68.1,23.5,44.1,DEMO / SIMULATED DATA - Atmospheric Dynamics Prototype
2024-11-20,06:00,Karnataka,15.3173,75.7139,Post-Monsoon,6 hours,Heavy Rain,124.7,23.7,49.7,127.7,23.0,53.9,122.8,24.3,48.1,121.7,23.4,50.9,123.9,23.6,50.5,117.0,24.2,49.4,125.8,24.3,51.0,116.1,22.3,50.9,125.7,22.5,52.8,DEMO / SIMULATED DATA - Atmospheric Dynamics Prototype
2024-12-24,00:00,Odisha,20.9517,85.0985,Post-Monsoon,12 hours,Heavy Rain,112.8,18.0,50.9,106.3,16.3,49.0,110.0,18.5,53.6,111.1,18.4,51.8,115.3,20.2,49.8,114.8,16.7,50.3,106.9,18.7,49.7,103.4,17.0,57.9,114.9,19.2,51.5,DEMO / SIMULATED DATA - Atmospheric Dynamics Prototype
2024-09-11,12:00,Andhra Pradesh,15.9129,79.74,Southwest Monsoon,24 hours,Normal,5.9,32.2,17.1,7.1,31.6,9.7,3.7,33.2,20.3,5.4,33.2,17.1,3.1,32.9,14.0,11.2,32.5,20.2,0.0,33.1,17.1,10.2,33.7,17.4,2.4,33.6,16.8,DEMO / SIMULATED DATA - Atmospheric Dynamics Prototype
2024-01-28,18:00,Kerala,10.8505,76.2711,Winter,48 hours,Normal,1.5,19.5,16.5,8.3,19.8,13.7,6.4,18.1,17.0,4.4,19.0,16.4,0.8,20.4,11.4,0.0,17.2,15.5,8.0,18.6,14.2,6.9,21.6,16.0,6.3,17.1,24.7,DEMO / SIMULATED DATA - Atmospheric Dynamics Prototype
2024-02-15,12:00,Karnataka,15.3173,75.7139,Winter,12 hours,Normal,0.1,28.4,15.8,2.9,27.8,20.8,1.6,27.9,15.9,1.1,28.9,13.1,0.0,28.2,14.5,4.1,30.6,11.7,0.0,28.1,10.6,0.3,29.5,21.6,1.1,28.1,7.1,DEMO / SIMULATED DATA - Atmospheric Dynamics Prototype
2024-12-23,18:00,Andhra Pradesh,15.9129,79.74,Northeast Monsoon,48 hours,Normal,16.3,26.9,16.5,13.6,24.2,4.2,9.6,24.2,18.3,15.1,26.4,15.3,14.4,26.3,13.3,1.6,29.1,12.6,14.1,24.4,21.0,17.2,25.3,14.4,28.0,26.7,15.4,DEMO / SIMULATED DATA - Atmospheric Dynamics Prototype
2024-02-21,06:00,Andhra Pradesh,15.9129,79.74,Winter,6 hours,Normal,1.5,18.8,22.0,2.5,19.6,26.0,0.2,18.9,21.5,3.9,18.7,18.1,4.2,18.5,22.1,8.8,20.1,19.2,4.9,19.6,18.5,1.0,17.5,13.2,0.8,18.0,17.4,DEMO / SIMULATED DATA - Atmospheric Dynamics Prototype
2024-12-01,12:00,Andhra Pradesh,15.9129,79.74,Northeast Monsoon,12 hours,Heavy Rain,132.3,26.2,44.1,121.0,28.2,47.5,131.2,25.8,42.9,132.9,26.7,43.2,140.1,27.4,43.6,131.9,27.1,46.4,128.5,26.6,42.2,133.0,26.1,48.1,130.9,26.4,35.8,DEMO / SIMULATED DATA - Atmospheric Dynamics Prototype
2024-01-23,06:00,Kerala,10.8505,76.2711,Winter,72 hours,Normal,0.0,21.1,17.4,7.9,19.0,33.5,10.6,21.1,9.9,1.7,21.3,17.1,0.0,20.9,17.7,0.0,22.9,24.3,3.0,22.1,15.7,0.0,22.0,15.4,5.4,18.4,12.3,DEMO / SIMULATED DATA - Atmospheric Dynamics Prototype
2024-05-15,12:00,Odisha,20.9517,85.0985,Summer,24 hours,Storm/Cyclone,131.1,24.3,79.7,118.8,23.1,80.8,131.4,24.9,78.0,131.7,24.6,79.1,129.1,24.1,76.9,130.2,23.1,81.0,127.0,24.7,85.2,133.3,24.6,73.7,139.1,26.3,78.9,DEMO / SIMULATED DATA - Atmospheric Dynamics Prototype
2024-12-17,12:00,Andhra Pradesh,15.9129,79.74,Northeast Monsoon,12 hours,Heavy Rain,110.5,30.1,52.1,125.0,30.1,50.7,108.0,30.6,51.1,108.8,29.9,51.6,109.2,30.1,50.2,115.7,31.1,52.3,107.1,29.1,49.2,104.9,30.6,49.6,106.9,28.8,56.5,DEMO / SIMULATED DATA - Atmospheric Dynamics Prototype
2024-02-02,00:00,Rajasthan,27.0238,74.2179,Winter,6 hours,Normal,0.8,10.1,7.7,4.4,11.0,2.6,2.0,10.3,9.6,0.7,10.5,6.2,1.2,11.3,7.4,0.0,9.1,5.2,0.0,10.4,6.8,2.2,8.5,4.6,0.0,13.4,7.0,DEMO / SIMULATED DATA - Atmospheric Dynamics Prototype
2024-01-09,18:00,Rajasthan,27.0238,74.2179,Winter,72 hours,High Wind,17.8,13.7,46.7,37.8,15.4,42.0,32.0,12.0,51.5,15.7,15.4,46.9,17.6,14.0,47.5,16.5,13.0,40.7,10.7,14.4,43.0,11.2,20.1,62.2,22.6,15.6,41.0,DEMO / SIMULATED DATA - Atmospheric Dynamics Prototype
2024-09-17,06:00,Telangana,18.1124,79.0193,Southwest Monsoon,12 hours,High Wind,12.4,27.8,43.1,24.6,28.3,51.5,10.6,27.4,42.5,12.3,27.5,42.3,13.6,27.2,39.3,12.5,26.6,46.3,15.0,26.9,44.6,9.9,27.7,42.9,10.7,29.1,38.2,DEMO / SIMULATED DATA - Atmospheric Dynamics Prototype
2024-12-19,18:00,Tamil Nadu,11.1271,78.6569,Northeast Monsoon,6 hours,Normal,12.5,25.0,14.8,20.2,25.2,13.1,17.2,26.4,20.9,13.9,25.0,13.8,11.9,25.1,16.3,17.8,25.1,12.1,9.7,26.4,16.8,11.8,24.7,14.2,18.5,23.8,9.8,DEMO / SIMULATED DATA - Atmospheric Dynamics Prototype
2024-10-30,12:00,Telangana,18.1124,79.0193,Post-Monsoon,72 hours,Normal,0.8,34.8,12.1,0.2,36.2,5.9,6.6,34.0,19.7,2.2,35.2,13.5,0.0,35.4,11.2,0.0,36.1,11.4,3.7,37.3,16.4,0.0,33.6,15.0,7.3,33.8,13.5,DEMO / SIMULATED DATA - Atmospheric Dynamics Prototype
2024-02-10,12:00,Maharashtra,19.7515,75.7139,Winter,72 hours,Normal,0.0,24.7,8.9,0.0,29.3,13.0,0.0,27.2,16.5,3.7,24.6,10.0,5.4,23.6,11.6,6.6,27.3,1.9,0.0,23.0,19.0,3.6,26.7,11.9,3.1,22.5,5.8,DEMO / SIMULATED DATA - Atmospheric Dynamics Prototype
2024-04-09,00:00,Maharashtra,19.7515,75.7139,Summer,24 hours,Normal,2.2,30.6,7.9,1.9,30.3,8.4,2.8,30.1,11.2,2.4,31.0,6.7,2.0,30.4,9.9,2.3,33.6,7.2,3.8,29.6,11.2,3.8,30.1,4.1,0.0,31.4,1.0,DEMO / SIMULATED DATA - Atmospheric Dynamics Prototype
2024-12-27,12:00,Telangana,18.1124,79.0193,Post-Monsoon,6 hours,Normal,0.0,31.1,21.9,0.0,28.8,25.8,0.7,29.6,18.3,3.9,30.3,22.3,3.2,31.3,25.1,3.6,30.0,24.3,2.1,28.8,17.5,10.5,29.8,23.4,0.0,31.4,21.4,DEMO / SIMULATED DATA - Atmospheric Dynamics Prototype
2024-06-21,12:00,Rajasthan,27.0238,74.2179,Southwest Monsoon,12 hours,High Wind,22.0,34.7,50.1,15.5,34.0,45.9,25.1,36.0,49.3,21.5,34.1,52.1,19.9,33.6,50.7,20.0,34.1,54.8,20.8,35.4,50.3,15.8,32.1,52.0,30.8,35.2,52.9,DEMO / SIMULATED DATA - Atmospheric Dynamics Prototype
2024-09-14,18:00,Odisha,20.9517,85.0985,Southwest Monsoon,48 hours,Normal,6.9,27.2,21.9,11.3,26.1,15.3,9.3,24.2,23.7,7.3,26.2,23.2,2.6,25.6,22.1,6.1,29.3,16.9,14.3,25.3,26.1,13.7,27.8,17.7,0.0,22.9,33.0,DEMO / SIMULATED DATA - Atmospheric Dynamics Prototype
2024-12-01,06:00,Maharashtra,19.7515,75.7139,Post-Monsoon,48 hours,Heat Wave,0.0,47.2,13.6,2.0,53.0,21.9,0.0,47.4,13.4,2.0,48.2,17.3,1.7,46.7,12.7,0.0,48.8,14.8,1.7,49.3,19.3,6.4,49.5,21.9,0.0,46.5,17.8,DEMO / SIMULATED DATA - Atmospheric Dynamics Prototype
2024-02-12,00:00,Tamil Nadu,11.1271,78.6569,Winter,12 hours,Normal,0.1,15.7,16.5,0.0,15.9,22.9,0.0,15.2,18.1,0.4,15.2,16.1,0.0,15.4,15.3,1.0,17.0,21.0,1.1,13.8,14.8,0.0,16.2,16.7,0.0,13.7,12.7,DEMO / SIMULATED DATA - Atmospheric Dynamics Prototype
2024-05-04,00:00,Karnataka,15.3173,75.7139,Summer,6 hours,Normal,3.0,28.9,18.2,7.1,29.1,14.1,5.5,29.2,13.3,4.3,29.3,19.0,6.3,29.6,19.0,8.2,29.7,21.3,6.9,29.8,12.5,0.0,30.0,22.7,0.0,27.2,19.3,DEMO / SIMULATED DATA - Atmospheric Dynamics Prototype
2024-02-09,06:00,Karnataka,15.3173,75.7139,Winter,72 hours,Normal,0.0,19.9,19.9,13.6,18.5,20.2,0.0,21.9,18.7,4.1,18.7,19.4,5.2,16.5,19.7,0.7,21.4,17.0,5.0,18.9,20.4,6.7,17.8,24.5,2.7,19.0,15.2,DEMO / SIMULATED DATA - Atmospheric Dynamics Prototype
2024-04-30,18:00,Kerala,10.8505,76.2711,Summer,72 hours,Normal,0.0,30.7,15.8,0.0,30.6,7.2,2.4,33.7,17.7,6.4,32.2,17.0,3.6,32.2,20.5,10.0,29.9,12.5,4.9,32.1,20.0,13.7,30.7,18.4,0.0,36.2,13.4,DEMO / SIMULATED DATA - Atmospheric Dynamics Prototype
2024-10-25,18:00,Odisha,20.9517,85.0985,Post-Monsoon,12 hours,High Wind,10.5,30.4,62.1,12.4,30.7,66.8,9.3,30.3,63.0,9.2,31.0,64.9,10.7,30.5,64.2,4.8,32.6,63.5,8.9,32.4,62.5,11.1,30.1,67.8,10.5,29.5,66.5,DEMO / SIMULATED DATA - Atmospheric Dynamics Prototype
2024-11-03,06:00,Kerala,10.8505,76.2711,Post-Monsoon,12 hours,Normal,1.4,29.6,22.1,4.8,30.3,15.9,0.4,29.6,23.3,2.7,28.7,21.9,8.1,30.3,20.2,0.0,31.1,20.6,5.4,29.7,21.5,0.0,25.2,24.2,0.0,27.3,23.2,DEMO / SIMULATED DATA - Atmospheric Dynamics Prototype
2024-12-09,18:00,Kerala,10.8505,76.2711,Post-Monsoon,6 hours,High Wind,15.5,28.0,66.4,16.8,29.7,67.1,15.6,28.5,63.6,15.8,27.8,66.8,17.1,27.8,63.4,16.8,27.5,62.0,12.2,30.0,64.6,16.9,26.5,74.1,15.8,27.0,70.1,DEMO / SIMULATED DATA - Atmospheric Dynamics Prototype
2024-01-15,00:00,Tamil Nadu,11.1271,78.6569,Winter,12 hours,Normal,0.0,20.2,21.0,4.5,20.3,18.8,3.4,19.6,25.4,3.7,20.1,20.2,0.0,19.1,18.3,0.0,19.9,19.6,4.1,21.3,20.2,14.2,19.9,20.6,0.0,20.1,22.3,DEMO / SIMULATED DATA - Atmospheric Dynamics Prototype
2024-03-06,00:00,Telangana,18.1124,79.0193,Summer,6 hours,Heat Wave,0.0,47.8,11.5,1.6,49.1,14.2,2.9,47.8,10.1,1.4,47.4,11.2,5.1,47.9,11.0,0.0,48.0,14.2,0.0,47.6,12.3,2.0,47.4,10.1,0.0,46.1,8.3,DEMO / SIMULATED DATA - Atmospheric Dynamics Prototype
2024-11-20,00:00,Karnataka,15.3173,75.7139,Post-Monsoon,6 hours,Heavy Rain,85.6,18.0,42.0,,18.0,39.6,85.5,17.6,41.3,85.9,16.7,41.0,87.8,18.2,43.4,84.9,17.7,38.9,84.2,14.1,40.1,85.2,18.8,41.0,87.3,14.7,41.8,DEMO / SIMULATED DATA - Atmospheric Dynamics Prototype
2024-03-07,00:00,Telangana,18.1124,79.0193,Summer,48 hours,Heat Wave,0.0,48.4,4.0,0.0,47.1,1.1,2.6,46.0,7.2,0.8,48.7,7.8,0.0,49.4,7.1,0.0,47.6,1.0,0.0,46.7,15.2,3.8,52.1,8.4,0.0,47.6,7.5,DEMO / SIMULATED DATA - Atmospheric Dynamics Prototype
2024-05-17,06:00,Kerala,10.8505,76.2711,Summer,48 hours,Normal,0.1,35.3,16.7,0.8,34.9,17.4,7.9,35.1,10.5,1.1,34.0,15.0,0.0,34.8,21.3,5.4,35.5,11.7,0.0,35.3,18.2,0.0,34.4,13.6,0.0,30.1,10.1,DEMO / SIMULATED DATA - Atmospheric Dynamics Prototype
2024-01-17,12:00,Maharashtra,19.7515,75.7139,Winter,12 hours,Heat Wave,0.0,47.9,18.4,5.2,49.7,17.1,0.0,47.0,17.6,0.1,47.6,18.6,0.0,47.4,16.9,0.0,46.5,18.5,0.3,48.5,17.5,0.1,49.7,18.2,0.0,46.0,21.9,DEMO / SIMULATED DATA - Atmospheric Dynamics Prototype
2024-01-31,00:00,Telangana,18.1124,79.0193,Winter,48 hours,Normal,0.0,13.4,12.5,0.0,11.6,9.3,5.0,16.5,13.2,0.0,13.9,12.6,0.0,14.1,11.2,0.0,12.3,9.5,0.0,13.3,20.9,0.0,16.9,13.6,0.0,12.7,7.7,DEMO / SIMULATED DATA - Atmospheric Dynamics Prototype
2024-10-22,00:00,Andhra Pradesh,15.9129,79.74,Northeast Monsoon,72 hours,Normal,13.1,23.5,16.3,0.1,22.4,1.0,11.0,22.5,12.9,12.6,23.1,16.6,14.4,23.2,18.3,6.5,23.6,13.4,10.8,24.0,13.6,12.3,20.9,23.1,19.1,23.8,14.6,DEMO / SIMULATED DATA - Atmospheric Dynamics Prototype
2024-06-27,06:00,Andhra Pradesh,15.9129,79.74,Southwest Monsoon,24 hours,Heavy Rain,129.5,22.9,45.5,107.9,23.3,40.0,124.9,23.7,48.5,129.2,22.1,45.1,125.8,21.5,43.8,134.2,22.4,45.8,130.9,23.1,51.2,125.8,22.7,46.5,129.2,20.7,38.2,DEMO / SIMULATED DATA - Atmospheric Dynamics Prototype
2024-11-23,00:00,Tamil Nadu,11.1271,78.6569,Northeast Monsoon,48 hours,Heavy Rain,159.6,19.0,35.5,160.6,17.3,33.5,159.8,18.4,40.3,164.6,19.4,38.7,160.4,20.1,34.5,165.6,18.8,31.7,171.3,15.9,32.1,155.7,23.9,45.1,170.0,18.3,50.0,DEMO / SIMULATED DATA - Atmospheric Dynamics Prototype
2024-12-22,12:00,Tamil Nadu,11.1271,78.6569,Northeast Monsoon,72 hours,Heavy Rain,155.7,29.1,41.1,156.5,29.9,40.9,167.3,22.7,44.5,154.9,29.8,45.4,158.9,30.7,40.9,156.8,30.8,47.9,153.8,29.6,50.2,140.3,27.5,50.2,164.6,30.4,38.0,DEMO / SIMULATED DATA - Atmospheric Dynamics Prototype
2024-07-19,12:00,Karnataka,15.3173,75.7139,Southwest Monsoon,12 hours,Heavy Rain,98.2,27.2,46.4,93.7,22.1,48.4,94.5,25.9,41.9,99.8,27.8,43.6,92.4,27.4,44.7,93.1,27.2,43.2,102.1,29.0,45.7,104.5,29.2,46.7,107.1,26.2,37.8,DEMO / SIMULATED DATA - Atmospheric Dynamics Prototype
2024-07-13,12:00,Kerala,10.8505,76.2711,Southwest Monsoon,12 hours,Normal,8.5,29.7,13.0,5.5,31.5,14.4,7.0,30.6,13.1,9.6,30.3,13.3,8.9,30.7,12.2,11.6,30.6,12.6,3.0,29.7,16.9,12.2,32.2,11.1,12.5,28.1,13.9,DEMO / SIMULATED DATA - Atmospheric Dynamics Prototype
2024-01-10,06:00,Telangana,18.1124,79.0193,Winter,24 hours,Normal,0.0,19.0,19.0,0.0,18.5,11.0,0.0,19.6,20.7,1.3,18.9,18.6,0.0,19.1,19.5,1.7,19.4,14.7,0.0,17.6,18.4,4.9,19.4,21.3,0.0,18.9,19.3,DEMO / SIMULATED DATA - Atmospheric Dynamics Prototype
2024-04-02,18:00,Kerala,10.8505,76.2711,Summer,48 hours,Normal,0.0,33.1,21.5,3.7,33.9,5.2,1.8,30.3,24.9,3.2,33.7,20.7,5.5,32.0,20.7,0.0,34.9,21.9,9.3,33.8,22.6,0.4,34.7,12.3,0.6,32.9,25.8,DEMO / SIMULATED DATA - Atmospheric Dynamics Prototype
2024-03-15,06:00,Maharashtra,19.7515,75.7139,Summer,72 hours,Normal,0.0,31.0,20.9,0.0,33.3,20.3,12.4,30.3,19.2,1.1,31.8,19.5,0.0,30.5,14.3,0.0,32.1,12.9,2.6,30.0,26.0,0.0,32.4,23.0,3.0,33.9,21.4,DEMO / SIMULATED DATA - Atmospheric Dynamics Prototype
2024-09-27,12:00,Odisha,20.9517,85.0985,Southwest Monsoon,48 hours,Heavy Rain,74.7,23.6,50.3,80.9,24.5,48.7,79.7,25.2,54.5,71.6,24.2,53.6,73.5,24.8,51.5,70.3,23.1,48.2,64.0,25.3,64.6,82.2,23.9,47.6,68.2,23.9,56.1,DEMO / SIMULATED DATA - Atmospheric Dynamics Prototype
2024-05-10,18:00,Tamil Nadu,11.1271,78.6569,Summer,48 hours,Normal,0.5,37.1,15.8,0.0,38.6,24.8,0.5,35.7,16.5,1.5,36.7,16.9,0.0,36.4,17.2,0.0,35.0,15.9,0.4,37.7,24.4,1.1,38.3,10.6,5.9,35.9,16.2,DEMO / SIMULATED DATA - Atmospheric Dynamics Prototype
2024-02-09,00:00,Maharashtra,19.7515,75.7139,Winter,12 hours,Heavy Rain,89.0,12.2,45.9,93.7,11.6,50.7,91.8,12.1,48.1,87.3,12.6,45.5,82.3,13.4,48.0,85.3,12.5,40.0,86.0,13.6,45.9,88.7,12.3,45.6,94.1,11.2,47.8,DEMO / SIMULATED DATA - Atmospheric Dynamics Prototype
2024-07-17,18:00,Karnataka,15.3173,75.7139,Southwest Monsoon,12 hours,Heavy Rain,83.0,23.1,33.6,64.6,23.5,35.8,79.6,22.7,33.7,80.1,22.8,35.1,81.3,22.9,37.4,79.6,20.6,31.9,81.7,22.5,34.5,78.3,21.4,31.0,79.6,26.5,40.5,DEMO / SIMULATED DATA - Atmospheric Dynamics Prototype
2024-12-12,18:00,Rajasthan,27.0238,74.2179,Post-Monsoon,48 hours,Normal,0.5,24.5,11.9,0.0,26.5,12.9,11.0,21.6,14.2,2.8,25.5,13.4,0.0,25.0,12.7,2.8,25.9,17.3,11.0,24.5,9.4,0.0,25.3,16.3,0.0,27.0,11.3,DEMO / SIMULATED DATA - Atmospheric Dynamics Prototype
2024-06-08,12:00,Odisha,20.9517,85.0985,Southwest Monsoon,6 hours,Storm/Cyclone,94.7,25.5,73.9,86.2,24.7,80.1,97.2,26.1,75.7,93.6,25.5,71.5,95.9,27.2,74.0,96.5,24.1,71.7,90.2,27.0,65.7,93.0,21.5,70.8,92.3,27.6,75.5,DEMO / SIMULATED DATA - Atmospheric Dynamics Prototype
2024-06-12,18:00,Tamil Nadu,11.1271,78.6569,Southwest Monsoon,12 hours,Heavy Rain,103.9,23.1,35.4,100.7,22.3,34.3,103.9,22.5,39.4,99.3,23.8,36.6,99.8,23.1,36.3,104.0,22.9,34.3,100.7,22.1,39.3,101.9,26.2,38.0,90.1,24.5,35.2,DEMO / SIMULATED DATA - Atmospheric Dynamics Prototype
2024-12-26,00:00,Telangana,18.1124,79.0193,Post-Monsoon,72 hours,Normal,0.1,21.0,14.7,0.0,22.9,10.8,0.0,19.0,10.6,3.4,19.9,14.2,0.0,21.6,18.7,2.2,20.9,16.9,0.0,21.1,13.0,6.2,15.2,1.5,8.5,20.5,21.1,DEMO / SIMULATED DATA - Atmospheric Dynamics Prototype
2024-10-15,12:00,Maharashtra,19.7515,75.7139,Post-Monsoon,72 hours,Heat Wave,0.0,44.9,16.1,0.1,43.8,20.0,0.0,46.3,17.5,2.6,46.5,15.8,0.0,45.6,18.2,6.2,46.5,18.4,0.0,49.7,8.5,6.9,45.9,8.8,0.0,44.7,25.3,DEMO / SIMULATED DATA - Atmospheric Dynamics Prototype
2024-05-31,06:00,Tamil Nadu,11.1271,78.6569,Summer,6 hours,Normal,0.5,33.2,19.3,0.1,33.1,22.3,4.8,33.4,20.8,1.4,33.8,18.7,1.4,34.0,18.3,3.9,34.3,22.2,0.0,33.0,20.1,0.0,35.4,19.3,1.9,32.3,13.8,DEMO / SIMULATED DATA - Atmospheric Dynamics Prototype
2024-08-27,06:00,Tamil Nadu,11.1271,78.6569,Southwest Monsoon,12 hours,High Wind,9.4,28.0,48.3,12.8,26.9,53.8,10.5,27.8,49.1,7.6,28.5,47.5,15.1,28.7,46.6,9.3,28.1,50.2,10.4,30.4,47.5,1.5,28.3,46.6,1.6,26.9,46.7,DEMO / SIMULATED DATA - Atmospheric Dynamics Prototype
2024-02-11,12:00,Odisha,20.9517,85.0985,Winter,24 hours,Normal,0.0,26.6,26.9,0.0,26.3,30.1,1.3,27.6,26.5,1.0,27.4,28.1,2.2,27.3,26.0,0.0,26.6,22.9,0.0,28.7,30.8,0.0,26.6,31.1,2.6,28.0,29.5,DEMO / SIMULATED DATA - Atmospheric Dynamics Prototype
2024-03-15,00:00,Andhra Pradesh,15.9129,79.74,Summer,6 hours,Normal,0.0,30.8,19.9,0.0,28.7,17.9,2.2,29.4,17.6,2.6,31.2,19.9,0.4,32.0,22.1,4.8,31.0,19.3,3.1,29.7,16.8,0.0,32.3,16.8,4.9,31.0,24.5,DEMO / SIMULATED DATA - Atmospheric Dynamics Prototype
2024-09-15,12:00,Karnataka,15.3173,75.7139,Southwest Monsoon,48 hours,Heavy Rain,85.4,26.5,48.8,99.9,26.9,44.7,89.3,26.9,45.8,85.6,26.1,53.8,85.2,26.2,52.0,88.5,23.4,56.2,83.9,29.4,52.1,86.9,26.3,63.4,83.5,25.0,45.3,DEMO / SIMULATED DATA - Atmospheric Dynamics Prototype
2024-02-11,00:00,Rajasthan,27.0238,74.2179,Winter,48 hours,Heavy Rain,122.7,8.0,42.0,124.8,8.5,46.2,124.0,8.5,49.5,123.9,6.7,41.7,123.5,7.3,37.7,123.2,7.5,45.2,131.2,6.3,37.9,122.6,6.4,40.8,119.0,5.8,46.9,DEMO / SIMULATED DATA - Atmospheric Dynamics Prototype
2024-09-25,00:00,Karnataka,15.3173,75.7139,Southwest Monsoon,6 hours,Heat Wave,0.0,46.6,13.9,0.0,47.8,8.3,2.4,46.5,16.0,2.4,46.8,12.8,0.6,47.8,11.0,1.0,45.1,15.0,1.2,46.3,11.4,0.0,46.7,14.9,9.4,47.9,11.5,DEMO / SIMULATED DATA - Atmospheric Dynamics Prototype
2024-02-19,12:00,Telangana,18.1124,79.0193,Winter,6 hours,Heat Wave,0.0,48.0,12.4,0.0,48.9,6.8,0.0,47.0,11.9,1.6,48.2,15.7,0.0,47.7,14.2,0.3,48.8,16.8,7.8,47.8,14.1,0.0,49.4,15.4,0.0,47.2,18.2,DEMO / SIMULATED DATA - Atmospheric Dynamics Prototype
2024-07-20,00:00,Rajasthan,27.0238,74.2179,Southwest Monsoon,48 hours,Heat Wave,0.0,48.1,12.2,5.5,49.3,8.9,0.0,46.6,12.7,2.0,48.0,12.9,0.0,47.0,10.7,4.8,47.9,16.1,1.0,47.3,10.2,0.0,52.8,18.1,4.2,45.2,9.5,DEMO / SIMULATED DATA - Atmospheric Dynamics Prototype
2024-11-28,06:00,Tamil Nadu,11.1271,78.6569,Northeast Monsoon,48 hours,Heavy Rain,86.0,21.2,34.3,65.7,24.7,32.2,81.7,24.4,38.8,85.1,20.3,35.3,91.2,21.0,34.5,83.3,20.2,35.9,84.0,24.9,38.2,97.6,16.9,44.3,69.4,18.4,23.8,DEMO / SIMULATED DATA - Atmospheric Dynamics Prototype
2024-08-14,00:00,Kerala,10.8505,76.2711,Southwest Monsoon,48 hours,Heavy Rain,102.0,20.1,43.0,98.7,20.0,37.6,104.2,19.6,46.9,95.7,21.4,44.5,97.0,19.7,39.3,97.0,21.0,47.4,89.5,23.2,49.5,93.7,21.7,40.6,101.3,21.4,45.9,DEMO / SIMULATED DATA - Atmospheric Dynamics Prototype
2024-12-03,06:00,Karnataka,15.3173,75.7139,Post-Monsoon,24 hours,Normal,0.0,27.0,9.1,8.0,28.1,13.8,0.0,26.2,9.2,0.5,27.7,8.0,0.0,29.2,8.7,2.4,29.0,5.6,0.0,27.7,11.7,0.0,25.1,10.5,0.0,27.6,3.5,DEMO / SIMULATED DATA - Atmospheric Dynamics Prototype
2024-02-10,18:00,Odisha,20.9517,85.0985,Winter,24 hours,Normal,1.0,21.1,21.4,0.0,22.1,14.1,0.0,21.3,20.8,2.6,21.6,24.0,1.1,23.0,21.4,3.7,21.0,21.1,0.0,21.6,31.0,1.4,20.7,26.4,6.9,21.9,19.9,DEMO / SIMULATED DATA - Atmospheric Dynamics Prototype
2024-04-16,00:00,Maharashtra,19.7515,75.7139,Summer,48 hours,Heavy Rain,110.7,22.8,51.5,104.1,18.5,44.4,106.1,21.5,58.0,110.5,22.5,54.9,103.5,21.1,53.0,111.8,22.3,59.5,114.0,24.9,51.3,107.3,21.8,56.4,116.1,22.3,54.3,DEMO / SIMULATED DATA - Atmospheric Dynamics Prototype
2024-09-23,12:00,Andhra Pradesh,15.9129,79.74,Southwest Monsoon,6 hours,Normal,6.8,34.2,19.9,2.0,35.4,27.9,5.0,33.2,19.5,4.5,34.2,17.6,6.1,34.7,20.4,5.9,34.3,16.8,9.9,36.1,16.1,0.0,33.7,15.4,0.6,32.1,19.1,DEMO / SIMULATED DATA - Atmospheric Dynamics Prototype
2024-04-05,00:00,Karnataka,15.3173,75.7139,Summer,24 hours,Normal,0.0,31.2,21.0,6.2,33.5,19.1,1.1,30.8,18.9,2.5,31.8,21.0,4.9,31.8,24.4,0.0,31.5,22.6,0.0,33.3,20.1,2.3,30.3,15.8,5.3,31.9,22.2,DEMO / SIMULATED DATA - Atmospheric Dynamics Prototype
2024-02-23,18:00,Andhra Pradesh,15.9129,79.74,Winter,48 hours,Heavy Rain,64.6,16.5,50.3,49.4,17.7,52.0,55.9,18.6,59.1,59.2,16.3,50.8,64.2,19.2,47.6,58.8,15.0,51.3,55.1,16.0,63.8,55.3,15.4,44.8,62.6,15.7,46.3,DEMO / SIMULATED DATA - Atmospheric Dynamics Prototype
2024-10-26,06:00,Telangana,18.1124,79.0193,Post-Monsoon,24 hours,High Wind,1.9,21.3,61.9,0.0,21.3,61.4,4.6,21.5,61.1,1.4,21.4,58.4,0.0,19.6,59.0,7.0,22.3,62.8,0.0,23.0,58.1,0.0,21.2,52.4,0.0,20.9,59.6,DEMO / SIMULATED DATA - Atmospheric Dynamics Prototype
2024-10-06,06:00,Karnataka,15.3173,75.7139,Post-Monsoon,72 hours,Heavy Rain,109.0,21.4,35.5,94.5,24.4,26.4,100.1,21.3,36.5,106.8,20.3,36.3,106.6,20.3,32.5,108.7,22.4,35.3,108.1,17.9,40.2,108.6,20.4,37.1,102.1,20.3,36.3,DEMO / SIMULATED DATA - Atmospheric Dynamics Prototype
2024-12-21,18:00,Karnataka,15.3173,75.7139,Post-Monsoon,72 hours,Normal,0.0,26.8,21.4,0.0,26.3,18.8,0.0,24.4,18.5,0.9,25.8,21.6,2.4,26.3,15.1,0.0,25.0,22.6,2.0,23.5,25.5,0.0,30.4,21.1,0.0,23.9,23.8,DEMO / SIMULATED DATA - Atmospheric Dynamics Prototype
2024-10-22,06:00,Maharashtra,19.7515,75.7139,Post-Monsoon,48 hours,Normal,0.0,26.8,23.7,,23.8,26.4,0.0,29.2,19.3,3.2,27.8,25.5,11.2,28.5,21.1,0.1,27.9,26.8,2.4,28.9,23.1,0.0,26.1,28.2,2.5,27.4,28.5,DEMO / SIMULATED DATA - Atmospheric Dynamics Prototype
2024-03-26,12:00,Telangana,18.1124,79.0193,Summer,72 hours,Heat Wave,0.0,49.7,14.1,0.5,50.8,24.7,4.3,50.6,15.7,0.0,49.2,14.1,0.0,49.7,11.4,0.0,45.8,16.1,0.0,49.0,15.3,0.0,54.1,13.5,0.0,47.2,14.3,DEMO / SIMULATED DATA - Atmospheric Dynamics Prototype
2024-09-03,06:00,Maharashtra,19.7515,75.7139,Southwest Monsoon,24 hours,Normal,15.8,31.0,12.2,14.8,30.6,16.8,16.6,32.2,14.9,19.0,30.4,15.5,14.4,29.2,15.9,20.9,29.4,17.1,17.5,31.2,18.3,22.7,32.0,14.3,19.4,30.3,11.9,DEMO / SIMULATED DATA - Atmospheric Dynamics Prototype
2024-02-01,00:00,Tamil Nadu,11.1271,78.6569,Winter,12 hours,High Wind,18.7,15.8,63.7,21.7,13.8,59.4,17.0,16.0,62.1,17.4,16.6,66.8,17.8,16.5,68.6,21.3,16.7,63.2,15.2,15.4,63.5,13.4,17.0,69.6,19.3,17.6,69.0,DEMO / SIMULATED DATA - Atmospheric Dynamics Prototype
2024-12-30,12:00,Tamil Nadu,11.1271,78.6569,Northeast Monsoon,24 hours,Normal,13.5,29.6,23.7,23.4,29.9,19.3,14.7,28.9,26.3,12.7,29.8,20.9,12.8,30.3,26.1,15.5,31.7,24.3,11.3,26.7,15.0,16.8,29.3,20.1,7.1,30.9,18.8,DEMO / SIMULATED DATA - Atmospheric Dynamics Prototype
2024-10-02,00:00,Odisha,20.9517,85.0985,Post-Monsoon,6 hours,Storm/Cyclone,173.0,24.2,99.3,146.1,24.8,99.9,172.7,23.5,99.3,174.2,24.1,98.7,173.0,24.2,100.5,173.6,23.9,96.6,178.1,26.5,104.9,176.0,21.9,92.7,170.3,24.1,98.9,DEMO / SIMULATED DATA - Atmospheric Dynamics Prototype
2024-08-04,06:00,Odisha,20.9517,85.0985,Southwest Monsoon,48 hours,Heavy Rain,95.7,20.2,42.5,99.5,20.7,40.1,96.6,21.8,44.7,94.4,20.0,45.3,97.9,18.2,49.4,88.2,20.4,41.9,95.1,21.7,39.2,93.0,18.0,48.4,97.6,21.6,47.4,DEMO / SIMULATED DATA - Atmospheric Dynamics Prototype
2024-09-26,00:00,Tamil Nadu,11.1271,78.6569,Southwest Monsoon,24 hours,Heavy Rain,141.5,23.5,47.2,130.9,24.6,50.3,139.6,24.0,49.5,139.2,23.0,45.0,138.0,23.7,47.0,141.5,22.4,41.3,138.2,22.3,48.5,143.4,24.0,41.1,135.0,22.4,47.3,DEMO / SIMULATED DATA - Atmospheric Dynamics Prototype
2024-08-13,06:00,Tamil Nadu,11.1271,78.6569,Southwest Monsoon,24 hours,Heavy Rain,88.7,23.2,38.8,92.0,21.9,42.7,89.5,23.3,37.8,90.2,22.4,40.9,85.3,22.8,37.6,91.9,21.2,43.6,95.5,22.3,44.1,83.6,25.0,35.2,94.7,20.6,44.1,DEMO / SIMULATED DATA - Atmospheric Dynamics Prototype
2024-04-12,06:00,Odisha,20.9517,85.0985,Summer,24 hours,Storm/Cyclone,138.0,22.8,90.3,128.5,23.0,95.8,139.4,22.5,89.1,136.2,23.3,88.1,133.9,22.9,86.6,141.4,23.5,92.1,132.1,22.6,88.8,138.5,23.6,88.1,135.3,24.0,84.7,DEMO / SIMULATED DATA - Atmospheric Dynamics Prototype
2024-04-16,00:00,Karnataka,15.3173,75.7139,Summer,12 hours,Normal,0.7,29.2,16.6,0.0,28.4,24.0,1.7,29.4,15.6,2.5,29.6,16.3,3.1,31.1,16.8,0.0,29.1,15.7,0.7,28.4,13.6,0.6,29.3,15.5,8.2,29.9,19.9,DEMO / SIMULATED DATA - Atmospheric Dynamics Prototype
2024-06-10,12:00,Tamil Nadu,11.1271,78.6569,Southwest Monsoon,6 hours,Heavy Rain,133.1,24.3,40.4,115.6,26.5,46.5,132.5,25.6,38.4,134.2,24.1,39.2,135.7,24.3,36.4,131.1,24.1,42.5,131.3,24.0,42.1,135.2,24.2,39.3,137.7,23.8,35.5,DEMO / SIMULATED DATA - Atmospheric Dynamics Prototype
2024-03-24,18:00,Tamil Nadu,11.1271,78.6569,Summer,24 hours,Normal,0.0,33.8,17.7,0.0,34.8,17.9,0.4,33.3,21.6,1.8,33.0,18.4,8.8,33.5,18.6,0.4,33.5,15.0,0.0,32.2,19.2,0.0,29.7,19.6,0.0,36.2,19.5,DEMO / SIMULATED DATA - Atmospheric Dynamics Prototype
2024-08-31,18:00,Telangana,18.1124,79.0193,Southwest Monsoon,24 hours,Heat Wave,0.0,44.8,13.4,0.0,45.2,9.8,0.0,43.7,16.4,1.8,45.2,14.3,6.8,44.9,17.4,0.0,44.8,15.5,0.0,44.6,12.3,2.2,44.9,10.2,0.0,46.8,16.1,DEMO / SIMULATED DATA - Atmospheric Dynamics Prototype
2024-08-07,00:00,Telangana,18.1124,79.0193,Southwest Monsoon,72 hours,Heavy Rain,117.6,20.2,40.7,82.7,18.7,37.7,113.1,20.8,48.2,116.2,18.9,40.8,116.3,19.1,43.8,116.1,20.4,39.2,119.7,18.2,44.6,117.4,18.5,44.0,111.3,18.3,32.3,DEMO / SIMULATED DATA - Atmospheric Dynamics Prototype
2024-07-17,06:00,Odisha,20.9517,85.0985,Southwest Monsoon,12 hours,Heavy Rain,68.6,23.7,41.5,39.6,24.7,33.7,65.7,23.9,41.7,66.7,23.7,40.1,69.5,23.7,40.7,64.8,23.0,40.7,61.1,22.7,40.2,65.5,23.2,44.1,72.7,26.1,34.8,DEMO / SIMULATED DATA - Atmospheric Dynamics Prototype
2024-05-27,12:00,Andhra Pradesh,15.9129,79.74,Summer,12 hours,Heavy Rain,55.6,33.1,44.5,32.1,36.1,41.6,57.0,32.0,43.8,55.6,33.1,42.4,51.3,32.1,42.3,57.2,33.0,52.3,60.1,34.5,46.2,56.9,34.8,35.2,52.4,30.9,36.2,DEMO / SIMULATED DATA - Atmospheric Dynamics Prototype
2024-09-05,18:00,Kerala,10.8505,76.2711,Southwest Monsoon,48 hours,Heavy Rain,79.4,24.5,34.8,70.0,22.5,34.0,81.9,25.4,46.3,80.8,25.3,36.5,81.1,25.9,35.0,87.1,27.9,36.9,74.1,23.6,36.1,82.2,25.9,37.2,79.4,23.1,37.2,DEMO / SIMULATED DATA - Atmospheric Dynamics Prototype
2024-08-28,00:00,Kerala,10.8505,76.2711,Southwest Monsoon,12 hours,High Wind,17.9,27.6,52.1,16.0,29.2,50.2,15.8,29.0,51.1,17.0,27.5,50.7,18.3,28.0,49.4,22.1,28.3,56.6,15.2,27.7,52.2,19.1,25.5,52.5,10.5,28.2,42.7,DEMO / SIMULATED DATA - Atmospheric Dynamics Prototype
2024-10-26,18:00,Tamil Nadu,11.1271,78.6569,Northeast Monsoon,24 hours,Heavy Rain,110.9,22.5,52.0,118.5,23.0,55.9,110.5,24.4,,107.5,23.2,50.2,116.3,22.4,47.6,112.7,22.9,48.6,106.8,22.5,53.3,98.3,24.2,49.8,103.2,24.2,51.9,DEMO / SIMULATED DATA - Atmospheric Dynamics Prototype
2024-02-28,00:00,Tamil Nadu,11.1271,78.6569,Winter,48 hours,Normal,0.0,18.7,19.9,0.0,18.9,23.5,15.2,18.8,13.9,3.7,20.1,23.2,1.5,18.1,26.0,0.0,18.7,22.3,2.6,21.0,23.0,14.5,19.6,26.8,0.0,23.0,17.8,DEMO / SIMULATED DATA - Atmospheric Dynamics Prototype
2024-01-17,06:00,Karnataka,15.3173,75.7139,Winter,6 hours,Heavy Rain,99.5,14.2,33.6,110.7,14.0,30.9,100.1,14.0,34.9,102.8,14.5,36.6,97.4,13.4,36.5,106.7,16.0,33.4,103.4,13.4,35.2,97.0,15.9,37.7,109.6,13.9,40.2,DEMO / SIMULATED DATA - Atmospheric Dynamics Prototype
2024-04-15,06:00,Tamil Nadu,11.1271,78.6569,Summer,48 hours,Heavy Rain,90.2,31.8,47.6,102.2,32.8,46.4,79.9,31.2,56.5,94.4,30.3,48.9,87.2,31.3,50.8,93.0,29.9,47.2,97.8,31.8,54.2,99.4,30.0,46.0,94.8,28.4,46.3,DEMO / SIMULATED DATA - Atmospheric Dynamics Prototype
2024-09-09,00:00,Andhra Pradesh,15.9129,79.74,Southwest Monsoon,12 hours,High Wind,21.8,32.6,70.6,21.4,32.8,75.5,22.0,32.7,70.0,23.9,33.3,70.0,23.2,32.2,67.7,23.3,34.7,69.8,17.7,35.0,70.8,26.1,31.6,70.6,29.0,32.8,71.2,DEMO / SIMULATED DATA - Atmospheric Dynamics Prototype
2024-09-13,00:00,Kerala,10.8505,76.2711,Southwest Monsoon,12 hours,Heavy Rain,91.4,16.7,34.8,87.5,14.4,29.9,89.1,17.1,31.7,90.9,16.2,34.4,88.9,15.7,35.6,95.2,16.9,40.6,92.0,16.6,32.1,92.3,15.5,31.0,86.2,16.3,32.6,DEMO / SIMULATED DATA - Atmospheric Dynamics Prototype
2024-07-27,12:00,Maharashtra,19.7515,75.7139,Southwest Monsoon,6 hours,High Wind,21.3,33.5,72.2,22.2,32.9,74.5,22.0,34.4,68.1,21.1,33.3,73.4,21.4,32.9,71.0,23.1,32.1,72.6,21.4,32.3,72.7,18.0,36.5,76.6,21.6,32.8,74.3,DEMO / SIMULATED DATA - Atmospheric Dynamics Prototype
2024-04-08,12:00,Tamil Nadu,11.1271,78.6569,Summer,48 hours,Heavy Rain,53.0,34.3,51.1,53.5,35.6,58.3,59.2,35.3,44.4,50.3,33.3,50.1,57.5,35.3,50.3,53.1,34.4,49.4,43.6,32.4,46.9,40.9,32.1,57.1,56.4,32.2,47.0,DEMO / SIMULATED DATA - Atmospheric Dynamics Prototype
2024-05-30,12:00,Karnataka,15.3173,75.7139,Summer,48 hours,Normal,0.4,38.6,22.7,0.0,37.0,18.7,0.0,40.9,22.8,4.8,38.8,22.4,2.5,40.4,15.1,6.2,38.7,24.4,0.0,37.3,24.9,15.1,40.5,29.4,0.0,37.3,18.0,DEMO / SIMULATED DATA - Atmospheric Dynamics Prototype
2024-06-21,06:00,Rajasthan,27.0238,74.2179,Southwest Monsoon,12 hours,Heavy Rain,139.3,23.5,28.2,139.2,23.5,25.9,134.3,23.1,26.0,138.4,22.9,29.3,140.6,24.3,30.4,141.9,23.4,26.7,136.3,21.6,31.6,138.5,21.7,25.0,134.8,23.6,32.9,DEMO / SIMULATED DATA - Atmospheric Dynamics Prototype
2024-03-08,06:00,Rajasthan,27.0238,74.2179,Summer,12 hours,High Wind,16.4,41.2,57.4,18.5,41.3,62.4,17.8,41.5,58.9,18.7,41.1,56.9,11.5,41.4,57.2,20.3,40.5,58.0,24.0,41.2,52.9,26.3,40.2,53.3,11.2,42.4,63.1,DEMO / SIMULATED DATA - Atmospheric Dynamics Prototype
2024-01-03,18:00,Karnataka,15.3173,75.7139,Winter,12 hours,High Wind,13.0,24.4,52.1,12.0,24.8,49.2,11.5,25.2,49.7,11.4,25.0,52.5,10.3,24.4,50.3,10.0,24.5,47.8,9.0,27.0,53.7,9.6,25.0,54.3,18.1,24.2,56.4,DEMO / SIMULATED DATA - Atmospheric Dynamics Prototype
2024-01-31,06:00,Rajasthan,27.0238,74.2179,Winter,72 hours,Heat Wave,0.0,45.6,10.3,16.6,46.1,3.1,10.9,46.8,12.8,5.7,45.5,8.8,7.0,44.0,7.6,3.2,44.4,8.8,8.0,46.5,3.9,3.0,48.4,11.4,7.1,44.3,12.1,DEMO / SIMULATED DATA - Atmospheric Dynamics Prototype
2024-08-08,06:00,Maharashtra,19.7515,75.7139,Southwest Monsoon,6 hours,Heavy Rain,116.9,22.0,47.4,102.8,23.1,47.9,114.0,22.1,45.5,117.9,22.6,47.3,117.3,21.3,47.5,119.3,21.9,46.3,117.7,22.8,43.9,118.0,23.8,49.5,117.2,23.0,49.3,DEMO / SIMULATED DATA - Atmospheric Dynamics Prototype
2024-12-05,12:00,Kerala,10.8505,76.2711,Post-Monsoon,6 hours,Heat Wave,0.0,45.3,20.3,0.7,47.0,18.2,0.0,46.3,22.0,2.0,45.2,21.3,3.1,46.3,20.3,0.0,45.2,21.8,1.0,43.2,19.9,6.1,45.3,28.5,0.0,45.8,16.2,DEMO / SIMULATED DATA - Atmospheric Dynamics Prototype
2024-02-29,06:00,Rajasthan,27.0238,74.2179,Winter,24 hours,Normal,0.0,14.0,11.0,0.0,14.0,10.0,2.1,12.5,8.9,2.5,13.4,9.1,2.6,13.5,9.0,0.0,14.9,13.2,4.2,12.4,6.4,5.8,14.3,8.4,0.0,11.8,8.4,DEMO / SIMULATED DATA - Atmospheric Dynamics Prototype
2024-03-24,06:00,Telangana,18.1124,79.0193,Summer,6 hours,Normal,0.0,42.8,11.6,0.0,41.4,11.9,1.5,42.1,8.2,1.5,42.6,8.3,0.0,44.0,10.9,0.0,42.0,13.2,0.0,41.9,8.3,1.6,43.2,7.0,6.0,41.8,2.3,DEMO / SIMULATED DATA - Atmospheric Dynamics Prototype
2024-07-01,12:00,Karnataka,15.3173,75.7139,Southwest Monsoon,72 hours,Heavy Rain,139.8,30.4,47.0,104.5,31.7,40.6,138.4,31.3,42.8,140.6,30.6,45.0,136.2,30.0,39.3,134.3,28.6,45.9,133.8,29.4,44.6,155.2,32.2,46.3,143.5,32.8,49.0,DEMO / SIMULATED DATA - Atmospheric Dynamics Prototype
2024-02-27,00:00,Odisha,20.9517,85.0985,Winter,72 hours,Normal,0.0,15.0,21.1,0.0,17.3,16.1,0.0,13.5,17.0,1.2,14.9,23.4,0.0,15.5,18.1,0.6,15.2,23.6,0.0,16.6,23.1,2.3,13.7,22.8,2.9,13.5,29.5,DEMO / SIMULATED DATA - Atmospheric Dynamics Prototype
2024-05-20,06:00,Maharashtra,19.7515,75.7139,Summer,6 hours,Normal,0.0,39.2,14.5,3.7,39.1,21.7,0.0,39.5,12.5,1.2,39.8,14.3,0.0,39.3,9.8,0.0,39.8,16.1,0.0,38.8,6.9,0.0,40.9,19.3,6.2,40.0,19.3,DEMO / SIMULATED DATA - Atmospheric Dynamics Prototype
2024-09-29,06:00,Rajasthan,27.0238,74.2179,Southwest Monsoon,48 hours,Storm/Cyclone,176.3,22.4,80.5,164.5,20.4,77.9,173.8,25.1,78.8,171.6,21.6,78.8,174.3,22.3,75.0,165.5,20.4,81.8,176.3,23.9,73.5,175.0,19.3,81.9,166.7,21.9,81.7,DEMO / SIMULATED DATA - Atmospheric Dynamics Prototype
2024-06-26,00:00,Tamil Nadu,11.1271,78.6569,Southwest Monsoon,6 hours,Heavy Rain,85.6,22.5,48.4,96.8,22.1,54.1,83.7,22.6,49.5,84.7,22.3,48.5,89.6,20.9,53.5,89.3,22.9,46.2,82.3,22.8,50.0,87.2,22.7,50.0,75.0,22.1,42.6,DEMO / SIMULATED DATA - Atmospheric Dynamics Prototype
2024-05-23,00:00,Rajasthan,27.0238,74.2179,Summer,48 hours,Normal,0.9,37.4,9.8,0.0,40.2,14.7,5.0,35.6,1.0,6.5,37.1,9.5,5.5,39.7,4.1,11.1,37.2,10.5,0.0,34.4,1.0,7.3,37.2,12.2,8.8,37.2,19.9,DEMO / SIMULATED DATA - Atmospheric Dynamics Prototype
2024-10-24,00:00,Telangana,18.1124,79.0193,Post-Monsoon,24 hours,Normal,1.3,22.2,6.7,0.0,24.1,2.8,0.3,21.4,7.3,0.9,21.7,6.7,0.0,22.9,5.2,3.3,21.1,10.7,0.0,22.3,2.2,1.2,20.4,6.5,0.0,21.9,9.0,DEMO / SIMULATED DATA - Atmospheric Dynamics Prototype
2024-12-19,18:00,Maharashtra,19.7515,75.7139,Post-Monsoon,24 hours,Heavy Rain,103.7,21.2,42.8,86.4,20.1,37.3,102.5,20.8,37.5,105.7,21.8,43.2,105.9,23.4,44.4,102.9,21.1,41.4,104.1,21.1,39.6,112.3,18.8,45.9,103.1,24.6,44.5,DEMO / SIMULATED DATA - Atmospheric Dynamics Prototype
2024-05-19,00:00,Kerala,10.8505,76.2711,Summer,12 hours,Heavy Rain,83.5,26.4,33.1,57.2,27.6,33.9,87.1,26.4,38.1,81.4,25.7,32.2,80.9,26.1,34.1,81.1,26.8,32.8,82.8,26.2,35.5,81.9,24.8,33.4,80.2,24.8,25.4,DEMO / SIMULATED DATA - Atmospheric Dynamics Prototype
2024-10-29,12:00,Maharashtra,19.7515,75.7139,Post-Monsoon,6 hours,Heat Wave,0.0,46.0,15.2,0.0,45.0,14.4,0.9,46.9,15.9,2.1,46.5,14.8,5.9,46.1,15.4,1.1,46.4,16.2,0.0,47.0,23.2,0.0,45.9,10.1,3.6,47.1,8.9,DEMO / SIMULATED DATA - Atmospheric Dynamics Prototype
2024-09-17,12:00,Kerala,10.8505,76.2711,Southwest Monsoon,72 hours,Normal,12.3,32.0,13.9,11.3,31.2,20.1,17.4,33.3,8.4,14.6,31.6,14.1,15.3,33.3,16.4,5.4,30.1,21.9,24.5,31.9,13.5,13.4,33.3,4.9,14.2,29.3,13.8,DEMO / SIMULATED DATA - Atmospheric Dynamics Prototype
2024-07-27,00:00,Andhra Pradesh,15.9129,79.74,Southwest Monsoon,72 hours,Normal,5.2,22.9,23.8,0.0,17.9,27.4,3.0,22.8,24.9,6.1,23.6,22.3,10.8,25.5,24.8,0.0,23.1,26.5,11.5,23.2,20.8,0.0,22.6,14.5,8.4,23.4,25.0,DEMO / SIMULATED DATA - Atmospheric Dynamics Prototype
2024-07-08,00:00,Rajasthan,27.0238,74.2179,Southwest Monsoon,72 hours,Heat Wave,0.0,46.0,10.7,8.2,46.7,10.2,0.0,47.0,13.9,0.8,46.8,12.7,0.0,46.4,7.8,2.4,44.8,14.2,0.0,49.3,10.9,1.7,42.8,19.4,0.0,50.5,11.0,DEMO / SIMULATED DATA - Atmospheric Dynamics Prototype
2024-04-11,06:00,Telangana,18.1124,79.0193,Summer,24 hours,High Wind,0.7,42.2,44.7,,42.2,46.0,6.2,41.9,49.3,3.9,40.9,44.4,3.3,42.6,46.2,0.0,41.9,42.5,10.1,41.7,44.6,0.5,40.1,42.3,5.4,38.3,46.2,DEMO / SIMULATED DATA - Atmospheric Dynamics Prototype
2024-06-10,06:00,Telangana,18.1124,79.0193,Southwest Monsoon,48 hours,Normal,4.2,30.3,8.2,6.8,27.5,5.5,3.5,30.8,6.9,6.0,30.6,10.0,8.1,30.4,9.6,1.5,31.0,15.8,7.0,32.2,6.9,9.9,32.3,9.5,3.7,27.0,8.0,DEMO / SIMULATED DATA - Atmospheric Dynamics Prototype
2024-03-09,06:00,Telangana,18.1124,79.0193,Summer,12 hours,High Wind,14.0,39.8,65.8,14.2,40.2,71.0,12.8,41.3,65.9,11.7,39.7,63.1,10.7,39.5,63.2,13.4,40.3,66.6,9.5,38.2,67.2,16.9,39.1,55.9,8.0,41.4,62.5,DEMO / SIMULATED DATA - Atmospheric Dynamics Prototype
2024-01-11,18:00,Rajasthan,27.0238,74.2179,Winter,12 hours,Normal,0.0,16.1,10.4,0.0,14.9,15.1,0.1,15.3,11.5,1.8,16.1,10.3,0.0,15.1,10.6,0.0,14.3,7.3,7.4,16.2,15.0,1.4,17.9,12.6,0.0,17.1,6.2,DEMO / SIMULATED DATA - Atmospheric Dynamics Prototype
2024-08-23,18:00,Andhra Pradesh,15.9129,79.74,Southwest Monsoon,48 hours,High Wind,12.0,25.1,55.6,9.3,27.7,47.9,16.4,26.0,56.8,11.2,25.0,55.0,16.4,25.1,60.5,11.1,25.6,55.0,7.0,22.8,58.2,20.3,25.6,58.3,1.2,25.9,43.2,DEMO / SIMULATED DATA - Atmospheric Dynamics Prototype
2024-05-08,00:00,Karnataka,15.3173,75.7139,Summer,12 hours,Storm/Cyclone,152.5,25.5,97.1,138.0,27.1,96.9,152.1,25.4,97.8,149.3,25.5,96.2,149.2,25.3,97.8,148.2,25.7,94.5,153.7,28.2,96.7,147.6,25.8,99.0,147.7,22.7,93.0,DEMO / SIMULATED DATA - Atmospheric Dynamics Prototype
2024-02-29,06:00,Telangana,18.1124,79.0193,Winter,48 hours,Heat Wave,0.0,46.8,6.8,0.0,47.5,4.0,2.9,44.5,1.0,0.7,47.3,8.6,0.0,48.8,2.4,0.0,44.7,7.9,1.2,44.4,12.7,0.0,49.9,14.1,2.1,48.8,5.7,DEMO / SIMULATED DATA - Atmospheric Dynamics Prototype
2024-01-10,00:00,Rajasthan,27.0238,74.2179,Winter,48 hours,Normal,0.1,8.7,12.0,0.0,10.5,14.0,4.2,9.3,22.0,1.7,8.8,10.3,3.9,10.7,9.1,0.0,5.2,10.5,0.0,9.4,9.6,4.6,10.0,9.5,0.0,8.8,12.6,DEMO / SIMULATED DATA - Atmospheric Dynamics Prototype
2024-10-12,00:00,Rajasthan,27.0238,74.2179,Post-Monsoon,48 hours,Normal,2.6,23.9,5.3,7.3,24.1,14.0,0.0,24.2,10.1,3.2,22.9,5.8,8.2,24.8,2.0,0.0,23.7,6.7,7.7,22.1,8.1,0.0,22.5,9.9,0.0,21.5,2.2,DEMO / SIMULATED DATA - Atmospheric Dynamics Prototype
2024-05-17,18:00,Tamil Nadu,11.1271,78.6569,Summer,12 hours,Normal,0.1,34.8,22.5,3.4,36.2,26.1,0.9,34.3,23.5,1.6,34.4,22.5,0.9,35.6,24.0,0.4,35.3,24.0,4.4,37.0,24.5,2.5,34.5,21.2,0.0,29.6,18.8,DEMO / SIMULATED DATA - Atmospheric Dynamics Prototype
2024-08-20,06:00,Rajasthan,27.0238,74.2179,Southwest Monsoon,48 hours,Normal,8.9,27.5,12.7,0.3,27.8,5.6,9.9,29.8,11.2,10.4,28.0,14.7,4.5,27.4,10.0,11.6,27.3,19.4,15.1,27.2,16.0,6.5,27.6,10.8,14.2,30.6,17.5,DEMO / SIMULATED DATA - Atmospheric Dynamics Prototype
2024-12-17,06:00,Rajasthan,27.0238,74.2179,Post-Monsoon,48 hours,Normal,0.0,29.2,19.2,0.0,28.5,22.5,3.3,28.9,12.5,1.1,29.7,20.7,1.1,29.9,21.5,1.6,28.8,23.1,0.4,28.4,18.4,0.0,28.8,22.8,2.4,32.5,17.6,DEMO / SIMULATED DATA - Atmospheric Dynamics Prototype
2024-09-23,12:00,Maharashtra,19.7515,75.7139,Southwest Monsoon,48 hours,Heavy Rain,122.4,28.3,42.7,107.7,30.4,35.2,123.9,27.3,49.0,122.7,29.4,40.5,124.0,28.1,40.4,134.5,28.7,37.1,118.0,29.0,39.3,118.7,30.2,47.4,118.4,30.9,38.5,DEMO / SIMULATED DATA - Atmospheric Dynamics Prototype
2024-09-26,00:00,Karnataka,15.3173,75.7139,Southwest Monsoon,24 hours,Normal,8.7,27.5,8.7,7.2,27.5,1.0,10.8,27.4,11.4,7.4,27.0,9.0,6.6,28.7,7.5,8.5,27.8,8.6,10.0,24.8,8.2,8.3,24.3,11.5,3.4,29.2,9.1,DEMO / SIMULATED DATA - Atmospheric Dynamics Prototype
2024-10-02,00:00,Kerala,10.8505,76.2711,Post-Monsoon,12 hours,Normal,0.0,22.2,20.4,6.2,22.0,24.2,0.0,23.5,22.8,0.8,22.3,21.5,1.3,20.0,21.5,0.0,22.6,24.1,2.7,23.3,19.1,0.0,21.1,19.1,0.0,24.3,23.6,DEMO / SIMULATED DATA - Atmospheric Dynamics Prototype
2024-01-16,18:00,Odisha,20.9517,85.0985,Winter,12 hours,Normal,0.0,24.5,21.5,0.0,23.2,19.1,0.0,25.7,23.4,2.9,24.5,21.8,2.4,24.6,21.0,1.1,24.6,21.2,1.5,23.2,22.4,0.0,23.5,24.0,9.3,26.6,20.3,DEMO / SIMULATED DATA - Atmospheric Dynamics Prototype
2024-01-16,12:00,Tamil Nadu,11.1271,78.6569,Winter,24 hours,Normal,0.0,23.4,16.6,0.0,24.2,15.6,1.8,22.6,18.2,1.4,23.7,22.0,1.3,21.9,20.6,1.3,24.3,20.3,4.3,23.2,19.4,0.0,24.0,24.2,0.0,25.1,25.4,DEMO / SIMULATED DATA - Atmospheric Dynamics Prototype
2024-08-10,00:00,Telangana,18.1124,79.0193,Southwest Monsoon,48 hours,Normal,4.2,25.7,4.6,12.0,25.3,1.0,8.1,23.9,1.0,2.0,25.3,4.8,2.8,24.3,2.5,3.3,25.5,1.0,2.9,26.7,8.0,1.1,25.3,3.3,0.0,24.5,9.4,DEMO / SIMULATED DATA - Atmospheric Dynamics Prototype
2024-08-29,06:00,Rajasthan,27.0238,74.2179,Southwest Monsoon,72 hours,Normal,6.9,31.5,9.9,6.8,31.7,9.2,0.0,32.3,1.0,6.4,30.6,8.4,6.5,31.6,10.1,0.0,30.3,13.1,7.4,30.1,4.1,12.7,31.6,2.9,5.4,29.4,12.0,DEMO / SIMULATED DATA - Atmospheric Dynamics Prototype
2024-03-08,06:00,Karnataka,15.3173,75.7139,Summer,6 hours,Normal,0.0,36.8,18.6,0.0,37.9,26.4,0.4,37.8,15.8,2.2,36.7,17.6,0.0,36.9,16.7,0.1,37.8,16.2,3.9,34.5,16.8,0.0,35.5,16.6,6.8,38.7,21.6,DEMO / SIMULATED DATA - Atmospheric Dynamics Prototype
2024-12-11,00:00,Karnataka,15.3173,75.7139,Post-Monsoon,24 hours,Heavy Rain,70.6,18.3,45.0,82.4,19.4,34.9,70.6,16.9,42.3,71.9,18.7,44.6,69.0,17.1,50.9,73.9,19.9,44.5,70.7,20.5,46.6,73.7,16.8,41.0,72.1,19.0,40.1,DEMO / SIMULATED DATA - Atmospheric Dynamics Prototype
2024-01-13,06:00,Rajasthan,27.0238,74.2179,Winter,6 hours,Normal,0.0,16.1,6.3,5.7,15.7,3.7,0.0,15.2,7.3,2.4,16.1,6.4,2.6,16.8,9.4,5.5,17.1,4.9,0.6,13.5,8.3,0.6,18.3,3.6,2.5,14.6,5.8,DEMO / SIMULATED DATA - Atmospheric Dynamics Prototype
2024-05-08,12:00,Karnataka,15.3173,75.7139,Summer,48 hours,Heavy Rain,102.3,31.5,34.3,106.4,33.6,27.1,108.6,30.3,33.2,103.2,32.5,35.8,103.3,32.8,39.2,100.8,30.8,32.2,106.5,33.2,38.4,104.0,32.2,33.1,101.3,33.4,35.9,DEMO / SIMULATED DATA - Atmospheric Dynamics Prototype
2024-08-29,18:00,Telangana,18.1124,79.0193,Southwest Monsoon,12 hours,Normal,6.7,27.6,8.2,6.8,26.7,7.3,9.8,27.5,10.2,8.2,28.1,7.5,4.5,28.1,5.8,5.9,28.2,8.2,10.4,28.4,7.2,12.6,28.2,7.2,7.5,27.7,9.1,DEMO / SIMULATED DATA - Atmospheric Dynamics Prototype
2024-02-19,06:00,Telangana,18.1124,79.0193,Winter,12 hours,Normal,0.0,21.3,16.9,5.3,20.7,13.2,0.4,20.3,15.4,2.4,22.3,17.3,3.4,21.4,12.4,0.0,21.5,19.4,0.0,21.9,21.4,8.6,21.8,18.9,0.0,24.7,14.4,DEMO / SIMULATED DATA - Atmospheric Dynamics Prototype
2024-04-29,06:00,Odisha,20.9517,85.0985,Summer,48 hours,High Wind,10.2,33.3,51.7,23.6,34.0,47.5,18.7,32.0,60.9,7.4,33.1,51.8,5.4,33.6,56.6,6.2,33.4,56.2,0.0,34.9,51.3,19.1,31.7,44.4,6.4,32.1,50.5,DEMO / SIMULATED DATA - Atmospheric Dynamics Prototype
2024-04-27,18:00,Rajasthan,27.0238,74.2179,Summer,24 hours,High Wind,3.8,42.0,47.7,14.2,42.3,38.9,2.5,42.1,51.8,6.3,41.8,45.6,7.0,41.1,54.1,3.7,43.5,44.0,0.0,40.0,35.3,14.6,42.3,43.7,6.4,42.3,50.8,DEMO / SIMULATED DATA - Atmospheric Dynamics Prototype
2024-02-21,00:00,Rajasthan,27.0238,74.2179,Winter,48 hours,Normal,1.8,13.7,15.3,6.7,13.9,27.0,0.0,12.2,17.5,2.1,14.7,15.2,0.0,14.3,12.6,0.0,16.4,13.7,0.0,15.7,10.5,0.0,14.8,20.3,10.3,12.1,18.9,DEMO / SIMULATED DATA - Atmospheric Dynamics Prototype
2024-04-08,18:00,Andhra Pradesh,15.9129,79.74,Summer,72 hours,High Wind,0.2,35.3,49.5,0.0,37.4,53.0,0.0,35.9,44.3,3.4,35.7,52.7,5.0,33.3,48.2,2.1,35.4,53.0,0.0,38.6,52.3,10.1,37.3,49.4,0.0,33.8,60.7,DEMO / SIMULATED DATA - Atmospheric Dynamics Prototype
2024-09-05,18:00,Maharashtra,19.7515,75.7139,Southwest Monsoon,24 hours,High Wind,15.6,29.4,67.9,14.3,28.7,71.8,10.8,28.9,70.3,13.9,29.4,70.4,13.0,29.5,72.3,16.2,31.9,72.4,12.7,27.6,65.6,17.5,30.0,70.8,10.3,28.0,70.7,DEMO / SIMULATED DATA - Atmospheric Dynamics Prototype
2024-03-02,12:00,Telangana,18.1124,79.0193,Summer,48 hours,Normal,0.1,43.5,10.8,0.6,45.7,2.1,6.2,41.5,12.2,4.0,43.4,12.0,1.9,43.9,9.7,3.1,41.7,14.4,0.0,44.0,9.2,9.6,44.4,14.3,5.6,43.0,12.5,DEMO / SIMULATED DATA - Atmospheric Dynamics Prototype
2024-07-09,12:00,Karnataka,15.3173,75.7139,Southwest Monsoon,48 hours,Normal,15.2,32.8,15.2,22.4,34.2,10.7,26.8,31.8,15.8,17.5,32.8,17.6,19.6,34.2,12.9,17.6,32.4,16.8,14.5,32.1,10.8,22.5,31.4,23.0,13.2,33.9,24.4,DEMO / SIMULATED DATA - Atmospheric Dynamics Prototype
2024-08-28,06:00,Kerala,10.8505,76.2711,Southwest Monsoon,72 hours,Normal,7.5,27.0,21.2,9.1,28.6,31.9,4.3,27.7,20.3,6.9,28.1,20.2,8.4,26.2,20.6,15.6,27.2,21.5,2.1,29.2,25.8,8.4,31.3,17.9,0.0,26.8,15.3,DEMO / SIMULATED DATA - Atmospheric Dynamics Prototype
2024-10-20,18:00,Tamil Nadu,11.1271,78.6569,Northeast Monsoon,12 hours,High Wind,35.6,31.0,51.2,38.2,31.8,47.7,38.4,30.6,50.8,34.6,31.0,51.7,39.1,30.7,52.0,35.4,31.0,50.8,31.5,31.7,53.4,32.9,30.4,54.8,34.2,31.2,47.3,DEMO / SIMULATED DATA - Atmospheric Dynamics Prototype
2024-04-15,18:00,Maharashtra,19.7515,75.7139,Summer,12 hours,Heavy Rain,116.5,30.2,41.4,122.2,29.4,43.1,116.8,30.1,41.2,118.2,30.6,42.2,114.1,30.2,40.0,115.2,29.9,40.7,120.2,30.0,44.9,123.5,31.4,43.5,118.2,31.6,41.8,DEMO / SIMULATED DATA - Atmospheric Dynamics Prototype
2024-08-08,00:00,Karnataka,15.3173,75.7139,Southwest Monsoon,72 hours,Heavy Rain,147.5,23.2,41.0,155.7,25.1,43.2,152.1,25.9,40.0,143.4,22.1,42.0,142.6,25.0,39.0,143.8,20.2,43.6,137.3,21.7,44.2,152.7,21.7,40.2,140.4,21.8,42.9,DEMO / SIMULATED DATA - Atmospheric Dynamics Prototype
2024-03-17,12:00,Andhra Pradesh,15.9129,79.74,Summer,6 hours,Normal,0.0,41.7,13.1,2.2,42.7,17.9,0.0,41.4,8.9,1.6,41.5,15.5,8.2,41.6,15.4,0.0,42.7,18.2,0.0,40.5,12.7,0.0,41.6,16.1,0.0,41.3,15.3,DEMO / SIMULATED DATA - Atmospheric Dynamics Prototype
2024-06-21,12:00,Kerala,10.8505,76.2711,Southwest Monsoon,12 hours,Heavy Rain,87.7,28.4,46.8,110.9,28.2,43.1,87.0,28.0,47.2,87.9,28.3,47.1,90.2,28.8,50.6,89.0,27.0,45.2,89.3,28.7,51.2,87.7,28.1,40.6,83.5,28.9,47.7,DEMO / SIMULATED DATA - Atmospheric Dynamics Prototype
2024-01-18,12:00,Maharashtra,19.7515,75.7139,Winter,48 hours,High Wind,12.8,26.0,53.0,6.6,26.8,51.8,3.2,26.6,46.2,13.7,26.2,51.9,23.0,23.4,53.2,7.7,27.3,51.4,18.2,27.3,48.1,8.3,25.3,52.6,11.4,27.6,54.4,DEMO / SIMULATED DATA - Atmospheric Dynamics Prototype
2024-04-05,12:00,Karnataka,15.3173,75.7139,Summer,24 hours,Normal,0.5,37.4,18.8,0.0,35.4,13.8,0.0,36.3,16.2,2.8,37.0,19.3,2.6,36.6,18.7,2.7,38.5,19.7,2.1,38.8,20.4,5.8,34.0,18.4,0.8,37.2,19.4,DEMO / SIMULATED DATA - Atmospheric Dynamics Prototype
2024-07-14,00:00,Odisha,20.9517,85.0985,Southwest Monsoon,72 hours,Normal,8.7,25.3,15.7,3.7,24.9,9.5,7.1,26.8,16.6,4.9,26.1,17.9,14.5,23.7,17.6,2.0,25.5,19.1,7.3,26.4,10.5,0.0,26.6,26.5,0.5,28.4,16.0,DEMO / SIMULATED DATA - Atmospheric Dynamics Prototype
2024-12-01,00:00,Rajasthan,27.0238,74.2179,Post-Monsoon,6 hours,Normal,0.0,21.1,5.2,0.0,21.3,5.2,0.0,21.2,7.5,1.9,20.9,5.4,1.0,21.0,7.3,0.0,20.9,4.7,0.0,20.6,1.0,8.2,19.8,11.0,0.2,22.0,3.2,DEMO / SIMULATED DATA - Atmospheric Dynamics Prototype
2024-03-01,00:00,Kerala,10.8505,76.2711,Summer,48 hours,Normal,0.9,30.8,18.8,0.0,29.9,10.2,4.1,32.7,27.4,1.9,29.5,16.8,2.0,29.9,13.3,5.7,28.2,17.5,0.0,30.7,19.0,1.8,26.1,18.9,0.0,32.4,15.5,DEMO / SIMULATED DATA - Atmospheric Dynamics Prototype
2024-10-24,12:00,Telangana,18.1124,79.0193,Post-Monsoon,72 hours,Normal,1.4,27.6,13.4,9.9,27.4,18.2,6.7,24.8,23.3,3.8,28.3,10.4,0.0,28.9,7.7,4.6,30.7,12.4,0.0,28.8,11.6,14.6,28.0,11.4,0.0,25.2,9.0,DEMO / SIMULATED DATA - Atmospheric Dynamics Prototype
2024-08-24,06:00,Karnataka,15.3173,75.7139,Southwest Monsoon,6 hours,Heavy Rain,139.2,21.3,33.4,127.0,21.1,35.9,141.3,21.1,34.1,136.5,21.6,35.2,135.7,21.1,34.3,132.0,21.4,32.9,143.9,21.5,34.9,138.0,22.2,35.5,132.9,21.8,38.3,DEMO / SIMULATED DATA - Atmospheric Dynamics Prototype
2024-01-14,06:00,Karnataka,15.3173,75.7139,Winter,72 hours,Normal,0.2,22.3,14.1,0.0,22.2,17.7,12.2,23.2,18.3,1.5,22.5,15.0,3.2,22.3,12.5,0.6,21.2,11.2,2.5,21.4,24.1,1.3,25.4,6.4,0.0,22.0,20.7,DEMO / SIMULATED DATA - Atmospheric Dynamics Prototype
2024-02-12,00:00,Telangana,18.1124,79.0193,Winter,12 hours,Normal,0.0,17.3,14.4,0.0,16.8,14.9,1.4,17.9,16.6,3.9,17.3,15.6,0.0,18.1,15.6,2.4,16.6,16.3,0.0,17.4,15.0,9.6,16.0,19.1,7.4,18.6,12.0,DEMO / SIMULATED DATA - Atmospheric Dynamics Prototype
2024-01-09,00:00,Rajasthan,27.0238,74.2179,Winter,6 hours,Normal,0.0,14.6,10.9,,16.1,13.5,0.7,14.6,8.5,1.5,15.2,11.9,0.0,14.7,12.7,0.0,14.1,12.2,0.0,16.6,14.8,4.1,15.6,6.2,3.2,15.2,13.4,DEMO / SIMULATED DATA - Atmospheric Dynamics Prototype
2024-06-06,06:00,Telangana,18.1124,79.0193,Southwest Monsoon,24 hours,High Wind,12.6,26.1,56.5,15.0,27.0,60.4,10.3,24.7,57.7,13.4,25.6,55.0,16.3,26.4,52.5,13.5,24.8,51.5,12.6,26.3,56.1,14.8,24.8,56.9,9.8,25.6,57.8,DEMO / SIMULATED DATA - Atmospheric Dynamics Prototype
2024-07-08,12:00,Maharashtra,19.7515,75.7139,Southwest Monsoon,6 hours,Storm/Cyclone,156.0,23.9,88.5,167.4,25.2,90.7,157.6,24.3,86.0,154.8,23.6,88.4,157.0,22.8,88.1,153.7,24.3,89.4,157.8,24.2,86.6,154.9,25.1,92.4,150.4,21.6,85.5,DEMO / SIMULATED DATA - Atmospheric Dynamics Prototype
2024-03-07,18:00,Andhra Pradesh,15.9129,79.74,Summer,24 hours,Normal,0.7,36.4,19.2,10.0,37.0,25.5,3.3,35.7,18.8,2.0,35.0,18.2,0.8,36.5,21.6,2.2,32.9,15.0,0.0,36.6,20.1,2.1,34.9,22.1,4.8,34.1,12.0,DEMO / SIMULATED DATA - Atmospheric Dynamics Prototype
2024-11-12,06:00,Rajasthan,27.0238,74.2179,Post-Monsoon,12 hours,Normal,0.0,29.2,14.9,0.0,28.2,6.4,0.3,28.7,15.1,1.9,28.2,14.6,0.0,29.3,9.1,3.7,29.8,14.1,2.2,28.0,15.1,3.6,24.8,13.2,0.0,28.9,21.3,DEMO / SIMULATED DATA - Atmospheric Dynamics Prototype
2024-06-17,00:00,Odisha,20.9517,85.0985,Southwest Monsoon,6 hours,Normal,5.9,22.5,24.0,4.8,21.9,23.8,7.5,22.8,29.9,6.7,21.1,22.0,7.1,22.1,22.7,4.7,21.0,24.1,8.8,21.8,21.4,12.4,20.6,16.4,0.3,20.2,25.6,DEMO / SIMULATED DATA - Atmospheric Dynamics Prototype
2024-05-16,00:00,Tamil Nadu,11.1271,78.6569,Summer,72 hours,Normal,1.0,30.0,15.3,6.6,33.3,12.4,6.7,29.5,21.5,1.1,28.9,12.0,0.0,27.7,13.8,0.0,29.1,14.3,5.5,29.2,10.9,0.0,28.2,9.5,0.0,30.2,11.3,DEMO / SIMULATED DATA - Atmospheric Dynamics Prototype
2024-04-07,18:00,Telangana,18.1124,79.0193,Summer,72 hours,Heat Wave,0.0,48.1,17.4,0.0,47.6,9.7,0.0,51.4,18.5,2.8,46.8,21.2,0.6,45.7,18.8,6.2,50.0,20.5,0.0,48.7,21.0,0.0,45.5,22.9,7.2,44.1,23.0,DEMO / SIMULATED DATA - Atmospheric Dynamics Prototype
2024-09-04,12:00,Tamil Nadu,11.1271,78.6569,Southwest Monsoon,48 hours,Normal,3.8,34.0,16.6,0.0,37.6,12.1,9.7,32.4,17.5,3.9,33.3,19.3,5.5,32.5,19.7,2.9,34.8,22.3,7.8,33.8,25.5,3.5,34.2,15.7,0.0,31.1,13.3,DEMO / SIMULATED DATA - Atmospheric Dynamics Prototype
2024-04-07,12:00,Kerala,10.8505,76.2711,Summer,12 hours,High Wind,4.1,34.7,69.5,8.7,36.2,74.4,1.8,34.1,69.1,4.0,34.6,69.5,3.3,34.4,71.3,6.2,33.8,66.2,0.0,33.6,72.4,4.8,36.0,62.9,5.5,35.1,74.8,DEMO / SIMULATED DATA - Atmospheric Dynamics Prototype
2024-07-12,12:00,Telangana,18.1124,79.0193,Southwest Monsoon,24 hours,Normal,8.4,32.6,9.3,7.1,33.9,13.1,12.6,32.6,8.9,8.7,32.7,9.8,6.2,33.1,5.2,11.3,33.3,11.2,9.0,34.7,12.6,5.3,31.7,5.5,11.6,30.8,14.7,DEMO / SIMULATED DATA - Atmospheric Dynamics Prototype
2024-08-17,00:00,Rajasthan,27.0238,74.2179,Southwest Monsoon,24 hours,Normal,5.8,26.9,6.6,0.0,26.3,10.1,4.2,26.7,5.9,5.1,25.7,6.7,8.6,27.8,7.0,10.6,26.4,12.2,3.1,24.2,1.8,0.0,25.7,11.5,3.2,24.4,1.0,DEMO / SIMULATED DATA - Atmospheric Dynamics Prototype
2024-11-03,06:00,Kerala,10.8505,76.2711,Post-Monsoon,6 hours,Normal,0.0,28.2,11.9,0.0,27.4,8.6,1.0,27.5,9.2,1.5,28.4,13.0,0.0,27.6,13.0,2.9,29.1,11.8,0.0,28.0,13.3,4.8,28.0,13.9,0.0,29.5,12.8,DEMO / SIMULATED DATA - Atmospheric Dynamics Prototype
2024-10-08,12:00,Maharashtra,19.7515,75.7139,Post-Monsoon,48 hours,Normal,0.0,29.6,19.5,0.0,30.3,25.8,1.6,33.8,15.0,2.0,29.6,18.7,0.0,27.9,12.1,9.8,29.6,27.1,0.0,28.1,11.5,0.0,31.2,18.3,0.0,31.0,24.5,DEMO / SIMULATED DATA - Atmospheric Dynamics Prototype
2024-03-04,00:00,Tamil Nadu,11.1271,78.6569,Summer,72 hours,Normal,0.3,29.7,7.3,0.0,28.6,2.5,0.0,32.4,8.0,0.0,28.6,6.5,0.0,28.1,8.0,0.0,29.4,19.4,0.0,26.8,3.3,0.0,32.6,1.0,0.0,26.3,1.0,DEMO / SIMULATED DATA - Atmospheric Dynamics Prototype
2024-09-19,18:00,Kerala,10.8505,76.2711,Southwest Monsoon,12 hours,Normal,25.4,28.4,18.7,33.8,28.9,9.1,28.1,27.3,19.2,24.9,28.5,20.4,23.2,30.3,22.1,22.9,28.3,19.4,28.8,28.4,15.2,22.1,28.4,23.5,27.6,27.1,21.6,DEMO / SIMULATED DATA - Atmospheric Dynamics Prototype
2024-06-13,06:00,Karnataka,15.3173,75.7139,Southwest Monsoon,72 hours,Storm/Cyclone,164.7,23.4,72.9,179.6,23.5,71.5,153.9,23.3,75.3,161.5,24.9,70.5,156.7,24.9,70.2,163.6,24.4,72.9,173.5,24.6,72.1,142.1,25.7,65.6,171.7,24.7,71.5,DEMO / SIMULATED DATA - Atmospheric Dynamics Prototype
2024-09-19,06:00,Telangana,18.1124,79.0193,Southwest Monsoon,24 hours,Normal,5.1,,12.2,5.3,27.4,7.3,4.2,30.4,13.0,8.3,30.3,11.6,6.4,30.1,9.9,0.0,27.2,12.9,9.5,30.6,9.0,12.0,32.6,14.9,13.7,30.9,11.1,DEMO / SIMULATED DATA - Atmospheric Dynamics Prototype
2024-01-11,00:00,Maharashtra,19.7515,75.7139,Winter,12 hours,Heavy Rain,88.8,9.5,47.3,87.5,10.4,45.2,85.9,8.8,46.5,88.8,8.9,47.4,89.1,9.9,48.4,88.8,8.4,49.3,82.8,8.0,47.5,92.4,10.4,46.9,91.1,7.8,44.8,DEMO / SIMULATED DATA - Atmospheric Dynamics Prototype
2024-03-26,12:00,Odisha,20.9517,85.0985,Summer,24 hours,Normal,0.0,37.9,17.2,0.1,36.5,11.6,0.0,38.2,14.7,1.7,37.8,16.8,0.0,37.8,16.7,2.8,39.0,17.9,5.4,37.4,20.4,0.0,38.4,20.0,0.3,36.2,8.9,DEMO / SIMULATED DATA - Atmospheric Dynamics Prototype
2024-06-11,18:00,Maharashtra,19.7515,75.7139,Southwest Monsoon,24 hours,Normal,9.4,29.5,13.8,13.2,28.7,15.4,14.0,29.1,14.4,10.0,29.8,13.9,6.2,29.9,17.3,14.1,29.6,12.1,10.4,29.6,15.6,6.2,28.9,12.8,13.2,30.9,11.7,DEMO / SIMULATED DATA - Atmospheric Dynamics Prototype
2024-07-25,00:00,Odisha,20.9517,85.0985,Southwest Monsoon,24 hours,Heavy Rain,74.4,19.6,48.0,80.2,18.4,53.4,76.7,19.5,49.4,77.6,20.5,47.1,78.4,18.5,46.6,76.4,19.6,49.3,77.5,20.3,47.0,73.5,22.1,48.4,82.2,22.2,44.1,DEMO / SIMULATED DATA - Atmospheric Dynamics Prototype
2024-10-01,18:00,Kerala,10.8505,76.2711,Post-Monsoon,24 hours,Normal,0.0,28.8,19.1,2.3,28.9,20.7,0.0,28.0,16.5,1.5,29.0,19.9,0.0,29.1,24.5,0.0,28.4,19.8,0.0,29.3,16.9,0.0,28.5,20.5,7.4,29.5,17.9,DEMO / SIMULATED DATA - Atmospheric Dynamics Prototype
2024-04-25,18:00,Maharashtra,19.7515,75.7139,Summer,6 hours,Heavy Rain,55.0,27.1,39.3,55.2,25.3,40.8,58.8,28.2,38.2,56.6,27.7,36.8,53.2,28.7,42.8,56.5,25.4,37.7,50.9,29.2,34.4,62.7,27.0,34.9,59.8,28.1,34.0,DEMO / SIMULATED DATA - Atmospheric Dynamics Prototype
2024-04-09,00:00,Odisha,20.9517,85.0985,Summer,72 hours,Normal,0.6,30.5,11.5,0.9,27.3,12.3,0.6,28.9,24.1,4.4,30.7,13.2,0.6,31.7,15.0,10.0,28.5,3.4,11.5,31.7,12.2,0.0,29.8,16.8,0.0,31.7,18.7,DEMO / SIMULATED DATA - Atmospheric Dynamics Prototype
2024-10-09,12:00,Kerala,10.8505,76.2711,Post-Monsoon,72 hours,Normal,0.0,31.2,14.1,0.0,31.1,12.6,6.8,33.8,31.4,1.4,32.0,13.1,2.6,31.4,12.0,0.0,32.7,14.0,2.7,31.2,14.3,1.6,32.2,19.9,0.0,32.7,5.1,DEMO / SIMULATED DATA - Atmospheric Dynamics Prototype
2024-07-31,12:00,Karnataka,15.3173,75.7139,Southwest Monsoon,24 hours,Normal,8.3,33.8,27.0,4.2,32.5,22.4,9.7,33.9,29.4,9.2,32.5,27.3,10.4,32.5,24.9,13.4,33.6,30.8,7.6,32.5,25.8,3.4,32.9,27.9,11.2,30.9,26.9,DEMO / SIMULATED DATA - Atmospheric Dynamics Prototype
2024-10-24,18:00,Tamil Nadu,11.1271,78.6569,Northeast Monsoon,72 hours,Heavy Rain,138.2,26.3,49.1,130.5,26.5,48.2,133.5,23.8,48.8,140.5,25.2,53.1,136.4,27.3,51.6,144.1,24.2,50.9,133.6,23.9,46.8,145.9,25.5,58.8,142.7,25.3,57.2,DEMO / SIMULATED DATA - Atmospheric Dynamics Prototype
2024-02-05,18:00,Odisha,20.9517,85.0985,Winter,48 hours,Normal,1.3,21.3,16.3,0.0,22.5,13.7,0.0,23.0,21.8,0.5,20.5,16.3,0.0,21.7,19.2,0.5,22.3,15.1,0.0,19.7,24.2,0.0,19.7,10.8,1.9,19.1,12.0,DEMO / SIMULATED DATA - Atmospheric Dynamics Prototype
2024-08-15,00:00,Andhra Pradesh,15.9129,79.74,Southwest Monsoon,48 hours,Heavy Rain,102.8,21.4,45.1,104.4,24.4,46.2,107.0,21.8,50.3,100.8,19.8,49.5,104.2,19.0,44.7,102.0,22.4,49.7,101.6,19.3,46.5,98.0,20.2,57.7,98.1,18.0,48.7,DEMO / SIMULATED DATA - Atmospheric Dynamics Prototype
2024-03-04,18:00,Karnataka,15.3173,75.7139,Summer,24 hours,Normal,0.0,35.8,18.6,0.8,37.2,25.7,0.0,35.4,20.0,2.6,35.2,18.0,0.8,34.1,17.1,1.1,35.8,17.4,10.4,35.8,19.5,0.7,36.1,18.8,0.0,34.0,17.0,DEMO / SIMULATED DATA - Atmospheric Dynamics Prototype
2024-09-28,06:00,Rajasthan,27.0238,74.2179,Southwest Monsoon,6 hours,Heavy Rain,92.6,22.8,31.9,90.3,22.3,33.9,96.3,21.8,33.0,89.7,22.6,31.5,95.8,23.4,34.5,90.9,24.0,29.9,92.8,22.2,30.4,85.2,20.1,36.2,83.9,23.2,26.5,DEMO / SIMULATED DATA - Atmospheric Dynamics Prototype
2024-08-21,00:00,Maharashtra,19.7515,75.7139,Southwest Monsoon,72 hours,Normal,11.2,23.0,13.0,8.3,24.5,12.5,7.8,23.7,6.8,5.4,22.5,13.6,5.8,22.5,9.8,4.8,24.5,23.1,1.4,22.2,13.9,0.0,22.5,12.1,15.1,21.0,9.0,DEMO / SIMULATED DATA - Atmospheric Dynamics Prototype
2024-05-19,12:00,Rajasthan,27.0238,74.2179,Summer,6 hours,Normal,0.0,48.4,14.2,0.0,48.2,13.9,4.0,47.9,15.7,1.3,47.3,13.0,0.7,47.3,13.5,0.0,47.1,17.5,0.0,49.3,11.4,5.8,47.8,15.4,0.0,45.1,7.3,DEMO / SIMULATED DATA - Atmospheric Dynamics Prototype
2024-03-22,00:00,Maharashtra,19.7515,75.7139,Summer,48 hours,Normal,2.3,27.1,22.9,20.4,25.6,9.9,4.4,29.0,14.7,3.6,26.5,24.4,5.4,26.7,24.0,0.0,25.7,18.6,5.9,26.0,24.1,2.5,24.8,23.3,4.0,29.4,31.8,DEMO / SIMULATED DATA - Atmospheric Dynamics Prototype
2024-06-27,18:00,Kerala,10.8505,76.2711,Southwest Monsoon,72 hours,Heavy Rain,85.3,26.4,34.3,67.0,25.7,27.2,84.9,24.5,32.5,88.2,27.5,33.4,91.2,26.0,41.0,93.0,25.4,29.2,85.0,28.7,31.7,91.9,29.2,29.5,79.8,28.2,35.4,DEMO / SIMULATED DATA - Atmospheric Dynamics Prototype
2024-03-13,06:00,Karnataka,15.3173,75.7139,Summer,72 hours,Heavy Rain,86.2,27.6,46.9,71.1,29.4,49.0,66.1,31.8,51.9,88.8,27.2,46.9,84.5,28.4,48.5,88.9,26.1,47.2,88.1,30.0,47.5,89.3,25.5,47.3,93.3,25.8,44.2,DEMO / SIMULATED DATA - Atmospheric Dynamics Prototype
2024-09-12,06:00,Karnataka,15.3173,75.7139,Southwest Monsoon,48 hours,Normal,7.8,31.8,14.6,12.3,34.2,14.9,5.8,33.0,18.1,8.4,32.5,16.2,8.2,32.8,12.6,7.7,28.9,20.0,5.2,34.2,11.6,9.7,31.9,11.4,11.1,34.6,25.3,DEMO / SIMULATED DATA - Atmospheric Dynamics Prototype
2024-09-09,12:00,Tamil Nadu,11.1271,78.6569,Southwest Monsoon,48 hours,Heavy Rain,66.5,29.0,43.6,76.3,28.9,40.4,56.5,25.1,39.1,68.6,29.4,44.3,72.7,30.9,43.8,68.6,28.1,43.5,62.3,27.7,46.4,62.8,30.0,42.8,76.4,30.2,45.1,DEMO / SIMULATED DATA - Atmospheric Dynamics Prototype
2024-09-02,18:00,Rajasthan,27.0238,74.2179,Southwest Monsoon,48 hours,Heat Wave,0.0,48.1,8.8,0.0,49.2,6.3,0.0,46.2,6.9,1.2,47.6,7.0,0.0,49.5,7.9,2.4,45.5,11.7,3.4,45.6,4.8,0.0,47.7,5.1,0.0,49.5,5.5,DEMO / SIMULATED DATA - Atmospheric Dynamics Prototype
2024-11-26,00:00,Karnataka,15.3173,75.7139,Post-Monsoon,24 hours,Heavy Rain,73.1,20.2,39.1,75.2,22.4,37.0,76.2,19.6,33.3,74.5,20.4,41.2,75.2,20.8,40.9,72.3,21.9,41.9,76.8,20.4,34.0,73.4,20.8,48.0,74.6,18.3,41.4,DEMO / SIMULATED DATA - Atmospheric Dynamics Prototype
2024-01-04,00:00,Karnataka,15.3173,75.7139,Winter,12 hours,Normal,0.0,14.0,15.6,0.0,17.4,16.9,0.3,14.7,19.6,1.1,14.5,14.7,1.1,14.9,14.4,0.0,15.0,18.2,3.2,14.2,12.9,0.0,15.7,13.3,1.0,12.8,14.8,DEMO / SIMULATED DATA - Atmospheric Dynamics Prototype
2024-08-26,12:00,Rajasthan,27.0238,74.2179,Southwest Monsoon,24 hours,Normal,5.8,30.6,5.2,9.1,31.5,5.4,2.9,29.8,10.4,5.4,31.1,7.1,0.0,29.5,10.9,15.1,32.6,6.9,3.0,28.3,6.7,1.9,32.9,1.0,7.0,32.3,10.2,DEMO / SIMULATED DATA - Atmospheric Dynamics Prototype
2024-09-27,12:00,Odisha,20.9517,85.0985,Southwest Monsoon,6 hours,High Wind,22.9,37.0,48.3,,37.1,46.4,20.1,36.2,45.2,21.6,37.3,46.7,24.8,36.7,46.7,16.5,36.1,47.5,17.2,40.1,44.0,27.8,36.8,46.2,21.7,37.0,49.2,DEMO / SIMULATED DATA - Atmospheric Dynamics Prototype
2024-03-12,06:00,Andhra Pradesh,15.9129,79.74,Summer,12 hours,High Wind,2.7,35.8,65.2,2.8,36.4,63.9,0.0,36.5,67.2,3.9,36.7,65.7,4.7,35.6,66.6,5.7,37.5,68.1,3.0,34.2,65.7,3.9,36.8,70.5,2.2,39.2,57.4,DEMO / SIMULATED DATA - Atmospheric Dynamics Prototype
2024-04-19,18:00,Maharashtra,19.7515,75.7139,Summer,12 hours,Heavy Rain,87.4,27.4,51.5,110.1,27.7,54.1,83.3,27.6,51.5,85.7,27.6,48.4,84.7,28.0,47.4,84.1,28.7,49.4,85.4,27.5,50.2,90.6,27.7,45.6,83.6,26.0,49.5,DEMO / SIMULATED DATA - Atmospheric Dynamics Prototype
2024-11-01,00:00,Telangana,18.1124,79.0193,Post-Monsoon,12 hours,Normal,0.1,23.7,16.1,0.0,22.2,19.9,0.0,22.6,20.9,0.8,23.7,17.4,0.5,23.1,16.4,0.0,23.7,17.5,0.0,24.1,15.6,0.0,22.1,21.3,3.4,25.4,16.1,DEMO / SIMULATED DATA - Atmospheric Dynamics Prototype
2024-04-05,00:00,Kerala,10.8505,76.2711,Summer,48 hours,Normal,1.3,30.1,21.7,0.0,31.1,20.9,2.8,31.3,18.6,4.3,30.2,22.0,0.5,29.7,25.8,1.4,30.3,17.2,5.2,30.8,17.9,13.2,30.8,18.4,1.3,29.3,30.9,DEMO / SIMULATED DATA - Atmospheric Dynamics Prototype
2024-11-13,12:00,Telangana,18.1124,79.0193,Post-Monsoon,48 hours,Normal,2.6,33.2,7.8,7.4,34.2,6.6,1.2,34.8,12.3,3.3,34.1,12.1,0.0,35.3,11.5,1.3,32.1,12.1,5.3,34.4,10.4,10.1,34.9,5.0,0.0,34.0,21.5,DEMO / SIMULATED DATA - Atmospheric Dynamics Prototype
2024-09-14,00:00,Andhra Pradesh,15.9129,79.74,Southwest Monsoon,6 hours,Storm/Cyclone,177.5,22.5,69.0,180.7,22.2,71.1,177.1,23.8,69.2,179.7,22.4,67.8,183.6,22.8,68.5,174.6,21.1,66.3,174.2,23.0,67.3,178.3,24.2,68.7,187.6,20.7,68.4,DEMO / SIMULATED DATA - Atmospheric Dynamics Prototype
2024-05-03,12:00,Tamil Nadu,11.1271,78.6569,Summer,72 hours,High Wind,4.2,39.4,68.3,11.8,35.9,66.8,7.3,41.1,74.9,6.7,38.3,67.0,3.9,37.7,61.0,3.2,38.9,64.6,9.8,37.1,64.7,12.7,37.6,70.3,4.1,40.0,74.5,DEMO / SIMULATED DATA - Atmospheric Dynamics Prototype
2024-07-11,12:00,Karnataka,15.3173,75.7139,Southwest Monsoon,24 hours,High Wind,20.2,33.2,67.0,18.1,33.7,60.5,26.5,32.4,68.2,20.2,33.4,63.8,20.4,34.4,67.5,17.8,31.0,61.3,19.1,35.1,60.6,29.6,34.9,61.1,13.9,31.4,68.5,DEMO / SIMULATED DATA - Atmospheric Dynamics Prototype
2024-02-09,00:00,Odisha,20.9517,85.0985,Winter,48 hours,Heavy Rain,128.0,11.4,45.6,106.9,12.6,43.9,129.9,10.2,46.3,127.2,12.7,49.0,123.9,11.7,47.9,131.6,9.5,47.4,124.8,14.0,50.0,128.2,15.6,41.8,127.6,12.6,57.8,DEMO / SIMULATED DATA - Atmospheric Dynamics Prototype
2024-05-12,12:00,Kerala,10.8505,76.2711,Summer,6 hours,Normal,0.0,41.1,15.7,0.0,39.8,16.9,0.0,41.9,15.7,1.1,40.0,14.4,0.0,40.5,12.3,0.0,40.5,16.8,0.0,40.1,11.8,0.0,38.3,14.5,5.4,40.8,16.4,DEMO / SIMULATED DATA - Atmospheric Dynamics Prototype
2024-06-27,06:00,Kerala,10.8505,76.2711,Southwest Monsoon,48 hours,Normal,10.3,27.8,16.3,21.1,27.1,16.3,6.3,29.7,8.5,12.9,27.6,11.0,15.2,27.4,14.6,7.4,30.4,10.0,7.4,25.6,8.0,18.4,27.7,10.2,16.1,26.9,12.4,DEMO / SIMULATED DATA - Atmospheric Dynamics Prototype
2024-07-10,18:00,Kerala,10.8505,76.2711,Southwest Monsoon,72 hours,Storm/Cyclone,177.6,23.6,65.0,174.4,22.6,58.6,169.2,23.7,56.6,174.5,24.7,66.5,176.8,24.2,63.4,165.8,25.8,66.2,179.4,23.1,69.4,184.4,26.0,66.7,166.3,24.6,66.9,DEMO / SIMULATED DATA - Atmospheric Dynamics Prototype
2024-05-02,18:00,Rajasthan,27.0238,74.2179,Summer,12 hours,Heat Wave,0.0,47.0,13.3,5.5,47.4,10.5,0.0,47.5,14.7,2.4,47.6,13.1,1.2,46.0,15.2,0.0,47.6,10.9,7.8,47.3,11.9,2.9,48.2,15.8,0.0,48.9,11.8,DEMO / SIMULATED DATA - Atmospheric Dynamics Prototype
2024-10-23,12:00,Rajasthan,27.0238,74.2179,Post-Monsoon,24 hours,Normal,0.0,30.7,10.1,0.6,29.1,8.6,0.0,29.7,8.2,2.3,31.1,9.3,1.3,30.7,9.3,0.0,32.6,7.4,1.1,30.0,10.2,2.3,28.5,10.1,6.9,33.9,9.5,DEMO / SIMULATED DATA - Atmospheric Dynamics Prototype
2024-12-07,06:00,Telangana,18.1124,79.0193,Post-Monsoon,12 hours,Normal,0.0,27.6,15.8,0.0,29.1,17.1,1.3,27.4,14.4,0.8,27.4,14.1,4.1,27.4,14.8,0.0,27.8,12.8,0.0,26.8,18.7,0.0,25.1,8.1,0.0,29.8,15.9,DEMO / SIMULATED DATA - Atmospheric Dynamics Prototype
2024-02-18,18:00,Odisha,20.9517,85.0985,Winter,24 hours,Normal,0.0,20.7,16.7,7.1,20.6,20.9,1.7,20.2,18.1,1.7,20.1,18.5,1.8,20.7,17.2,0.0,19.4,24.3,4.7,21.4,15.2,0.0,18.8,18.8,1.9,20.3,16.8,DEMO / SIMULATED DATA - Atmospheric Dynamics Prototype
2024-01-18,06:00,Telangana,18.1124,79.0193,Winter,24 hours,Normal,0.2,20.0,5.3,3.9,21.6,7.3,0.0,20.2,6.3,0.5,19.5,4.0,0.8,19.3,3.1,1.9,19.2,3.2,0.0,20.2,9.2,0.0,17.9,3.6,0.0,21.1,1.0,DEMO / SIMULATED DATA - Atmospheric Dynamics Prototype
2024-07-03,06:00,Maharashtra,19.7515,75.7139,Southwest Monsoon,48 hours,Normal,15.4,27.5,11.6,18.2,27.1,23.0,12.2,26.3,9.0,15.4,28.2,9.8,17.0,29.2,13.0,18.6,28.3,5.1,15.3,27.0,11.0,10.3,29.2,11.9,15.7,27.2,7.8,DEMO / SIMULATED DATA - Atmospheric Dynamics Prototype
2024-08-09,00:00,Rajasthan,27.0238,74.2179,Southwest Monsoon,12 hours,Normal,6.6,21.3,13.7,9.6,21.0,15.9,5.9,21.8,15.7,6.9,20.6,12.4,9.1,21.4,11.2,4.5,21.9,20.8,5.2,21.9,11.8,2.2,20.3,5.6,13.6,17.7,12.5,DEMO / SIMULATED DATA - Atmospheric Dynamics Prototype
2024-10-13,18:00,Karnataka,15.3173,75.7139,Post-Monsoon,24 hours,Normal,0.0,26.4,21.9,0.0,26.3,22.7,4.9,25.0,21.8,3.2,26.9,23.5,0.0,27.3,22.8,2.2,26.8,18.9,5.4,27.5,25.4,6.4,27.1,28.4,2.2,26.0,21.9,DEMO / SIMULATED DATA - Atmospheric Dynamics Prototype
2024-05-19,06:00,Andhra Pradesh,15.9129,79.74,Summer,48 hours,Normal,0.0,34.5,19.2,0.6,35.2,35.2,0.0,33.1,11.9,1.4,35.1,19.0,0.0,34.8,17.7,0.0,34.7,17.2,1.7,36.4,22.3,5.4,36.6,20.7,0.0,32.8,16.9,DEMO / SIMULATED DATA - Atmospheric Dynamics Prototype
2024-09-29,00:00,Telangana,18.1124,79.0193,Southwest Monsoon,12 hours,Heat Wave,0.0,47.0,11.0,0.0,48.9,9.3,0.0,46.7,16.6,2.2,46.7,10.2,0.0,46.7,10.5,0.0,46.2,11.4,4.3,47.4,7.2,0.0,46.2,11.2,6.9,46.8,10.6,DEMO / SIMULATED DATA - Atmospheric Dynamics Prototype
2024-07-09,18:00,Andhra Pradesh,15.9129,79.74,Southwest Monsoon,72 hours,High Wind,16.2,30.3,56.4,22.4,32.7,53.7,8.9,31.8,58.2,13.8,30.2,54.5,15.7,31.5,51.9,22.4,27.8,52.6,9.6,29.1,58.1,21.1,30.1,48.5,0.0,32.5,61.5,DEMO / SIMULATED DATA - Atmospheric Dynamics Prototype
2024-05-23,00:00,Odisha,20.9517,85.0985,Summer,6 hours,Heavy Rain,60.7,27.9,45.6,62.4,30.2,47.1,57.6,28.0,44.3,60.0,27.9,47.0,65.9,28.5,46.5,62.8,27.9,49.0,58.6,29.0,50.7,57.2,28.4,47.1,55.5,25.8,41.8,DEMO / SIMULATED DATA - Atmospheric Dynamics Prototype
2024-09-02,06:00,Tamil Nadu,11.1271,78.6569,Southwest Monsoon,6 hours,Heavy Rain,112.7,24.8,49.6,121.2,26.0,53.0,111.9,24.4,46.4,114.2,24.2,48.9,114.1,23.6,49.6,111.4,25.0,52.8,117.8,25.6,47.2,112.6,23.6,47.2,115.0,23.3,47.7,DEMO / SIMULATED DATA - Atmospheric Dynamics Prototype
2024-02-12,06:00,Maharashtra,19.7515,75.7139,Winter,12 hours,Heat Wave,0.0,44.6,19.2,0.0,41.6,25.7,2.6,43.1,20.8,1.1,44.9,18.7,4.2,44.4,19.6,0.0,45.2,22.2,0.0,43.7,19.5,1.4,45.2,18.4,0.0,46.2,13.8,DEMO / SIMULATED DATA - Atmospheric Dynamics Prototype
2024-07-07,18:00,Kerala,10.8505,76.2711,Southwest Monsoon,24 hours,Heat Wave,0.0,43.6,17.0,0.0,44.0,13.0,0.0,44.1,10.6,2.5,43.7,17.3,0.0,42.9,21.1,1.7,43.6,16.7,0.5,43.9,17.5,9.9,42.9,17.8,0.2,45.3,13.6,DEMO / SIMULATED DATA - Atmospheric Dynamics Prototype
2024-06-17,18:00,Andhra Pradesh,15.9129,79.74,Southwest Monsoon,24 hours,Storm/Cyclone,146.7,24.9,81.4,132.4,24.4,80.4,149.5,23.3,80.3,146.6,23.9,81.4,141.2,24.6,80.1,147.0,24.2,79.0,149.4,25.5,83.5,145.8,24.0,80.9,149.6,21.0,83.3,DEMO / SIMULATED DATA - Atmospheric Dynamics Prototype
2024-03-16,18:00,Rajasthan,27.0238,74.2179,Summer,12 hours,Storm/Cyclone,129.4,27.8,71.3,122.8,28.3,71.4,126.0,27.9,71.3,129.9,28.7,71.4,129.2,29.6,74.5,135.6,28.2,76.5,126.0,27.4,69.3,127.1,27.9,72.1,131.6,30.6,64.6,DEMO / SIMULATED DATA - Atmospheric Dynamics Prototype
2024-06-05,18:00,Rajasthan,27.0238,74.2179,Southwest Monsoon,48 hours,Heat Wave,0.0,43.6,10.5,0.0,41.5,11.0,0.0,42.1,11.3,1.3,43.2,4.7,0.0,45.0,10.0,0.0,44.0,2.7,6.5,44.9,6.9,0.0,41.6,3.0,0.0,40.4,1.0,DEMO / SIMULATED DATA - Atmospheric Dynamics Prototype
2024-11-11,06:00,Telangana,18.1124,79.0193,Post-Monsoon,72 hours,Heavy Rain,112.6,23.5,32.6,107.7,21.3,32.4,117.9,22.7,43.3,112.2,23.0,29.3,107.1,22.4,30.4,117.0,23.9,28.5,100.8,21.2,23.1,118.9,21.1,36.8,117.1,26.6,27.6,DEMO / SIMULATED DATA - Atmospheric Dynamics Prototype
2024-04-09,00:00,Telangana,18.1124,79.0193,Summer,6 hours,Heavy Rain,53.2,39.6,46.1,31.4,39.2,44.1,53.2,41.4,47.1,54.8,39.4,44.2,56.5,39.0,46.1,57.1,38.0,45.5,55.5,39.5,44.3,51.0,40.0,40.3,53.8,40.7,44.6,DEMO / SIMULATED DATA - Atmospheric Dynamics Prototype
2024-06-08,00:00,Rajasthan,27.0238,74.2179,Southwest Monsoon,24 hours,Normal,4.1,21.7,12.7,10.2,21.4,13.2,2.7,21.4,14.3,4.0,21.2,12.2,3.4,22.5,12.6,0.0,20.9,20.5,3.7,19.4,8.4,0.5,20.3,7.9,12.5,22.9,11.7,DEMO / SIMULATED DATA - Atmospheric Dynamics Prototype
2024-12-09,00:00,Odisha,20.9517,85.0985,Post-Monsoon,72 hours,Normal,0.0,25.2,24.8,7.3,28.3,22.6,0.0,29.5,28.8,7.6,25.1,22.1,0.0,25.9,23.2,1.6,25.7,28.6,0.0,25.9,18.5,13.6,24.2,14.5,22.7,23.9,25.5,DEMO / SIMULATED DATA - Atmospheric Dynamics Prototype
2024-07-11,12:00,Karnataka,15.3173,75.7139,Southwest Monsoon,72 hours,Normal,11.0,29.4,14.9,17.6,30.8,11.8,14.0,26.8,6.1,11.1,29.3,14.7,0.0,30.7,14.5,11.0,24.2,14.7,14.5,25.3,15.1,10.5,28.3,23.0,19.7,37.9,6.4,DEMO / SIMULATED DATA - Atmospheric Dynamics Prototype
2024-06-23,00:00,Odisha,20.9517,85.0985,Southwest Monsoon,6 hours,Heavy Rain,69.7,18.8,43.6,70.2,18.0,44.0,70.3,17.9,43.8,71.3,18.3,44.1,73.2,17.3,45.5,74.1,18.2,48.2,67.1,19.3,42.6,68.4,18.0,46.2,73.8,18.7,37.9,DEMO / SIMULATED DATA - Atmospheric Dynamics Prototype
2024-07-20,18:00,Tamil Nadu,11.1271,78.6569,Southwest Monsoon,6 hours,Normal,12.7,29.2,9.2,10.3,29.2,9.0,12.5,29.8,8.3,13.5,28.9,8.3,13.3,29.7,9.7,14.8,27.5,9.5,13.6,29.0,7.3,14.7,29.4,9.0,11.1,28.8,6.0,DEMO / SIMULATED DATA - Atmospheric Dynamics Prototype
2024-12-12,00:00,Telangana,18.1124,79.0193,Post-Monsoon,24 hours,Heat Wave,0.0,48.1,8.3,0.0,48.3,12.7,0.0,48.4,9.1,2.6,48.5,7.1,0.0,48.8,2.8,4.0,46.7,7.9,3.7,47.5,9.2,4.3,51.1,8.2,1.0,48.2,7.2,DEMO / SIMULATED DATA - Atmospheric Dynamics Prototype
2024-04-05,06:00,Karnataka,15.3173,75.7139,Summer,6 hours,Normal,0.0,32.1,19.4,5.4,31.8,25.1,0.0,32.3,18.8,0.0,32.3,19.8,0.0,30.7,18.4,0.0,31.2,21.5,0.0,30.9,18.6,0.0,34.3,18.2,0.0,34.6,22.4,DEMO / SIMULATED DATA - Atmospheric Dynamics Prototype
2024-10-20,00:00,Kerala,10.8505,76.2711,Post-Monsoon,12 hours,Normal,3.1,26.0,21.4,9.9,25.0,19.4,10.1,25.4,25.0,1.9,25.2,21.0,3.0,25.1,18.0,3.5,24.8,20.5,0.0,26.4,16.2,2.8,24.0,26.2,0.0,25.5,23.9,DEMO / SIMULATED DATA - Atmospheric Dynamics Prototype
2024-01-16,18:00,Odisha,20.9517,85.0985,Winter,72 hours,High Wind,5.0,20.0,65.3,0.3,18.1,60.5,0.0,20.7,75.7,2.0,21.9,62.7,0.0,19.5,64.7,7.5,21.7,64.6,1.0,21.1,56.4,0.0,25.9,60.3,1.6,21.4,67.7,DEMO / SIMULATED DATA - Atmospheric Dynamics Prototype
2024-10-31,00:00,Tamil Nadu,11.1271,78.6569,Northeast Monsoon,12 hours,Heavy Rain,108.1,16.6,42.0,103.0,17.8,42.2,104.1,16.3,42.3,109.6,16.3,45.1,110.8,17.3,41.2,106.9,17.2,40.3,111.5,15.8,47.3,109.2,13.8,44.5,109.4,17.4,52.0,DEMO / SIMULATED DATA - Atmospheric Dynamics Prototype
2024-04-05,00:00,Telangana,18.1124,79.0193,Summer,24 hours,Heavy Rain,75.5,31.0,38.6,59.9,30.9,38.0,79.4,29.3,38.8,73.8,31.0,41.0,72.6,30.5,40.4,77.5,31.4,34.5,80.8,29.8,43.9,72.2,32.7,39.0,65.9,30.4,47.0,DEMO / SIMULATED DATA - Atmospheric Dynamics Prototype
2024-02-27,06:00,Tamil Nadu,11.1271,78.6569,Winter,72 hours,Heat Wave,0.0,47.8,20.4,0.0,47.2,20.4,9.4,48.8,16.0,0.8,48.3,25.3,0.0,48.7,18.6,4.0,47.7,27.1,0.0,50.6,25.7,0.0,45.8,32.4,0.0,48.6,22.8,DEMO / SIMULATED DATA - Atmospheric Dynamics Prototype
2024-09-01,00:00,Rajasthan,27.0238,74.2179,Southwest Monsoon,72 hours,Normal,5.2,24.5,11.3,2.7,26.4,20.1,15.9,23.0,5.9,3.3,24.5,10.8,0.0,24.5,14.6,1.4,22.0,20.0,0.8,24.3,8.8,0.0,26.6,1.0,14.4,25.2,9.4,DEMO / SIMULATED DATA - Atmospheric Dynamics Prototype
2024-03-17,06:00,Tamil Nadu,11.1271,78.6569,Summer,6 hours,Storm/Cyclone,123.8,25.6,68.3,129.9,25.8,69.1,122.8,27.0,66.5,125.1,24.9,66.8,124.4,25.7,70.6,127.3,25.6,69.1,125.0,22.9,63.2,121.2,24.8,63.9,127.4,25.6,67.4,DEMO / SIMULATED DATA - Atmospheric Dynamics Prototype
2024-02-17,18:00,Maharashtra,19.7515,75.7139,Winter,24 hours,Normal,0.0,22.2,17.2,0.3,22.6,10.3,0.6,21.5,15.4,1.3,23.9,20.0,2.2,24.2,17.3,0.0,22.4,20.2,2.8,26.0,14.5,1.3,24.7,23.7,0.0,22.2,24.5,DEMO / SIMULATED DATA - Atmospheric Dynamics Prototype
2024-12-16,18:00,Tamil Nadu,11.1271,78.6569,Northeast Monsoon,6 hours,Normal,24.5,32.7,24.9,16.5,33.8,30.6,27.1,32.2,25.3,24.5,32.2,24.6,22.0,33.3,21.6,26.7,32.0,25.9,23.6,32.3,27.9,31.1,31.5,25.6,19.2,32.0,21.9,DEMO / SIMULATED DATA - Atmospheric Dynamics Prototype
2024-05-12,18:00,Karnataka,15.3173,75.7139,Summer,12 hours,Heavy Rain,101.8,29.7,48.2,101.2,31.1,46.0,104.2,29.4,44.9,105.1,30.0,48.0,99.0,30.2,45.9,107.2,31.0,52.1,102.3,30.0,44.1,106.3,30.2,50.4,110.5,28.7,47.6,DEMO / SIMULATED DATA - Atmospheric Dynamics Prototype
2024-01-07,12:00,Kerala,10.8505,76.2711,Winter,6 hours,Normal,1.8,25.1,23.2,0.0,26.5,25.7,0.3,24.4,18.5,1.6,24.9,24.1,0.0,26.0,23.1,5.5,24.5,25.1,0.0,24.0,22.9,0.0,23.0,22.5,2.3,27.0,27.1,DEMO / SIMULATED DATA - Atmospheric Dynamics Prototype
2024-07-30,18:00,Telangana,18.1124,79.0193,Southwest Monsoon,24 hours,Normal,7.4,28.8,14.4,3.1,30.6,16.6,8.0,28.6,11.1,10.0,28.0,18.5,8.3,29.1,19.7,4.9,26.9,10.6,14.5,28.2,19.6,7.4,27.2,23.1,15.0,28.5,19.3,DEMO / SIMULATED DATA - Atmospheric Dynamics Prototype
2024-02-06,06:00,Karnataka,15.3173,75.7139,Winter,72 hours,Heat Wave,0.0,45.9,13.5,6.0,46.9,21.7,0.0,49.1,4.2,1.9,47.8,9.5,0.0,44.3,16.2,0.0,47.8,5.8,0.0,49.4,9.4,7.7,47.5,5.4,1.7,49.8,10.6,DEMO / SIMULATED DATA - Atmospheric Dynamics Prototype
2024-04-15,18:00,Tamil Nadu,11.1271,78.6569,Summer,24 hours,Storm/Cyclone,126.0,23.6,76.1,98.0,23.0,76.1,125.5,23.4,79.5,125.5,23.8,76.1,127.0,24.2,80.9,129.7,23.3,70.1,124.4,25.6,79.8,124.1,23.5,76.7,122.4,22.6,72.9,DEMO / SIMULATED DATA - Atmospheric Dynamics Prototype
2024-08-03,12:00,Tamil Nadu,11.1271,78.6569,Southwest Monsoon,12 hours,High Wind,8.7,27.0,66.6,5.4,26.5,75.0,4.0,26.5,70.8,8.2,26.9,67.1,8.6,26.4,69.4,8.9,26.6,67.2,6.1,25.7,66.2,4.1,27.0,68.0,13.1,28.8,64.8,DEMO / SIMULATED DATA - Atmospheric Dynamics Prototype
2024-02-03,18:00,Kerala,10.8505,76.2711,Winter,24 hours,Heavy Rain,50.4,16.2,47.7,42.2,18.4,49.7,52.7,15.3,49.8,47.1,17.4,46.9,44.5,14.7,45.3,52.0,16.9,45.1,41.9,17.5,49.9,52.6,19.3,48.4,44.7,18.6,45.7,DEMO / SIMULATED DATA - Atmospheric Dynamics Prototype
2024-12-01,12:00,Kerala,10.8505,76.2711,Post-Monsoon,6 hours,Normal,0.0,34.2,13.7,7.7,36.2,16.8,6.3,34.0,12.9,2.0,35.0,14.3,0.0,35.4,15.0,5.5,34.3,9.6,0.0,35.4,12.1,0.4,34.5,20.4,4.3,35.2,14.4,DEMO / SIMULATED DATA - Atmospheric Dynamics Prototype
2024-06-05,18:00,Kerala,10.8505,76.2711,Southwest Monsoon,72 hours,High Wind,31.9,26.2,72.9,42.1,25.0,71.6,23.1,25.6,76.1,33.0,27.1,76.1,30.6,26.2,68.5,28.9,29.8,72.3,34.2,24.6,73.2,29.9,28.7,79.4,41.4,26.4,87.2,DEMO / SIMULATED DATA - Atmospheric Dynamics Prototype
2024-09-14,12:00,Rajasthan,27.0238,74.2179,Southwest Monsoon,72 hours,High Wind,12.3,31.6,61.4,15.2,32.0,51.3,10.3,31.5,67.1,8.4,30.2,62.2,4.6,30.1,68.2,8.0,28.5,58.2,7.3,32.9,64.8,5.3,30.7,64.7,17.0,28.9,54.9,DEMO / SIMULATED DATA - Atmospheric Dynamics Prototype
2024-02-01,12:00,Karnataka,15.3173,75.7139,Winter,48 hours,Heat Wave,0.0,46.1,19.7,1.6,46.5,36.6,0.0,44.2,18.4,1.9,46.4,20.9,5.3,43.2,13.6,0.0,49.1,19.8,0.0,47.5,27.3,0.0,47.0,20.5,4.0,45.1,23.5,DEMO / SIMULATED DATA - Atmospheric Dynamics Prototype
2024-08-04,18:00,Karnataka,15.3173,75.7139,Southwest Monsoon,6 hours,Heavy Rain,82.5,26.1,33.9,79.3,24.8,35.1,84.9,26.6,32.9,82.3,25.3,36.0,81.5,25.0,37.8,84.0,24.5,37.2,85.0,27.5,32.1,80.7,25.0,41.7,80.1,24.6,31.2,DEMO / SIMULATED DATA - Atmospheric Dynamics Prototype
2024-04-01,12:00,Andhra Pradesh,15.9129,79.74,Summer,24 hours,Heavy Rain,116.1,34.5,41.7,131.1,36.1,45.8,114.3,34.7,44.1,116.2,35.1,43.2,119.0,34.7,47.0,118.1,36.1,42.3,114.5,35.9,44.5,117.9,33.1,46.1,111.5,35.9,36.3,DEMO / SIMULATED DATA - Atmospheric Dynamics Prototype
2024-11-05,06:00,Odisha,20.9517,85.0985,Post-Monsoon,72 hours,Normal,3.4,28.5,18.9,8.4,27.2,23.6,1.3,24.8,12.3,3.8,30.4,16.0,1.5,30.4,22.3,12.1,31.3,16.4,2.2,27.7,15.3,0.0,28.5,10.9,3.1,33.9,15.3,DEMO / SIMULATED DATA - Atmospheric Dynamics Prototype
2024-01-21,12:00,Telangana,18.1124,79.0193,Winter,12 hours,Normal,0.0,24.9,8.0,3.8,24.1,11.1,0.0,25.6,6.2,0.3,25.1,8.3,0.0,24.5,10.0,0.0,24.3,7.3,1.6,24.4,10.0,0.0,26.3,11.0,0.0,26.1,3.2,DEMO / SIMULATED DATA - Atmospheric Dynamics Prototype
2024-03-16,00:00,Tamil Nadu,11.1271,78.6569,Summer,48 hours,Heat Wave,0.0,47.3,14.9,4.9,48.3,15.6,0.0,49.4,12.9,0.9,46.7,16.3,1.4,46.4,12.8,0.0,46.1,18.0,0.0,47.5,15.5,0.0,46.4,16.3,3.0,46.9,18.9,DEMO / SIMULATED DATA - Atmospheric Dynamics Prototype
2024-11-08,06:00,Telangana,18.1124,79.0193,Post-Monsoon,24 hours,Normal,1.1,27.3,10.1,0.0,26.8,16.4,2.6,26.5,8.8,3.0,26.6,11.1,2.3,26.4,8.2,6.2,26.6,13.2,6.7,26.3,6.7,0.0,25.6,10.6,0.0,28.0,17.0,DEMO / SIMULATED DATA - Atmospheric Dynamics Prototype
2024-08-19,12:00,Rajasthan,27.0238,74.2179,Southwest Monsoon,72 hours,Normal,6.7,34.0,14.0,4.9,29.6,1.0,9.1,34.2,15.3,3.9,33.2,14.1,8.9,31.9,11.0,9.0,35.2,12.8,0.0,34.7,14.3,0.0,29.5,17.5,1.6,34.5,15.0,DEMO / SIMULATED DATA - Atmospheric Dynamics Prototype
2024-06-16,12:00,Odisha,20.9517,85.0985,Southwest Monsoon,24 hours,High Wind,8.7,31.4,56.8,4.5,31.9,60.8,7.6,30.1,56.2,12.3,30.6,56.8,7.1,30.2,58.4,11.1,31.7,55.4,9.3,30.5,59.4,6.5,31.0,56.1,27.5,29.6,54.5,DEMO / SIMULATED DATA - Atmospheric Dynamics Prototype
2024-02-18,18:00,Karnataka,15.3173,75.7139,Winter,24 hours,Normal,1.1,22.3,19.9,0.0,24.4,18.6,0.1,23.8,21.1,2.5,22.0,20.4,4.0,23.6,18.2,5.8,21.7,18.1,0.0,21.4,23.0,2.5,21.5,22.8,0.0,21.7,20.1,DEMO / SIMULATED DATA - Atmospheric Dynamics Prototype
2024-01-28,00:00,Rajasthan,27.0238,74.2179,Winter,72 hours,Normal,2.0,12.3,9.4,0.0,14.4,9.5,3.6,14.6,6.2,1.9,13.6,7.8,0.0,12.4,10.6,0.6,14.8,1.0,9.1,13.9,11.9,0.0,15.2,3.0,0.0,11.9,12.3,DEMO / SIMULATED DATA - Atmospheric Dynamics Prototype
2024-06-29,12:00,Andhra Pradesh,15.9129,79.74,Southwest Monsoon,12 hours,High Wind,9.4,34.0,70.4,15.3,34.8,74.1,7.1,34.4,71.5,8.3,34.5,70.4,12.5,33.0,73.0,6.4,36.5,67.8,4.8,33.6,74.0,11.0,36.4,69.2,6.9,32.8,68.1,DEMO / SIMULATED DATA - Atmospheric Dynamics Prototype
2024-01-10,18:00,Odisha,20.9517,85.0985,Winter,12 hours,Heavy Rain,98.9,14.7,45.8,96.8,16.1,42.0,96.7,15.2,45.8,99.9,14.4,44.1,101.5,14.0,46.8,100.7,13.1,45.8,90.9,16.5,41.3,98.0,14.7,42.0,108.4,13.6,44.6,DEMO / SIMULATED DATA - Atmospheric Dynamics Prototype
2024-12-04,00:00,Karnataka,15.3173,75.7139,Post-Monsoon,6 hours,Normal,0.6,23.0,23.5,2.6,21.6,29.0,2.0,23.3,23.1,0.0,23.0,22.6,0.0,24.4,25.4,0.0,23.5,19.9,0.0,23.0,20.9,0.0,22.9,19.1,0.2,21.3,27.7,DEMO / SIMULATED DATA - Atmospheric Dynamics Prototype
2024-08-03,06:00,Karnataka,15.3173,75.7139,Southwest Monsoon,6 hours,Heavy Rain,122.7,22.5,45.0,121.2,24.5,53.4,123.5,21.8,46.4,124.0,22.8,45.5,119.5,22.0,43.9,129.2,23.9,48.3,125.8,21.4,45.8,130.6,23.1,48.8,114.9,23.6,40.6,DEMO / SIMULATED DATA - Atmospheric Dynamics Prototype
2024-05-18,00:00,Andhra Pradesh,15.9129,79.74,Summer,12 hours,High Wind,14.2,30.3,60.0,17.3,29.2,56.4,14.5,29.8,60.2,13.8,30.7,60.1,22.6,29.7,60.8,8.3,30.9,58.0,15.4,30.6,60.5,9.9,29.9,60.9,12.9,32.6,60.2,DEMO / SIMULATED DATA - Atmospheric Dynamics Prototype
2024-10-03,06:00,Kerala,10.8505,76.2711,Post-Monsoon,24 hours,Normal,0.2,25.7,21.6,4.0,24.0,24.1,0.0,25.6,22.7,0.8,25.0,22.1,0.1,24.7,22.7,0.0,25.6,21.4,0.0,24.1,19.4,2.3,24.2,26.8,1.4,26.4,20.0,DEMO / SIMULATED DATA - Atmospheric Dynamics Prototype
2024-01-25,00:00,Telangana,18.1124,79.0193,Winter,72 hours,Normal,0.0,16.6,11.0,0.0,17.6,5.8,0.6,17.6,20.8,3.0,14.8,8.6,3.6,16.7,11.0,1.7,17.9,7.6,5.7,14.7,13.5,3.9,15.1,1.4,0.0,9.8,9.7,DEMO / SIMULATED DATA - Atmospheric Dynamics Prototype
2024-10-23,06:00,Maharashtra,19.7515,75.7139,Post-Monsoon,72 hours,Heat Wave,0.0,46.1,20.1,0.0,44.7,26.6,0.0,47.0,24.6,2.5,44.7,23.1,0.0,46.3,23.2,4.2,46.9,20.0,3.7,42.1,28.1,0.0,44.4,23.8,4.7,43.6,20.6,DEMO / SIMULATED DATA - Atmospheric Dynamics Prototype
2024-08-09,18:00,Telangana,18.1124,79.0193,Southwest Monsoon,12 hours,Normal,4.2,31.7,8.6,2.1,31.4,9.4,4.4,31.8,8.9,4.5,32.4,9.4,5.9,34.0,11.5,3.0,33.0,5.6,2.0,32.6,10.9,6.9,30.9,6.3,4.9,31.3,12.5,DEMO / SIMULATED DATA - Atmospheric Dynamics Prototype
2024-07-24,12:00,Odisha,20.9517,85.0985,Southwest Monsoon,12 hours,Heavy Rain,132.2,27.4,40.5,134.7,27.3,37.3,136.6,28.5,40.1,134.6,27.5,41.3,133.2,27.0,36.4,136.6,26.6,44.2,135.0,27.8,40.4,135.4,26.1,45.7,132.9,29.8,40.0,DEMO / SIMULATED DATA - Atmospheric Dynamics Prototype
2024-02-05,18:00,Rajasthan,27.0238,74.2179,Winter,48 hours,Heavy Rain,53.6,8.0,37.0,47.6,7.1,51.2,55.2,8.8,29.2,55.2,6.3,41.8,53.4,9.1,45.1,50.5,5.4,34.0,49.5,6.7,41.2,55.7,5.8,44.5,66.8,4.3,44.0,DEMO / SIMULATED DATA - Atmospheric Dynamics Prototype
2024-08-05,18:00,Odisha,20.9517,85.0985,Southwest Monsoon,48 hours,Normal,4.5,28.2,18.6,17.7,27.3,11.1,2.5,30.0,17.3,6.9,28.8,16.3,6.9,28.4,18.8,11.7,26.8,14.5,0.0,28.8,18.8,8.9,28.1,17.6,6.8,31.9,11.6,DEMO / SIMULATED DATA - Atmospheric Dynamics Prototype
2024-11-23,06:00,Tamil Nadu,11.1271,78.6569,Northeast Monsoon,12 hours,Storm/Cyclone,178.3,21.8,103.0,195.1,20.3,101.9,175.6,21.2,103.5,175.5,21.1,102.4,182.2,21.7,98.5,176.2,21.2,103.3,177.7,19.1,99.9,173.2,23.1,101.9,168.0,20.4,108.2,DEMO / SIMULATED DATA - Atmospheric Dynamics Prototype
2024-12-22,12:00,Karnataka,15.3173,75.7139,Post-Monsoon,6 hours,Normal,2.5,31.2,22.1,0.0,30.8,30.4,5.7,30.4,26.1,3.6,31.5,22.7,2.9,30.8,21.5,2.7,32.3,22.6,3.7,32.6,20.8,3.8,31.8,22.6,4.9,30.1,26.2,DEMO / SIMULATED DATA - Atmospheric Dynamics Prototype
2024-01-08,12:00,Karnataka,15.3173,75.7139,Winter,24 hours,Normal,1.3,23.5,15.6,0.0,23.7,22.0,0.3,23.4,17.9,2.5,23.4,11.2,2.4,22.0,15.9,7.0,23.5,6.7,3.0,23.2,8.6,0.0,25.1,12.4,0.0,23.4,12.4,DEMO / SIMULATED DATA - Atmospheric Dynamics Prototype
2024-09-30,00:00,Telangana,18.1124,79.0193,Southwest Monsoon,48 hours,Normal,8.4,25.3,12.2,17.8,25.2,14.9,10.3,26.0,10.4,9.5,24.7,11.2,9.6,25.1,13.4,7.6,24.9,6.5,8.4,25.7,20.7,11.4,23.9,6.8,10.3,23.7,8.8,DEMO / SIMULATED DATA - Atmospheric Dynamics Prototype
2024-06-01,12:00,Karnataka,15.3173,75.7139,Southwest Monsoon,48 hours,Normal,9.7,31.2,20.0,6.8,29.0,32.5,0.0,32.7,21.8,13.7,30.4,20.7,7.9,30.1,25.6,19.4,30.8,18.3,15.8,30.8,22.7,13.1,31.3,20.9,12.3,28.8,15.9,DEMO / SIMULATED DATA - Atmospheric Dynamics Prototype
2024-01-08,00:00,Telangana,18.1124,79.0193,Winter,72 hours,Normal,0.0,16.4,11.2,0.0,14.5,16.1,0.0,15.7,18.0,1.9,17.8,9.6,0.0,17.5,9.0,0.0,13.7,17.2,0.0,17.9,5.8,9.5,21.4,1.0,0.0,18.4,14.8,DEMO / SIMULATED DATA - Atmospheric Dynamics Prototype
2024-04-02,00:00,Andhra Pradesh,15.9129,79.74,Summer,6 hours,Heavy Rain,86.2,28.4,43.7,65.7,30.4,41.2,87.5,28.1,42.3,81.8,28.6,41.4,81.2,28.9,46.6,83.3,26.9,45.9,80.1,29.8,40.8,81.5,28.7,39.9,82.8,28.9,33.6,DEMO / SIMULATED DATA - Atmospheric Dynamics Prototype
2024-06-22,12:00,Kerala,10.8505,76.2711,Southwest Monsoon,48 hours,Normal,8.9,32.2,19.8,15.0,33.3,27.2,4.7,32.7,22.1,9.1,31.7,20.2,11.5,33.5,17.5,8.4,31.3,19.6,12.6,29.4,24.9,1.9,31.6,26.4,11.2,32.9,12.7,DEMO / SIMULATED DATA - Atmospheric Dynamics Prototype
2024-01-21,00:00,Karnataka,15.3173,75.7139,Winter,48 hours,Heat Wave,0.0,45.1,14.9,1.7,45.2,14.9,0.0,44.1,9.2,2.7,46.1,14.5,1.8,44.3,18.0,0.0,43.6,14.0,0.0,46.8,13.2,0.0,47.8,17.6,11.6,47.9,9.6,DEMO / SIMULATED DATA - Atmospheric Dynamics Prototype
2024-07-04,12:00,Kerala,10.8505,76.2711,Southwest Monsoon,6 hours,Heavy Rain,144.5,27.3,50.7,136.1,26.8,44.5,147.9,27.1,53.6,145.3,28.4,52.4,141.3,28.2,49.6,140.4,28.9,53.7,145.3,27.3,52.1,145.3,26.2,49.2,154.0,31.4,57.2,DEMO / SIMULATED DATA - Atmospheric Dynamics Prototype
2024-06-23,18:00,Telangana,18.1124,79.0193,Southwest Monsoon,12 hours,Normal,4.5,29.4,11.8,3.9,29.4,10.0,2.8,29.4,13.3,7.4,29.0,10.1,3.1,27.3,8.5,8.1,30.5,13.7,6.5,30.7,10.6,5.1,28.3,11.1,14.3,28.1,6.6,DEMO / SIMULATED DATA - Atmospheric Dynamics Prototype
2024-03-21,18:00,Andhra Pradesh,15.9129,79.74,Summer,6 hours,Normal,0.4,35.4,19.2,0.0,38.1,23.8,0.0,35.3,20.4,0.2,35.7,17.4,0.0,33.7,23.5,0.0,36.3,21.1,0.0,37.7,19.4,1.0,33.3,11.4,0.0,37.4,11.5,DEMO / SIMULATED DATA - Atmospheric Dynamics Prototype
2024-02-19,06:00,Telangana,18.1124,79.0193,Winter,12 hours,Normal,0.5,20.8,15.2,0.0,22.3,16.5,0.0,20.4,17.0,1.4,19.9,15.2,4.0,20.3,12.5,2.8,19.3,11.4,0.0,20.3,10.7,0.0,19.2,17.7,0.0,20.2,23.8,DEMO / SIMULATED DATA - Atmospheric Dynamics Prototype
2024-02-29,00:00,Kerala,10.8505,76.2711,Winter,72 hours,Storm/Cyclone,125.0,22.6,75.9,109.8,24.7,77.2,120.4,21.4,70.9,128.2,22.2,73.3,128.7,21.9,71.4,130.2,22.1,69.7,135.8,23.8,76.1,123.5,22.0,74.0,122.8,21.1,75.2,DEMO / SIMULATED DATA - Atmospheric Dynamics Prototype
2024-12-29,06:00,Karnataka,15.3173,75.7139,Post-Monsoon,6 hours,Normal,0.0,28.6,17.9,0.0,29.3,13.3,0.0,26.6,19.2,0.1,28.7,18.7,0.0,28.2,18.1,0.0,28.7,19.7,0.7,28.1,18.0,0.0,29.6,22.5,0.0,29.0,15.1,DEMO / SIMULATED DATA - Atmospheric Dynamics Prototype
2024-10-02,00:00,Karnataka,15.3173,75.7139,Post-Monsoon,24 hours,Normal,3.3,24.3,17.8,,24.6,15.2,5.5,23.7,18.4,6.5,24.0,17.3,2.5,24.6,17.6,0.2,25.6,14.9,6.1,21.9,16.7,11.1,23.9,18.2,12.5,24.0,19.1,DEMO / SIMULATED DATA - Atmospheric Dynamics Prototype
2024-11-22,06:00,Andhra Pradesh,15.9129,79.74,Northeast Monsoon,72 hours,Normal,16.0,24.6,23.5,17.6,27.5,18.2,22.4,25.7,23.2,16.8,24.0,24.7,11.6,23.6,24.6,8.4,24.8,26.0,22.2,21.8,30.6,28.3,25.5,17.1,13.3,24.5,25.4,DEMO / SIMULATED DATA - Atmospheric Dynamics Prototype
2024-09-28,06:00,Kerala,10.8505,76.2711,Southwest Monsoon,24 hours,Heavy Rain,85.1,25.4,52.3,96.5,27.2,51.8,84.3,25.9,54.9,84.3,25.3,54.5,85.4,26.9,54.2,82.9,24.9,52.2,78.1,24.6,56.6,92.0,25.9,54.3,83.3,24.2,55.1,DEMO / SIMULATED DATA - Atmospheric Dynamics Prototype
2024-04-30,00:00,Odisha,20.9517,85.0985,Summer,6 hours,High Wind,16.6,24.0,72.1,18.5,23.4,75.8,14.3,23.6,74.6,19.0,24.0,72.9,17.7,23.2,72.2,22.6,24.1,71.7,19.9,24.4,76.7,19.8,25.2,77.6,15.1,23.1,66.5,DEMO / SIMULATED DATA - Atmospheric Dynamics Prototype
2024-09-25,18:00,Andhra Pradesh,15.9129,79.74,Southwest Monsoon,24 hours,Normal,5.1,28.1,18.7,10.5,27.8,22.9,5.3,26.5,20.1,3.5,28.0,16.5,3.4,27.3,20.3,5.6,28.0,19.0,1.3,30.6,19.4,5.9,28.0,11.6,1.2,25.9,12.2,DEMO / SIMULATED DATA - Atmospheric Dynamics Prototype
2024-12-10,12:00,Tamil Nadu,11.1271,78.6569,Northeast Monsoon,24 hours,Storm/Cyclone,197.1,24.5,88.5,191.7,21.6,91.6,202.1,23.6,88.3,198.8,23.7,86.1,199.8,24.5,88.9,195.6,24.0,88.2,197.3,22.9,88.2,205.1,23.8,83.1,196.2,23.2,81.9,DEMO / SIMULATED DATA - Atmospheric Dynamics Prototype
2024-03-04,18:00,Tamil Nadu,11.1271,78.6569,Summer,48 hours,Heavy Rain,83.1,30.2,44.2,62.4,26.9,41.6,85.7,30.4,56.9,85.9,31.1,41.4,87.2,29.1,40.3,95.4,31.7,46.5,83.5,30.7,37.4,84.1,30.3,39.4,79.3,33.5,43.5,DEMO / SIMULATED DATA - Atmospheric Dynamics Prototype
2024-09-10,06:00,Rajasthan,27.0238,74.2179,Southwest Monsoon,48 hours,Normal,10.7,32.2,12.2,15.2,33.0,20.6,5.4,32.6,11.7,9.6,33.4,9.9,9.9,32.9,12.6,5.8,33.6,14.5,18.6,33.4,11.2,9.4,34.2,8.1,4.4,32.7,3.3,DEMO / SIMULATED DATA - Atmospheric Dynamics Prototype
2024-10-08,06:00,Tamil Nadu,11.1271,78.6569,Northeast Monsoon,72 hours,High Wind,30.3,29.9,53.3,38.7,30.5,50.3,29.3,30.7,54.5,34.9,30.6,54.2,32.9,32.2,49.4,34.3,29.7,58.5,40.5,30.3,56.7,39.1,32.2,61.1,27.9,28.6,45.3,DEMO / SIMULATED DATA - Atmospheric Dynamics Prototype
2024-02-16,18:00,Odisha,20.9517,85.0985,Winter,12 hours,Normal,0.0,20.1,20.0,2.3,20.0,21.4,2.1,19.5,22.1,2.1,20.0,20.3,0.0,21.4,20.4,0.2,18.2,21.9,0.4,20.3,19.7,2.9,21.3,21.9,6.8,18.9,17.4,DEMO / SIMULATED DATA - Atmospheric Dynamics Prototype
2024-05-02,00:00,Tamil Nadu,11.1271,78.6569,Summer,6 hours,Heavy Rain,92.5,24.5,34.9,115.7,23.4,34.5,91.1,24.9,33.7,92.2,24.2,36.6,89.5,24.3,34.2,90.6,24.0,38.1,91.3,23.2,33.4,92.7,22.7,40.9,96.7,26.7,36.5,DEMO / SIMULATED DATA - Atmospheric Dynamics Prototype
2024-01-06,18:00,Tamil Nadu,11.1271,78.6569,Winter,12 hours,Heavy Rain,66.8,12.9,44.3,64.8,14.3,43.0,65.4,12.8,49.1,67.9,12.7,47.1,72.4,12.4,47.3,66.9,15.0,47.6,67.9,13.0,46.4,69.0,11.3,45.1,63.4,12.0,49.2,DEMO / SIMULATED DATA - Atmospheric Dynamics Prototype
2024-12-14,12:00,Maharashtra,19.7515,75.7139,Post-Monsoon,6 hours,Heat Wave,0.0,48.3,19.2,1.5,48.7,12.4,2.9,47.3,21.5,0.4,47.9,18.8,0.0,47.0,19.0,0.0,49.4,17.8,0.0,49.1,19.1,2.2,48.1,23.5,0.0,45.9,14.6,DEMO / SIMULATED DATA - Atmospheric Dynamics Prototype
2024-09-19,00:00,Kerala,10.8505,76.2711,Southwest Monsoon,72 hours,Heavy Rain,133.2,19.9,41.8,130.7,19.7,44.6,124.5,21.8,44.8,133.9,19.4,41.8,130.7,18.1,40.9,134.5,20.2,42.5,137.4,17.6,41.4,135.4,20.9,47.4,131.5,20.0,36.6,DEMO / SIMULATED DATA - Atmospheric Dynamics Prototype
2024-08-19,12:00,Kerala,10.8505,76.2711,Southwest Monsoon,48 hours,High Wind,16.3,35.7,63.2,19.2,35.5,61.6,15.4,33.1,56.1,15.8,34.5,61.0,25.8,34.2,57.5,13.0,36.4,65.4,10.8,35.9,60.7,17.5,35.1,59.5,11.8,30.9,61.9,DEMO / SIMULATED DATA - Atmospheric Dynamics Prototype
2024-08-13,06:00,Karnataka,15.3173,75.7139,Southwest Monsoon,6 hours,Heavy Rain,97.2,23.8,45.5,118.5,22.7,38.6,98.9,23.6,42.4,95.4,23.3,45.5,97.0,24.4,45.2,94.7,23.6,45.4,90.0,23.6,41.2,100.0,21.7,49.2,95.2,23.0,46.7,DEMO / SIMULATED DATA - Atmospheric Dynamics Prototype
2024-09-05,18:00,Karnataka,15.3173,75.7139,Southwest Monsoon,12 hours,Normal,16.1,30.3,12.1,18.9,29.2,15.4,14.5,30.5,16.5,17.3,30.9,13.4,18.5,30.6,15.3,14.2,30.8,9.7,14.7,32.3,13.0,22.5,30.2,16.9,16.4,30.5,12.2,DEMO / SIMULATED DATA - Atmospheric Dynamics Prototype
2024-11-23,18:00,Odisha,20.9517,85.0985,Post-Monsoon,24 hours,Storm/Cyclone,117.0,24.5,101.3,146.1,25.8,98.8,117.6,24.6,102.8,119.2,25.2,103.1,117.6,25.1,106.1,110.1,23.9,104.4,116.8,25.3,100.6,125.0,26.4,102.6,126.6,25.1,101.6,DEMO / SIMULATED DATA - Atmospheric Dynamics Prototype
2024-01-31,00:00,Maharashtra,19.7515,75.7139,Winter,72 hours,Normal,2.0,19.1,15.0,1.5,15.8,24.8,14.3,19.3,12.9,0.4,18.4,17.0,0.0,18.2,20.6,2.0,18.2,15.2,0.0,16.0,13.3,0.0,20.1,20.8,0.0,19.6,14.9,DEMO / SIMULATED DATA - Atmospheric Dynamics Prototype
2024-08-28,00:00,Andhra Pradesh,15.9129,79.74,Southwest Monsoon,72 hours,Normal,9.1,24.7,17.7,18.0,22.5,12.5,4.1,24.3,19.2,14.4,24.6,14.5,11.0,22.1,22.2,11.6,26.2,6.7,14.3,22.7,15.3,19.5,26.2,13.5,15.6,25.6,14.8,DEMO / SIMULATED DATA - Atmospheric Dynamics Prototype
2024-05-25,00:00,Maharashtra,19.7515,75.7139,Summer,72 hours,Heavy Rain,95.6,26.4,35.1,86.7,26.1,43.4,100.1,25.4,39.5,96.6,27.3,29.7,93.1,23.9,26.4,98.3,25.9,39.7,98.0,26.9,32.7,99.4,29.9,22.6,94.4,29.9,27.1,DEMO / SIMULATED DATA - Atmospheric Dynamics Prototype
2024-07-06,18:00,Tamil Nadu,11.1271,78.6569,Southwest Monsoon,24 hours,Heavy Rain,132.8,20.5,45.0,117.7,17.8,37.3,130.0,20.6,42.9,134.5,20.9,44.1,136.0,19.3,43.2,125.9,20.0,45.0,137.6,20.7,47.8,137.9,21.1,41.1,135.1,23.2,43.4,DEMO / SIMULATED DATA - Atmospheric Dynamics Prototype
2024-07-19,00:00,Rajasthan,27.0238,74.2179,Southwest Monsoon,48 hours,Normal,3.6,25.5,15.7,1.2,26.3,14.4,3.9,27.1,5.3,2.9,26.4,15.8,5.9,26.3,13.8,3.5,24.1,12.6,5.1,29.9,18.8,0.0,27.0,18.8,0.0,24.8,14.8,DEMO / SIMULATED DATA - Atmospheric Dynamics Prototype
2024-05-10,06:00,Maharashtra,19.7515,75.7139,Summer,6 hours,Normal,0.0,33.9,16.4,0.0,33.7,18.6,0.0,35.3,14.3,0.1,33.0,18.2,0.4,33.3,15.2,0.0,34.1,18.6,0.0,32.1,20.8,0.0,33.6,16.6,0.0,31.7,20.0,DEMO / SIMULATED DATA - Atmospheric Dynamics Prototype
2024-04-14,00:00,Rajasthan,27.0238,74.2179,Summer,6 hours,Normal,1.7,32.4,12.5,0.0,32.5,14.8,0.0,32.3,11.4,2.1,32.7,14.4,4.8,31.6,13.9,1.5,32.3,14.3,0.3,32.5,16.1,0.0,32.8,15.7,4.0,34.4,12.0,DEMO / SIMULATED DATA - Atmospheric Dynamics Prototype
2024-01-30,06:00,Kerala,10.8505,76.2711,Winter,12 hours,Normal,3.4,20.7,13.1,5.1,20.5,10.6,0.9,19.0,12.7,4.4,20.1,9.5,7.6,21.3,13.6,0.9,21.8,12.8,9.6,19.5,10.6,0.0,18.6,9.4,3.9,19.5,1.0,DEMO / SIMULATED DATA - Atmospheric Dynamics Prototype
2024-04-26,12:00,Telangana,18.1124,79.0193,Summer,6 hours,Heat Wave,0.0,47.4,15.0,0.0,46.5,20.6,0.0,47.5,14.7,0.4,47.1,15.8,0.0,47.7,15.4,1.5,47.5,16.1,0.3,46.6,15.0,0.0,46.3,13.8,0.0,47.5,18.8,DEMO / SIMULATED DATA - Atmospheric Dynamics Prototype
2024-06-08,00:00,Tamil Nadu,11.1271,78.6569,Southwest Monsoon,48 hours,Normal,6.6,26.2,18.8,7.7,26.6,15.0,18.6,25.1,9.9,10.3,26.9,17.7,9.8,26.1,17.8,4.1,28.9,20.2,9.6,26.5,20.0,15.2,25.7,11.1,12.7,27.3,19.4,DEMO / SIMULATED DATA - Atmospheric Dynamics Prototype
2024-10-20,06:00,Andhra Pradesh,15.9129,79.74,Northeast Monsoon,48 hours,Normal,12.5,28.3,22.8,3.8,32.6,27.5,1.7,27.9,21.9,16.3,26.9,21.9,14.0,27.1,22.9,11.9,27.2,19.4,17.4,25.4,25.0,17.4,27.9,23.1,20.6,26.8,19.2,DEMO / SIMULATED DATA - Atmospheric Dynamics Prototype
2024-09-01,06:00,Odisha,20.9517,85.0985,Southwest Monsoon,72 hours,High Wind,25.2,23.4,63.9,28.0,26.8,67.5,28.3,28.5,62.1,29.7,23.5,63.0,35.7,25.4,62.8,29.5,23.0,57.3,25.1,20.5,65.2,31.0,22.9,65.3,27.0,25.6,64.5,DEMO / SIMULATED DATA - Atmospheric Dynamics Prototype
2024-10-11,12:00,Tamil Nadu,11.1271,78.6569,Northeast Monsoon,12 hours,Heavy Rain,93.8,26.5,44.1,97.0,26.2,42.8,92.6,25.7,43.7,96.7,26.6,44.9,96.6,25.4,44.7,97.4,26.5,42.9,96.5,25.4,45.5,93.0,26.6,50.7,99.8,28.9,40.5,DEMO / SIMULATED DATA - Atmospheric Dynamics Prototype
2024-10-12,06:00,Andhra Pradesh,15.9129,79.74,Northeast Monsoon,24 hours,Heavy Rain,160.4,25.1,41.8,152.4,26.1,40.1,160.9,26.5,40.6,161.3,25.1,42.3,159.5,24.9,40.8,159.0,25.9,46.1,161.0,26.1,41.1,159.4,24.5,38.5,167.5,24.2,44.8,DEMO / SIMULATED DATA - Atmospheric Dynamics Prototype
2024-04-20,12:00,Andhra Pradesh,15.9129,79.74,Summer,72 hours,Heavy Rain,104.1,31.8,40.1,106.9,33.1,33.7,101.3,31.7,47.5,108.7,30.6,39.6,101.7,31.8,45.5,117.6,30.3,40.7,94.6,31.8,38.5,113.2,29.1,32.0,116.6,30.2,41.5,DEMO / SIMULATED DATA - Atmospheric Dynamics Prototype
2024-07-28,00:00,Maharashtra,19.7515,75.7139,Southwest Monsoon,48 hours,Heat Wave,0.0,48.2,11.9,0.0,48.8,14.0,7.7,48.2,14.3,3.4,47.4,14.0,2.7,49.1,16.6,0.0,47.4,10.5,3.4,48.0,22.4,0.1,46.3,13.6,10.7,46.4,6.8,DEMO / SIMULATED DATA - Atmospheric Dynamics Prototype
2024-08-12,06:00,Andhra Pradesh,15.9129,79.74,Southwest Monsoon,72 hours,Heavy Rain,80.4,24.5,48.6,77.1,22.1,54.0,82.0,25.6,53.2,80.2,24.6,48.3,91.1,23.1,45.2,89.4,25.6,48.9,77.4,24.0,47.5,69.6,26.7,36.1,73.4,23.4,63.6,DEMO / SIMULATED DATA - Atmospheric Dynamics Prototype
2024-05-13,12:00,Odisha,20.9517,85.0985,Summer,48 hours,Normal,0.5,37.8,19.8,0.0,36.0,21.3,0.0,35.3,20.3,1.7,37.7,19.0,2.7,37.6,23.5,4.2,39.4,22.9,1.8,35.7,18.2,0.0,36.1,16.8,0.0,39.7,13.5,DEMO / SIMULATED DATA - Atmospheric Dynamics Prototype
2024-02-20,00:00,Karnataka,15.3173,75.7139,Winter,24 hours,Normal,2.5,18.0,19.9,4.4,17.4,19.1,2.7,17.4,20.8,4.4,18.3,21.3,2.9,17.9,22.3,2.1,18.8,16.1,6.2,18.8,28.1,10.7,19.5,17.5,0.0,16.7,22.4,DEMO / SIMULATED DATA - Atmospheric Dynamics Prototype
2024-08-12,06:00,Maharashtra,19.7515,75.7139,Southwest Monsoon,48 hours,Heavy Rain,80.5,25.5,44.1,70.1,24.2,55.0,78.0,27.6,41.6,81.6,24.9,43.6,83.8,26.6,47.2,82.3,27.5,45.6,89.7,22.8,45.7,82.2,23.7,47.2,70.1,24.1,32.1,DEMO / SIMULATED DATA - Atmospheric Dynamics Prototype
2024-06-11,18:00,Telangana,18.1124,79.0193,Southwest Monsoon,24 hours,Heavy Rain,130.3,27.7,33.6,,25.7,26.9,127.8,29.0,38.6,129.0,28.7,33.0,130.9,27.8,32.7,126.8,29.3,39.7,126.3,27.6,31.9,128.2,29.6,27.9,133.0,29.0,32.9,DEMO / SIMULATED DATA - Atmospheric Dynamics Prototype
2024-04-13,00:00,Odisha,20.9517,85.0985,Summer,48 hours,Storm/Cyclone,142.1,24.1,79.1,131.5,27.0,77.2,136.6,22.9,74.5,139.6,24.7,79.7,138.1,23.3,86.9,136.9,22.0,80.2,141.7,25.2,76.6,136.7,27.3,70.6,144.6,25.6,84.0,DEMO / SIMULATED DATA - Atmospheric Dynamics Prototype
2024-04-27,18:00,Maharashtra,19.7515,75.7139,Summer,12 hours,Normal,0.0,35.6,20.0,6.9,36.1,18.1,1.0,36.4,20.2,0.6,35.1,22.0,0.0,34.0,19.0,2.7,34.5,22.0,0.1,36.5,12.0,0.0,34.9,27.3,0.0,35.4,29.5,DEMO / SIMULATED DATA - Atmospheric Dynamics Prototype
2024-05-02,12:00,Andhra Pradesh,15.9129,79.74,Summer,48 hours,Heavy Rain,102.0,35.0,52.2,80.9,37.0,47.6,100.3,37.3,58.0,102.8,34.1,52.5,95.9,33.9,54.3,94.1,37.0,52.7,109.6,33.7,49.2,108.4,34.4,45.6,105.9,31.5,60.8,DEMO / SIMULATED DATA - Atmospheric Dynamics Prototype
2024-01-04,18:00,Rajasthan,27.0238,74.2179,Winter,12 hours,Normal,0.3,14.9,11.5,0.0,13.2,11.1,0.0,15.4,10.7,1.9,14.9,11.6,0.0,14.3,9.0,0.0,12.6,11.8,0.0,17.2,14.9,7.7,15.9,9.2,2.0,14.4,13.0,DEMO / SIMULATED DATA - Atmospheric Dynamics Prototype
2024-01-25,06:00,Tamil Nadu,11.1271,78.6569,Winter,48 hours,High Wind,7.2,18.9,64.0,17.3,19.5,72.4,12.6,15.2,62.2,2.9,19.9,65.8,2.5,20.7,66.6,7.9,18.3,65.7,2.1,19.4,63.4,2.2,20.2,74.0,0.0,21.0,59.2,DEMO / SIMULATED DATA - Atmospheric Dynamics Prototype
2024-02-15,06:00,Kerala,10.8505,76.2711,Winter,72 hours,Normal,0.0,16.3,16.0,2.7,15.3,25.2,0.0,14.3,20.1,0.0,15.9,14.8,0.0,17.0,20.9,0.0,15.6,8.4,0.1,20.7,17.2,0.0,9.9,9.1,0.0,16.5,18.4,DEMO / SIMULATED DATA - Atmospheric Dynamics Prototype
2024-04-15,06:00,Rajasthan,27.0238,74.2179,Summer,6 hours,Heat Wave,0.0,44.0,10.5,0.0,42.9,12.5,0.0,42.7,17.6,0.0,44.8,9.3,0.0,45.2,10.4,0.0,44.7,10.7,0.0,43.9,11.8,0.0,43.3,6.9,0.0,46.8,6.7,DEMO / SIMULATED DATA - Atmospheric Dynamics Prototype
2024-03-31,06:00,Telangana,18.1124,79.0193,Summer,12 hours,Normal,3.2,41.5,16.7,0.0,41.5,19.1,0.8,43.2,18.5,3.1,41.8,12.8,5.5,42.3,11.1,5.6,43.9,18.9,2.2,40.1,12.6,0.0,40.9,12.5,2.4,41.8,9.1,DEMO / SIMULATED DATA - Atmospheric Dynamics Prototype
2024-06-20,00:00,Rajasthan,27.0238,74.2179,Southwest Monsoon,48 hours,Normal,4.7,23.1,9.8,4.9,22.1,6.3,2.1,26.7,18.0,4.3,22.1,8.8,3.8,20.7,7.9,8.7,20.9,12.2,7.6,23.1,9.6,0.0,24.5,11.4,1.3,21.4,2.7,DEMO / SIMULATED DATA - Atmospheric Dynamics Prototype
2024-08-22,12:00,Maharashtra,19.7515,75.7139,Southwest Monsoon,12 hours,High Wind,28.8,33.5,52.8,21.3,35.2,57.8,28.2,33.0,52.2,27.7,34.2,53.9,28.2,34.2,50.1,26.8,33.3,53.5,32.2,33.9,58.8,24.3,35.6,49.1,26.8,34.1,58.0,DEMO / SIMULATED DATA - Atmospheric Dynamics Prototype
2024-11-06,12:00,Andhra Pradesh,15.9129,79.74,Northeast Monsoon,24 hours,High Wind,34.4,35.6,55.7,34.9,36.8,51.3,31.4,34.7,52.8,36.3,35.1,57.7,36.5,35.0,52.3,31.8,36.4,57.9,38.8,35.2,63.3,39.9,33.7,59.2,34.5,35.3,55.7,DEMO / SIMULATED DATA - Atmospheric Dynamics Prototype
2024-05-29,06:00,Rajasthan,27.0238,74.2179,Summer,12 hours,Normal,0.0,40.0,16.2,9.1,39.6,13.6,0.0,39.8,19.7,0.8,40.3,14.4,0.0,41.0,16.5,4.1,41.7,16.4,0.0,40.1,15.9,0.0,42.2,17.2,0.0,36.6,5.9,DEMO / SIMULATED DATA - Atmospheric Dynamics Prototype
2024-07-04,18:00,Andhra Pradesh,15.9129,79.74,Southwest Monsoon,24 hours,Heavy Rain,140.4,26.7,40.9,148.3,26.9,45.6,140.0,26.7,41.6,138.4,26.8,38.5,142.0,25.9,40.8,137.9,28.5,35.3,143.0,25.6,36.6,138.9,28.8,38.1,130.0,25.0,41.5,DEMO / SIMULATED DATA - Atmospheric Dynamics Prototype
2024-07-25,00:00,Andhra Pradesh,15.9129,79.74,Southwest Monsoon,72 hours,Heavy Rain,82.7,20.3,49.8,75.3,19.2,41.3,82.0,19.2,57.9,81.5,19.6,48.9,86.3,21.0,49.9,81.5,19.9,42.0,82.7,18.7,49.3,83.1,19.2,55.6,73.9,19.0,47.5,DEMO / SIMULATED DATA - Atmospheric Dynamics Prototype
2024-12-06,00:00,Andhra Pradesh,15.9129,79.74,Northeast Monsoon,72 hours,Normal,21.5,25.6,21.5,17.7,27.5,24.0,31.0,24.8,19.5,22.7,24.4,25.9,22.1,25.5,24.4,20.3,23.8,27.7,33.6,22.5,24.1,26.9,26.2,31.3,10.5,24.1,22.2,DEMO / SIMULATED DATA - Atmospheric Dynamics Prototype
2024-01-13,18:00,Telangana,18.1124,79.0193,Winter,48 hours,High Wind,19.0,20.4,51.5,26.8,19.8,46.2,12.5,21.7,51.7,17.7,20.6,50.9,21.4,21.1,45.0,13.8,18.9,48.3,16.7,22.1,57.0,17.2,19.9,47.8,19.6,20.8,56.3,DEMO / SIMULATED DATA - Atmospheric Dynamics Prototype
2024-04-27,12:00,Rajasthan,27.0238,74.2179,Summer,12 hours,Heat Wave,0.0,46.9,16.2,0.0,48.4,15.0,0.4,46.1,13.7,2.8,46.6,16.6,2.0,47.7,16.3,0.0,46.9,19.8,6.9,46.5,10.6,3.8,46.5,19.9,1.4,45.5,16.5,DEMO / SIMULATED DATA - Atmospheric Dynamics Prototype
2024-11-30,18:00,Tamil Nadu,11.1271,78.6569,Northeast Monsoon,6 hours,Normal,13.4,27.0,16.2,15.6,25.5,19.1,12.3,26.6,14.0,13.1,26.9,12.5,14.8,27.4,15.2,19.1,27.0,16.2,13.6,26.2,13.0,11.8,27.9,9.4,6.1,26.1,8.7,DEMO / SIMULATED DATA - Atmospheric Dynamics Prototype
2024-03-23,18:00,Rajasthan,27.0238,74.2179,Summer,12 hours,Heat Wave,0.0,43.9,12.3,5.3,41.5,8.6,0.0,44.2,18.8,0.6,44.4,9.8,1.6,43.7,9.4,0.0,44.9,10.0,0.0,46.0,6.5,1.2,42.6,18.7,0.0,45.0,4.3,DEMO / SIMULATED DATA - Atmospheric Dynamics Prototype
2024-02-07,18:00,Rajasthan,27.0238,74.2179,Winter,72 hours,Heavy Rain,121.2,11.7,27.7,126.0,11.8,30.4,113.4,10.3,25.1,121.3,10.5,25.1,123.3,9.6,28.3,125.4,11.8,28.0,119.3,11.8,25.3,120.0,10.7,26.6,118.6,8.7,17.1,DEMO / SIMULATED DATA - Atmospheric Dynamics Prototype
2024-08-14,12:00,Maharashtra,19.7515,75.7139,Southwest Monsoon,24 hours,Heat Wave,0.0,47.9,16.5,0.0,47.2,15.3,1.1,46.5,16.3,0.3,47.6,16.1,1.1,47.3,15.2,0.0,47.3,16.5,0.6,45.0,19.0,0.0,51.0,11.3,0.0,47.5,18.5,DEMO / SIMULATED DATA - Atmospheric Dynamics Prototype
2024-04-24,00:00,Tamil Nadu,11.1271,78.6569,Summer,6 hours,Normal,0.6,29.6,16.0,6.4,29.0,12.6,2.2,30.8,16.9,2.3,29.9,18.2,3.9,31.0,13.9,3.6,28.1,17.2,0.3,31.1,19.8,3.0,30.0,17.9,0.9,29.5,22.0,DEMO / SIMULATED DATA - Atmospheric Dynamics Prototype
2024-07-04,00:00,Andhra Pradesh,15.9129,79.74,Southwest Monsoon,48 hours,High Wind,22.6,25.9,71.4,25.4,27.4,61.0,23.7,26.5,66.5,23.5,25.7,72.5,18.1,25.1,70.8,19.2,26.7,73.1,24.6,28.0,74.4,24.3,23.5,77.5,31.4,25.2,66.6,DEMO / SIMULATED DATA - Atmospheric Dynamics Prototype
2024-03-21,06:00,Rajasthan,27.0238,74.2179,Summer,6 hours,Heat Wave,0.0,44.3,13.3,0.4,45.6,13.7,0.0,43.2,13.5,1.4,43.2,16.4,0.0,42.6,11.0,0.0,43.7,13.2,0.0,44.2,20.5,0.0,43.1,19.1,7.1,42.6,18.3,DEMO / SIMULATED DATA - Atmospheric Dynamics Prototype
2024-07-18,06:00,Andhra Pradesh,15.9129,79.74,Southwest Monsoon,6 hours,Normal,6.7,25.2,19.4,5.0,24.2,18.2,0.4,24.8,17.8,7.0,25.4,19.1,8.2,25.1,20.8,0.0,24.4,20.9,5.5,26.2,13.6,9.8,24.3,16.7,11.5,27.0,23.7,DEMO / SIMULATED DATA - Atmospheric Dynamics Prototype
2024-07-16,18:00,Telangana,18.1124,79.0193,Southwest Monsoon,6 hours,Normal,6.3,30.5,8.2,2.0,31.9,9.0,7.4,30.6,4.0,5.3,30.6,9.9,3.6,31.0,8.3,1.1,30.3,9.8,1.6,30.0,13.1,8.8,32.6,6.8,11.5,28.9,11.7,DEMO / SIMULATED DATA - Atmospheric Dynamics Prototype
2024-04-02,12:00,Karnataka,15.3173,75.7139,Summer,72 hours,Normal,0.6,37.2,19.3,0.8,39.9,15.3,0.0,33.6,17.4,5.5,36.9,23.9,0.0,36.8,18.2,8.1,37.0,24.5,3.0,35.4,19.3,11.8,39.5,26.8,4.7,36.0,30.8,DEMO / SIMULATED DATA - Atmospheric Dynamics Prototype
2024-09-07,18:00,Maharashtra,19.7515,75.7139,Southwest Monsoon,24 hours,Normal,10.7,31.6,19.2,14.8,32.4,15.4,14.6,32.6,15.2,9.6,31.6,19.4,13.6,31.4,20.0,7.6,31.7,15.6,7.1,32.3,16.3,12.9,31.8,29.6,7.0,31.0,15.7,DEMO / SIMULATED DATA - Atmospheric Dynamics Prototype
2024-03-23,00:00,Odisha,20.9517,85.0985,Summer,48 hours,Normal,0.8,33.1,12.6,2.5,33.4,8.6,3.0,36.3,15.0,2.9,33.5,11.9,0.0,34.8,19.0,3.2,33.3,6.5,0.0,32.6,9.2,0.0,33.3,9.0,11.4,33.3,15.6,DEMO / SIMULATED DATA - Atmospheric Dynamics Prototype
2024-12-30,00:00,Andhra Pradesh,15.9129,79.74,Northeast Monsoon,72 hours,High Wind,25.5,20.0,62.0,20.0,17.6,57.1,18.6,19.7,56.2,25.1,19.5,63.3,24.2,17.9,61.0,33.1,19.2,64.9,17.6,21.1,68.1,35.8,20.5,66.2,15.0,19.0,56.4,DEMO / SIMULATED DATA - Atmospheric Dynamics Prototype
2024-10-11,00:00,Tamil Nadu,11.1271,78.6569,Northeast Monsoon,72 hours,Heavy Rain,100.6,18.3,35.1,118.1,17.8,31.0,103.1,16.0,33.9,100.0,18.4,34.7,100.6,18.3,35.4,96.1,17.1,31.7,90.4,19.0,39.9,106.4,17.7,30.1,106.7,19.9,36.6,DEMO / SIMULATED DATA - Atmospheric Dynamics Prototype
2024-11-19,06:00,Karnataka,15.3173,75.7139,Post-Monsoon,48 hours,Heavy Rain,97.6,23.2,52.2,77.8,19.0,53.4,109.1,22.0,51.2,101.6,23.6,50.1,101.4,23.5,49.1,104.6,23.5,51.3,96.8,24.2,49.4,107.3,25.6,52.2,98.0,21.3,48.4,DEMO / SIMULATED DATA - Atmospheric Dynamics Prototype
2024-06-12,18:00,Andhra Pradesh,15.9129,79.74,Southwest Monsoon,12 hours,Heavy Rain,84.7,21.4,35.8,99.0,22.9,42.4,86.8,21.5,34.7,81.9,22.6,35.2,84.4,22.8,35.3,84.7,23.0,35.1,81.5,22.8,33.0,86.5,21.7,37.0,72.2,22.7,35.5,DEMO / SIMULATED DATA - Atmospheric Dynamics Prototype
2024-08-24,00:00,Kerala,10.8505,76.2711,Southwest Monsoon,48 hours,High Wind,26.1,23.7,49.5,31.9,23.1,44.2,29.7,26.9,43.3,25.2,24.4,49.8,25.6,25.0,51.3,28.9,23.7,39.1,27.5,24.3,54.7,21.5,27.0,47.9,22.7,22.1,55.8,DEMO / SIMULATED DATA - Atmospheric Dynamics Prototype
2024-02-21,18:00,Maharashtra,19.7515,75.7139,Winter,48 hours,Heat Wave,0.0,44.5,20.7,5.7,39.5,19.2,0.0,45.6,20.3,4.7,43.7,23.2,2.7,43.2,21.5,4.1,42.4,30.5,6.4,44.5,16.9,0.0,44.7,23.0,10.5,43.5,24.1,DEMO / SIMULATED DATA - Atmospheric Dynamics Prototype
2024-04-05,12:00,Odisha,20.9517,85.0985,Summer,72 hours,Normal,0.7,39.0,17.0,0.0,38.0,26.2,9.6,39.5,2.0,6.8,39.1,18.0,11.8,39.0,15.8,0.0,39.6,18.8,6.7,37.2,15.3,15.4,39.5,15.9,0.0,40.3,24.2,DEMO / SIMULATED DATA - Atmospheric Dynamics Prototype
2024-09-27,00:00,Andhra Pradesh,15.9129,79.74,Southwest Monsoon,72 hours,Storm/Cyclone,107.3,23.1,87.0,127.2,23.0,86.7,124.4,23.2,86.2,108.8,21.4,84.4,103.8,22.8,80.6,110.1,25.2,92.8,102.9,18.6,88.8,116.9,19.4,84.7,110.2,20.9,74.9,DEMO / SIMULATED DATA - Atmospheric Dynamics Prototype
2024-09-08,12:00,Maharashtra,19.7515,75.7139,Southwest Monsoon,72 hours,Heavy Rain,124.3,25.3,43.4,107.0,24.0,46.0,103.6,24.6,47.6,128.9,25.2,44.7,125.4,26.4,41.1,109.2,27.1,46.9,134.2,25.4,45.6,141.2,21.1,46.2,134.3,25.8,43.9,DEMO / SIMULATED DATA - Atmospheric Dynamics Prototype
2024-09-15,06:00,Andhra Pradesh,15.9129,79.74,Southwest Monsoon,12 hours,Heavy Rain,121.4,24.0,48.6,119.0,24.0,46.5,120.7,25.0,43.4,122.8,23.9,48.8,118.0,23.4,46.0,126.5,25.3,50.3,118.9,25.7,43.2,131.2,23.0,47.6,119.2,22.3,57.1,DEMO / SIMULATED DATA - Atmospheric Dynamics Prototype
2024-10-17,18:00,Tamil Nadu,11.1271,78.6569,Northeast Monsoon,72 hours,Storm/Cyclone,180.2,27.4,69.3,187.6,29.3,81.0,169.1,31.3,70.6,180.8,25.2,69.6,180.5,26.6,67.9,176.2,25.8,71.4,187.2,25.3,65.5,182.1,24.9,70.8,178.0,23.2,72.6,DEMO / SIMULATED DATA - Atmospheric Dynamics Prototype
2024-07-28,06:00,Maharashtra,19.7515,75.7139,Southwest Monsoon,48 hours,Normal,10.7,27.5,23.7,13.9,25.0,33.5,9.9,25.5,29.2,8.8,27.2,21.6,6.6,28.9,23.1,9.1,25.6,19.6,11.6,24.7,26.9,7.5,26.7,26.8,9.3,30.2,11.4,DEMO / SIMULATED DATA - Atmospheric Dynamics Prototype
2024-03-16,06:00,Tamil Nadu,11.1271,78.6569,Summer,6 hours,Storm/Cyclone,176.3,26.9,102.3,176.5,26.6,99.7,173.5,27.9,104.2,176.4,27.5,104.3,177.8,26.5,106.9,174.1,26.5,107.2,176.1,28.9,103.5,174.1,26.6,99.7,179.7,28.8,104.2,DEMO / SIMULATED DATA - Atmospheric Dynamics Prototype
2024-10-05,18:00,Kerala,10.8505,76.2711,Post-Monsoon,72 hours,Normal,0.3,30.6,22.6,9.4,33.7,20.3,0.0,30.3,22.9,2.5,30.0,23.9,6.6,32.2,24.6,0.0,27.8,23.7,5.8,30.4,32.9,0.0,27.8,18.5,0.0,32.0,19.6,DEMO / SIMULATED DATA - Atmospheric Dynamics Prototype
2024-05-30,06:00,Tamil Nadu,11.1271,78.6569,Summer,12 hours,Normal,1.0,31.7,21.9,0.7,33.3,22.9,4.8,31.8,24.1,2.2,31.7,22.4,0.0,32.8,16.9,3.6,32.2,22.5,0.0,31.2,26.2,0.0,29.7,18.0,7.5,32.5,28.5,DEMO / SIMULATED DATA - Atmospheric Dynamics Prototype
2024-08-04,00:00,Andhra Pradesh,15.9129,79.74,Southwest Monsoon,6 hours,Normal,4.6,25.1,16.5,6.2,23.8,18.6,9.2,24.6,14.9,5.5,24.8,16.6,4.6,26.2,15.5,10.4,24.0,17.0,0.0,24.0,15.8,5.8,26.8,13.9,6.6,23.1,20.7,DEMO / SIMULATED DATA - Atmospheric Dynamics Prototype
2024-11-20,00:00,Kerala,10.8505,76.2711,Post-Monsoon,6 hours,Heavy Rain,98.2,21.7,51.8,95.5,23.5,52.9,100.3,22.6,53.6,100.7,21.1,50.5,98.6,20.5,53.0,101.5,20.2,53.2,98.6,19.2,53.2,104.6,21.9,44.5,100.4,23.5,48.7,DEMO / SIMULATED DATA - Atmospheric Dynamics Prototype
2024-03-27,06:00,Karnataka,15.3173,75.7139,Summer,12 hours,Heavy Rain,88.9,28.6,51.5,97.8,27.4,50.6,91.6,27.9,53.8,87.1,28.7,51.2,91.8,28.9,51.1,86.7,27.8,52.4,77.5,27.9,49.1,84.4,28.9,45.8,95.1,30.1,57.5,DEMO / SIMULATED DATA - Atmospheric Dynamics Prototype
2024-06-09,06:00,Andhra Pradesh,15.9129,79.74,Southwest Monsoon,24 hours,Normal,12.2,27.6,16.2,15.5,28.5,18.8,15.4,26.8,15.4,11.5,26.6,15.3,11.6,24.8,16.8,12.1,26.3,19.0,15.8,28.2,9.7,7.2,28.1,13.9,10.9,25.6,17.1,DEMO / SIMULATED DATA - Atmospheric Dynamics Prototype
2024-12-17,06:00,Maharashtra,19.7515,75.7139,Post-Monsoon,12 hours,Heat Wave,0.0,47.2,19.0,0.2,45.8,11.7,0.0,47.1,21.8,3.2,47.2,22.1,0.0,47.0,19.9,0.0,48.1,24.7,8.7,47.3,20.1,7.2,47.0,21.7,0.0,46.7,24.1,DEMO / SIMULATED DATA - Atmospheric Dynamics Prototype
2024-01-06,06:00,Kerala,10.8505,76.2711,Winter,48 hours,Normal,0.3,19.2,18.8,3.4,19.9,26.2,0.0,20.5,24.5,2.6,19.3,17.8,4.9,16.5,16.9,0.0,19.4,10.9,0.0,22.9,21.6,1.0,19.9,19.6,7.3,17.8,19.9,DEMO / SIMULATED DATA - Atmospheric Dynamics Prototype
2024-01-25,12:00,Tamil Nadu,11.1271,78.6569,Winter,6 hours,Heavy Rain,127.8,22.9,40.9,108.3,24.3,43.9,126.3,21.0,43.4,125.1,23.3,40.2,122.5,24.7,37.7,127.8,23.1,41.9,129.0,23.1,39.5,126.8,22.0,41.3,119.3,23.4,40.5,DEMO / SIMULATED DATA - Atmospheric Dynamics Prototype
2024-06-02,06:00,Telangana,18.1124,79.0193,Southwest Monsoon,12 hours,High Wind,10.4,31.0,56.8,4.3,29.4,55.4,8.8,31.4,55.8,11.9,30.4,58.4,9.9,30.1,59.1,7.8,29.9,56.9,14.7,31.6,54.9,8.6,29.1,64.3,18.4,31.5,56.7,DEMO / SIMULATED DATA - Atmospheric Dynamics Prototype
2024-08-27,06:00,Maharashtra,19.7515,75.7139,Southwest Monsoon,72 hours,Heavy Rain,78.5,23.7,39.5,71.0,23.6,37.0,72.2,25.0,38.5,76.3,21.9,35.2,78.1,20.2,38.6,72.7,22.8,40.6,74.6,22.8,40.0,74.8,21.3,28.8,81.3,22.4,27.8,DEMO / SIMULATED DATA - Atmospheric Dynamics Prototype
2024-05-23,00:00,Kerala,10.8505,76.2711,Summer,24 hours,Heavy Rain,75.0,29.7,37.3,64.1,30.8,36.6,78.1,29.4,36.0,76.9,30.3,37.9,75.1,30.6,38.0,75.4,28.7,34.2,79.3,31.2,41.2,79.0,30.4,39.2,75.8,30.7,37.1,DEMO / SIMULATED DATA - Atmospheric Dynamics Prototype
2024-10-18,12:00,Rajasthan,27.0238,74.2179,Post-Monsoon,48 hours,High Wind,15.9,33.1,49.8,8.8,33.0,48.0,20.7,31.3,55.2,20.1,33.6,47.0,21.0,33.1,50.0,12.4,32.3,48.2,23.6,33.0,43.7,17.5,34.7,49.7,26.2,34.8,43.5,DEMO / SIMULATED DATA - Atmospheric Dynamics Prototype
2024-09-06,12:00,Rajasthan,27.0238,74.2179,Southwest Monsoon,24 hours,Normal,6.7,31.5,16.1,11.3,32.3,13.1,7.1,31.1,13.8,7.3,31.7,16.4,5.6,32.2,16.2,12.2,32.4,18.2,0.0,31.1,12.1,5.8,30.4,14.4,12.8,32.4,21.1,DEMO / SIMULATED DATA - Atmospheric Dynamics Prototype
2024-10-14,12:00,Tamil Nadu,11.1271,78.6569,Northeast Monsoon,12 hours,Heavy Rain,161.5,27.6,45.2,152.6,26.8,46.1,158.1,27.8,47.1,162.0,28.0,47.1,163.3,27.8,46.6,162.8,28.7,44.5,157.9,28.1,48.9,159.7,29.9,46.7,166.3,25.7,48.7,DEMO / SIMULATED DATA - Atmospheric Dynamics Prototype
2024-07-07,12:00,Karnataka,15.3173,75.7139,Southwest Monsoon,24 hours,Normal,12.8,33.3,19.3,18.6,32.8,16.1,17.9,33.1,21.3,13.7,34.1,19.8,11.3,32.9,19.0,15.0,34.7,17.5,17.8,33.5,18.6,15.7,35.6,21.6,8.6,33.6,22.1,DEMO / SIMULATED DATA - Atmospheric Dynamics Prototype
2024-03-09,18:00,Telangana,18.1124,79.0193,Summer,6 hours,Heat Wave,0.0,48.3,10.7,6.2,48.2,13.5,2.6,48.0,11.6,1.5,48.0,10.3,3.0,49.6,10.1,0.0,48.9,11.3,0.1,47.7,13.5,0.0,47.4,10.2,4.5,46.2,6.5,DEMO / SIMULATED DATA - Atmospheric Dynamics Prototype
2024-09-03,00:00,Odisha,20.9517,85.0985,Southwest Monsoon,48 hours,Heavy Rain,116.5,18.7,35.5,140.2,15.9,29.7,114.4,18.2,33.8,121.0,19.7,30.1,116.1,21.1,31.4,117.2,19.5,29.8,124.2,18.4,30.5,126.0,20.0,32.6,121.6,19.6,26.3,DEMO / SIMULATED DATA - Atmospheric Dynamics Prototype
2024-11-17,06:00,Odisha,20.9517,85.0985,Post-Monsoon,24 hours,Normal,0.0,29.2,17.1,0.0,29.7,17.6,1.4,28.5,21.5,0.1,28.8,19.1,0.0,28.6,18.5,0.4,30.2,16.1,0.0,27.1,23.9,0.0,28.9,25.0,0.0,29.2,12.0,DEMO / SIMULATED DATA - Atmospheric Dynamics Prototype
2024-06-03,06:00,Andhra Pradesh,15.9129,79.74,Southwest Monsoon,72 hours,Storm/Cyclone,153.2,20.9,63.2,153.4,19.9,63.3,165.1,23.8,72.4,151.8,22.0,61.9,148.6,23.1,61.3,157.2,22.0,62.6,154.5,17.6,63.5,151.5,25.9,63.4,147.3,21.2,58.5,DEMO / SIMULATED DATA - Atmospheric Dynamics Prototype
2024-08-08,18:00,Andhra Pradesh,15.9129,79.74,Southwest Monsoon,24 hours,Heavy Rain,112.4,21.4,47.0,114.3,17.9,52.5,113.8,21.8,45.9,112.9,21.0,48.6,110.4,21.3,48.5,105.0,21.6,52.5,111.8,18.6,46.3,113.9,22.0,47.7,123.6,21.7,47.9,DEMO / SIMULATED DATA - Atmospheric Dynamics Prototype
2024-11-16,18:00,Karnataka,15.3173,75.7139,Post-Monsoon,24 hours,Normal,0.0,25.9,23.8,0.0,28.9,22.5,0.6,25.4,24.8,1.1,25.7,22.1,0.0,26.3,24.1,5.4,26.1,21.1,0.0,23.3,24.3,0.0,28.3,18.7,0.0,24.7,22.5,DEMO / SIMULATED DATA - Atmospheric Dynamics Prototype
2024-03-23,06:00,Telangana,18.1124,79.0193,Summer,12 hours,Normal,0.0,39.2,12.4,7.7,39.1,9.4,0.0,39.3,12.0,0.0,39.1,13.8,0.0,37.8,13.9,0.0,40.7,11.3,0.0,38.6,12.9,0.0,38.2,14.8,0.0,40.1,16.1,DEMO / SIMULATED DATA - Atmospheric Dynamics Prototype
2024-11-25,18:00,Odisha,20.9517,85.0985,Post-Monsoon,72 hours,Normal,0.0,24.3,13.2,0.0,23.5,18.2,0.1,23.2,12.4,0.7,25.3,12.4,0.0,25.7,10.2,0.0,25.7,15.8,0.0,26.0,9.2,0.0,24.7,16.8,3.6,24.2,10.2,DEMO / SIMULATED DATA - Atmospheric Dynamics Prototype
2024-05-31,12:00,Telangana,18.1124,79.0193,Summer,24 hours,Heat Wave,0.0,46.2,15.9,7.1,45.6,11.8,0.0,46.4,21.1,1.2,45.3,16.0,1.7,44.6,14.0,0.0,45.2,14.6,1.6,47.2,20.0,2.7,43.1,11.3,0.0,46.5,20.2,DEMO / SIMULATED DATA - Atmospheric Dynamics Prototype
2024-12-04,00:00,Karnataka,15.3173,75.7139,Post-Monsoon,12 hours,Normal,0.0,24.2,20.3,0.0,26.6,18.9,0.0,23.6,18.8,0.8,24.1,20.9,0.0,23.5,17.3,0.0,24.3,21.5,0.0,25.9,20.5,0.0,24.6,20.3,3.8,22.4,25.0,DEMO / SIMULATED DATA - Atmospheric Dynamics Prototype
2024-07-29,00:00,Rajasthan,27.0238,74.2179,Southwest Monsoon,48 hours,Normal,10.3,25.0,12.7,14.9,27.9,14.7,26.0,24.8,14.3,8.7,24.2,10.8,8.0,25.4,13.7,15.1,25.6,10.6,11.7,23.9,15.2,6.8,22.3,6.7,2.1,23.8,7.6,DEMO / SIMULATED DATA - Atmospheric Dynamics Prototype
2024-02-15,06:00,Telangana,18.1124,79.0193,Winter,72 hours,Normal,1.5,20.3,12.5,5.5,23.2,9.8,8.4,19.7,10.5,3.3,20.2,12.6,0.0,18.0,14.4,3.0,20.6,19.6,12.0,22.9,11.2,0.0,18.0,12.9,1.6,21.7,5.0,DEMO / SIMULATED DATA - Atmospheric Dynamics Prototype
2024-07-16,06:00,Odisha,20.9517,85.0985,Southwest Monsoon,48 hours,Normal,17.2,27.8,21.6,10.4,31.0,27.0,20.2,30.1,21.0,15.3,27.7,20.2,14.4,27.7,16.1,22.6,27.3,18.6,13.8,27.8,22.2,16.3,27.5,24.5,9.5,28.3,19.7,DEMO / SIMULATED DATA - Atmospheric Dynamics Prototype
2024-07-17,12:00,Rajasthan,27.0238,74.2179,Southwest Monsoon,72 hours,Normal,5.7,32.7,13.2,9.0,33.3,10.1,1.8,30.1,11.0,11.8,32.0,9.9,11.8,30.9,11.0,10.7,34.3,9.9,13.0,31.8,7.0,16.6,32.9,12.2,7.1,30.2,9.3,DEMO / SIMULATED DATA - Atmospheric Dynamics Prototype
2024-02-23,18:00,Andhra Pradesh,15.9129,79.74,Winter,12 hours,Normal,0.0,23.1,18.8,0.0,24.0,21.7,2.2,23.6,19.0,1.1,23.9,18.7,2.8,23.6,15.3,0.0,23.4,22.5,1.8,23.8,15.2,0.3,24.7,20.5,0.5,24.1,19.8,DEMO / SIMULATED DATA - Atmospheric Dynamics Prototype
2024-02-09,00:00,Telangana,18.1124,79.0193,Winter,12 hours,Normal,0.0,20.2,22.8,0.0,21.6,16.4,1.4,19.2,22.0,1.0,20.1,24.0,0.0,21.9,19.6,0.0,18.4,27.4,1.6,20.4,27.8,0.7,20.5,23.3,2.9,19.4,21.9,DEMO / SIMULATED DATA - Atmospheric Dynamics Prototype
2024-01-11,18:00,Rajasthan,27.0238,74.2179,Winter,6 hours,Normal,0.0,17.0,9.4,4.2,17.2,4.6,3.2,17.2,12.4,1.3,16.9,8.3,0.0,17.6,5.5,0.0,15.7,8.4,1.8,16.3,12.2,0.0,18.2,14.2,4.9,16.5,1.0,DEMO / SIMULATED DATA - Atmospheric Dynamics Prototype
2024-10-08,00:00,Andhra Pradesh,15.9129,79.74,Northeast Monsoon,24 hours,Heavy Rain,95.8,19.1,41.2,72.3,19.8,42.8,94.7,19.3,41.1,97.7,19.4,41.7,99.5,19.2,44.2,98.9,17.6,40.9,99.5,19.4,41.5,96.5,20.1,39.5,94.1,20.6,42.2,DEMO / SIMULATED DATA - Atmospheric Dynamics Prototype
2024-06-08,06:00,Rajasthan,27.0238,74.2179,Southwest Monsoon,72 hours,High Wind,25.9,31.1,55.3,8.3,32.1,53.5,36.0,30.6,53.9,28.2,30.5,56.7,25.9,30.2,53.1,25.1,33.9,53.0,21.6,30.3,55.3,38.9,29.4,70.8,29.6,28.5,51.5,DEMO / SIMULATED DATA - Atmospheric Dynamics Prototype
2024-10-25,12:00,Rajasthan,27.0238,74.2179,Post-Monsoon,48 hours,Normal,0.0,31.8,18.4,0.0,31.3,10.9,5.3,29.8,21.6,0.2,32.0,17.2,0.0,32.1,16.9,0.9,32.4,17.0,0.0,32.4,20.2,0.0,29.9,16.6,0.0,33.4,15.5,DEMO / SIMULATED DATA - Atmospheric Dynamics Prototype
2024-08-06,00:00,Odisha,20.9517,85.0985,Southwest Monsoon,12 hours,Normal,8.8,25.0,23.8,5.1,25.1,26.6,10.9,25.4,23.3,8.4,24.6,21.1,3.7,25.1,18.6,10.7,24.0,23.3,6.8,25.7,21.1,10.0,25.3,24.1,10.8,23.1,18.6,DEMO / SIMULATED DATA - Atmospheric Dynamics Prototype
2024-01-20,12:00,Karnataka,15.3173,75.7139,Winter,6 hours,Normal,0.0,23.9,18.4,0.0,25.0,16.3,0.9,24.8,20.0,1.3,24.2,18.6,1.1,24.4,18.5,2.6,22.8,22.4,0.0,24.1,17.4,2.6,25.3,14.7,0.0,24.2,20.2,DEMO / SIMULATED DATA - Atmospheric Dynamics Prototype
2024-05-19,18:00,Kerala,10.8505,76.2711,Summer,12 hours,Normal,2.0,34.0,16.4,0.0,34.7,21.6,8.6,34.3,16.3,3.7,33.7,14.3,0.0,32.4,16.8,9.9,35.3,19.6,3.0,34.4,8.2,5.5,33.2,13.7,0.3,33.4,13.2,DEMO / SIMULATED DATA - Atmospheric Dynamics Prototype
2024-06-05,00:00,Rajasthan,27.0238,74.2179,Southwest Monsoon,12 hours,Normal,5.8,22.4,12.2,2.9,22.6,5.8,3.7,22.8,9.0,4.0,22.0,12.5,10.7,23.5,11.0,3.1,22.6,8.0,0.0,21.8,11.7,6.2,21.5,17.2,0.0,20.6,14.4,DEMO / SIMULATED DATA - Atmospheric Dynamics Prototype
2024-12-12,18:00,Maharashtra,19.7515,75.7139,Post-Monsoon,6 hours,Normal,4.6,25.4,13.8,4.0,24.5,10.6,0.0,25.5,11.0,5.3,24.7,12.9,4.2,25.0,13.3,4.1,25.6,11.8,9.2,23.2,13.1,8.2,26.0,10.2,0.7,23.9,16.3,DEMO / SIMULATED DATA - Atmospheric Dynamics Prototype
2024-01-05,06:00,Kerala,10.8505,76.2711,Winter,72 hours,Normal,0.0,21.1,14.8,0.0,18.5,9.1,0.0,21.3,16.9,0.8,21.5,15.5,4.0,18.8,18.4,0.0,21.8,22.7,0.0,19.4,9.3,0.0,24.0,7.9,0.0,23.6,19.2,DEMO / SIMULATED DATA - Atmospheric Dynamics Prototype
2024-01-27,12:00,Andhra Pradesh,15.9129,79.74,Winter,12 hours,Normal,0.0,23.6,22.1,7.1,24.8,25.7,0.0,24.1,26.9,0.9,22.9,26.4,0.0,22.5,22.4,3.2,23.8,27.3,0.0,21.7,27.0,0.0,24.1,27.6,1.1,22.5,27.7,DEMO / SIMULATED DATA - Atmospheric Dynamics Prototype
2024-11-28,06:00,Tamil Nadu,11.1271,78.6569,Northeast Monsoon,6 hours,Heavy Rain,116.9,24.1,51.1,116.7,24.7,45.8,117.3,23.8,52.2,115.1,22.7,51.3,115.0,23.6,54.8,120.8,20.8,54.2,116.6,23.3,47.9,112.8,23.2,47.0,110.3,22.5,52.4,DEMO / SIMULATED DATA - Atmospheric Dynamics Prototype
2024-08-25,00:00,Odisha,20.9517,85.0985,Southwest Monsoon,48 hours,Storm/Cyclone,163.9,24.4,89.8,149.6,29.3,86.5,162.8,24.8,92.7,163.5,25.0,87.0,164.3,26.5,90.6,163.2,25.8,86.3,166.8,23.8,95.7,172.3,24.1,85.2,150.9,24.9,77.0,DEMO / SIMULATED DATA - Atmospheric Dynamics Prototype
2024-05-28,18:00,Rajasthan,27.0238,74.2179,Summer,6 hours,Normal,0.0,41.3,5.2,0.0,42.7,10.1,0.0,41.7,6.2,3.6,40.1,5.9,2.0,41.3,1.2,0.0,40.4,2.4,2.9,41.1,6.5,4.5,39.0,11.1,8.7,38.6,8.1,DEMO / SIMULATED DATA - Atmospheric Dynamics Prototype
2024-12-16,18:00,Kerala,10.8505,76.2711,Post-Monsoon,48 hours,Heavy Rain,123.9,23.8,34.7,82.3,21.6,34.1,111.1,23.6,34.6,122.9,23.6,34.1,121.1,23.0,31.3,121.7,24.3,36.4,129.4,23.5,36.8,114.9,24.2,33.5,127.4,23.2,32.5,DEMO / SIMULATED DATA - Atmospheric Dynamics Prototype
2024-05-16,12:00,Andhra Pradesh,15.9129,79.74,Summer,72 hours,Normal,2.2,37.0,21.8,0.0,36.5,16.1,0.0,38.6,14.3,1.8,37.1,20.8,3.5,37.1,18.2,0.0,37.6,21.7,2.4,36.5,20.2,2.0,40.3,25.1,1.1,34.2,18.9,DEMO / SIMULATED DATA - Atmospheric Dynamics Prototype
2024-03-02,12:00,Rajasthan,27.0238,74.2179,Summer,48 hours,Normal,1.0,49.2,12.8,0.0,50.4,13.4,0.0,45.7,14.5,0.6,50.2,13.1,0.0,50.5,12.8,0.0,51.8,15.1,0.0,48.4,6.4,0.0,48.9,14.7,2.8,51.6,16.6,DEMO / SIMULATED DATA - Atmospheric Dynamics Prototype
2024-09-17,12:00,Telangana,18.1124,79.0193,Southwest Monsoon,72 hours,High Wind,22.2,32.9,47.5,23.3,36.6,53.5,28.9,32.2,43.7,20.4,33.0,46.3,25.0,34.7,47.0,18.5,31.2,39.8,19.4,32.4,47.4,26.1,31.8,58.6,12.9,34.7,38.9,DEMO / SIMULATED DATA - Atmospheric Dynamics Prototype
2024-02-19,12:00,Tamil Nadu,11.1271,78.6569,Winter,48 hours,Normal,1.6,24.1,14.3,2.1,26.4,7.7,6.3,22.9,15.6,3.2,24.1,11.9,3.6,22.7,11.9,4.6,23.7,11.5,2.6,22.3,8.9,0.0,24.8,14.5,5.4,26.8,12.9,DEMO / SIMULATED DATA - Atmospheric Dynamics Prototype
2024-03-15,06:00,Maharashtra,19.7515,75.7139,Summer,48 hours,Normal,0.0,34.4,17.8,6.1,37.3,16.3,1.0,37.6,20.5,1.3,35.0,17.9,0.5,34.6,19.7,0.0,35.5,19.5,5.8,35.2,22.5,0.0,33.2,18.6,0.0,36.3,9.3,DEMO / SIMULATED DATA - Atmospheric Dynamics Prototype
2024-04-09,18:00,Karnataka,15.3173,75.7139,Summer,6 hours,Normal,0.6,38.4,22.0,3.1,37.8,23.1,0.0,38.7,23.0,0.5,38.8,23.0,0.0,38.4,22.9,0.3,38.8,18.4,0.0,39.6,22.0,2.1,37.7,22.1,0.0,39.7,29.5,DEMO / SIMULATED DATA - Atmospheric Dynamics Prototype
2024-11-12,00:00,Odisha,20.9517,85.0985,Post-Monsoon,72 hours,Normal,1.1,21.6,13.1,0.0,19.4,8.9,0.0,19.6,7.9,2.9,21.8,10.9,1.4,21.9,7.7,3.2,21.0,16.4,6.0,20.5,16.4,0.0,24.6,8.1,4.0,21.1,6.0,DEMO / SIMULATED DATA - Atmospheric Dynamics Prototype
2024-04-07,06:00,Tamil Nadu,11.1271,78.6569,Summer,24 hours,High Wind,5.2,34.8,59.1,7.4,34.8,57.2,5.8,34.6,59.2,7.3,34.9,61.4,0.0,35.5,60.7,13.2,34.0,57.5,6.0,34.8,65.1,3.1,34.6,56.6,14.0,35.7,66.9,DEMO / SIMULATED DATA - Atmospheric Dynamics Prototype
2024-04-04,12:00,Telangana,18.1124,79.0193,Summer,24 hours,Normal,0.0,50.7,6.1,10.8,52.2,5.1,1.6,49.4,5.9,1.3,50.4,5.5,0.0,52.1,10.1,3.4,51.8,4.0,3.2,48.8,1.0,0.0,51.5,8.7,0.0,47.9,3.9,DEMO / SIMULATED DATA - Atmospheric Dynamics Prototype
2024-08-09,18:00,Tamil Nadu,11.1271,78.6569,Southwest Monsoon,6 hours,Heavy Rain,115.6,25.4,37.4,115.8,24.6,30.3,113.0,25.9,39.2,115.5,25.4,37.6,115.0,26.1,39.5,116.1,24.7,38.6,117.4,26.2,40.2,109.8,24.7,30.4,119.2,25.1,39.2,DEMO / SIMULATED DATA - Atmospheric Dynamics Prototype
2024-01-07,12:00,Andhra Pradesh,15.9129,79.74,Winter,12 hours,High Wind,4.4,20.6,50.5,10.3,20.6,45.5,3.4,20.7,52.5,3.2,19.7,53.5,2.7,20.1,50.6,7.3,19.1,52.0,2.6,20.2,57.3,3.5,21.7,53.3,0.0,17.6,54.1,DEMO / SIMULATED DATA - Atmospheric Dynamics Prototype
2024-03-05,18:00,Tamil Nadu,11.1271,78.6569,Summer,72 hours,Normal,0.0,34.0,19.6,0.0,32.6,9.2,1.5,33.4,27.3,2.2,33.8,18.5,3.3,31.2,26.1,0.0,33.4,11.9,1.7,34.8,28.9,6.2,32.9,8.6,0.0,36.7,16.8,DEMO / SIMULATED DATA - Atmospheric Dynamics Prototype
2024-11-23,12:00,Rajasthan,27.0238,74.2179,Post-Monsoon,24 hours,Normal,0.0,29.5,12.4,5.2,30.3,3.9,4.0,30.0,13.1,0.6,29.8,12.6,1.3,30.1,13.4,0.0,30.1,12.9,1.9,28.6,16.5,0.0,29.4,10.2,0.0,30.8,9.9,DEMO / SIMULATED DATA - Atmospheric Dynamics Prototype
2024-03-04,18:00,Maharashtra,19.7515,75.7139,Summer,6 hours,Normal,3.1,31.8,16.3,9.9,31.0,18.0,2.0,32.3,13.9,3.0,31.7,19.3,0.0,31.8,17.2,0.9,30.5,19.7,1.4,31.3,20.2,12.7,32.2,19.5,0.0,32.9,19.9,DEMO / SIMULATED DATA - Atmospheric Dynamics Prototype
2024-09-17,00:00,Odisha,20.9517,85.0985,Southwest Monsoon,48 hours,Normal,4.2,22.8,19.0,1.4,24.7,24.7,2.7,23.9,29.9,7.2,22.2,21.1,8.1,23.6,23.2,11.9,25.0,18.7,9.0,22.3,18.7,7.2,20.0,21.0,0.0,20.2,23.8,DEMO / SIMULATED DATA - Atmospheric Dynamics Prototype
2024-08-29,06:00,Odisha,20.9517,85.0985,Southwest Monsoon,6 hours,Normal,3.8,28.8,20.1,6.1,29.2,18.2,1.2,30.1,21.5,3.4,29.2,19.7,4.7,29.2,22.6,2.3,28.7,18.1,3.8,28.0,16.9,0.0,31.0,18.9,6.2,28.9,22.2,DEMO / SIMULATED DATA - Atmospheric Dynamics Prototype
2024-03-28,12:00,Rajasthan,27.0238,74.2179,Summer,72 hours,Heat Wave,0.0,44.5,14.6,0.0,45.9,22.0,3.1,44.4,13.4,0.1,45.3,12.6,0.0,42.9,12.0,0.0,44.7,12.0,0.0,46.0,16.6,0.0,45.7,11.8,0.5,47.0,10.4,DEMO / SIMULATED DATA - Atmospheric Dynamics Prototype
2024-08-01,18:00,Telangana,18.1124,79.0193,Southwest Monsoon,48 hours,Normal,6.3,27.7,7.0,9.6,27.4,13.3,7.6,29.0,13.3,8.7,25.9,4.9,5.8,27.7,1.9,12.0,27.5,3.1,10.3,24.0,5.0,11.9,26.9,3.2,3.4,23.3,11.3,DEMO / SIMULATED DATA - Atmospheric Dynamics Prototype
2024-05-16,12:00,Tamil Nadu,11.1271,78.6569,Summer,48 hours,Normal,0.0,38.3,20.3,3.1,38.7,26.1,0.2,40.2,27.8,2.0,36.7,20.5,2.2,37.4,19.9,5.7,36.2,18.8,0.0,36.8,24.3,2.3,36.9,23.5,0.0,36.3,16.0,DEMO / SIMULATED DATA - Atmospheric Dynamics Prototype
2024-12-30,06:00,Kerala,10.8505,76.2711,Post-Monsoon,6 hours,High Wind,16.5,28.1,64.5,14.4,26.5,67.8,17.3,28.8,65.5,17.4,27.3,64.7,21.2,27.9,64.6,19.0,29.0,65.4,10.6,26.0,63.3,16.6,25.6,64.4,19.7,28.0,65.7,DEMO / SIMULATED DATA - Atmospheric Dynamics Prototype
2024-07-26,00:00,Rajasthan,27.0238,74.2179,Southwest Monsoon,24 hours,Normal,4.0,25.6,9.4,9.4,23.8,15.5,10.1,24.5,8.1,5.7,25.3,7.2,5.9,24.6,8.7,4.7,24.8,9.7,8.2,25.5,5.5,9.9,27.8,11.0,0.0,24.0,1.0,DEMO / SIMULATED DATA - Atmospheric Dynamics Prototype
2024-07-29,00:00,Odisha,20.9517,85.0985,Southwest Monsoon,6 hours,Normal,5.3,25.1,9.8,2.6,24.8,9.3,1.5,24.8,5.8,4.7,25.3,9.6,4.1,26.3,8.6,1.7,24.6,14.1,3.6,23.3,4.0,3.6,26.2,11.4,10.6,26.1,9.8,DEMO / SIMULATED DATA - Atmospheric Dynamics Prototype
2024-08-17,18:00,Kerala,10.8505,76.2711,Southwest Monsoon,6 hours,Heavy Rain,125.0,19.4,45.2,110.5,19.4,40.1,122.7,20.1,48.2,126.0,19.2,46.6,122.1,19.7,44.0,126.6,18.5,47.2,124.5,18.8,45.1,131.2,19.3,46.2,125.4,19.5,50.3,DEMO / SIMULATED DATA - Atmospheric Dynamics Prototype
2024-05-08,06:00,Tamil Nadu,11.1271,78.6569,Summer,48 hours,Normal,0.2,36.9,21.3,0.0,38.5,6.5,0.0,41.0,25.4,2.0,37.5,20.5,1.0,39.1,17.7,6.0,35.7,21.7,0.0,36.3,27.4,0.0,37.9,18.7,3.2,38.5,17.2,DEMO / SIMULATED DATA - Atmospheric Dynamics Prototype
2024-09-30,00:00,Odisha,20.9517,85.0985,Southwest Monsoon,48 hours,Normal,5.5,22.9,14.9,0.0,18.8,14.3,0.0,23.4,20.1,5.1,23.3,17.4,6.9,23.0,9.9,9.4,25.7,20.4,0.0,22.8,13.6,3.0,23.0,26.4,6.2,21.9,16.7,DEMO / SIMULATED DATA - Atmospheric Dynamics Prototype
2024-05-02,18:00,Odisha,20.9517,85.0985,Summer,12 hours,Heavy Rain,68.0,26.4,41.8,46.6,23.7,44.2,67.6,26.2,44.3,65.9,26.0,42.8,65.8,27.0,43.7,66.1,26.4,46.7,64.0,27.1,42.0,73.8,26.4,44.5,59.7,22.9,37.2,DEMO / SIMULATED DATA - Atmospheric Dynamics Prototype
2024-09-15,00:00,Odisha,20.9517,85.0985,Southwest Monsoon,72 hours,Heavy Rain,133.9,19.9,45.6,122.4,17.8,40.9,127.0,20.7,48.3,130.8,19.7,41.9,137.8,20.4,46.2,134.3,21.0,35.9,133.5,20.5,55.3,125.8,17.3,31.5,122.5,19.5,40.5,DEMO / SIMULATED DATA - Atmospheric Dynamics Prototype
2024-10-28,06:00,Maharashtra,19.7515,75.7139,Post-Monsoon,12 hours,Normal,5.3,28.8,17.0,0.0,28.4,18.7,0.8,30.2,19.4,5.1,28.7,18.1,6.7,29.5,15.5,0.3,29.2,20.0,3.3,27.6,15.2,7.5,29.7,24.1,7.6,27.4,15.7,DEMO / SIMULATED DATA - Atmospheric Dynamics Prototype
2024-09-20,18:00,Kerala,10.8505,76.2711,Southwest Monsoon,48 hours,High Wind,28.7,26.6,52.2,27.3,30.9,53.9,24.0,26.5,43.3,27.5,27.3,50.7,21.5,28.3,53.1,26.6,26.6,51.8,29.1,28.5,54.7,26.2,23.2,46.9,34.0,30.0,46.9,DEMO / SIMULATED DATA - Atmospheric Dynamics Prototype
2024-02-27,06:00,Maharashtra,19.7515,75.7139,Winter,12 hours,Heavy Rain,116.4,15.4,43.3,96.5,17.0,41.0,121.8,16.8,46.6,114.1,14.5,42.9,117.8,16.3,43.2,116.3,14.1,43.2,111.4,15.4,39.2,112.4,11.7,40.2,112.7,14.9,48.6,DEMO / SIMULATED DATA - Atmospheric Dynamics Prototype
2024-04-19,06:00,Rajasthan,27.0238,74.2179,Summer,72 hours,Normal,0.0,41.4,11.6,12.1,40.5,1.0,9.3,42.6,12.2,3.6,42.3,15.2,2.5,41.5,17.8,4.0,40.6,18.4,11.5,43.2,13.8,0.0,43.0,14.0,0.0,43.2,12.2,DEMO / SIMULATED DATA - Atmospheric Dynamics Prototype
2024-12-11,00:00,Telangana,18.1124,79.0193,Post-Monsoon,24 hours,Normal,0.0,25.3,6.5,3.2,26.4,11.5,0.0,23.8,6.4,1.2,24.8,5.7,2.8,25.1,2.9,0.0,23.9,4.5,0.0,25.5,4.4,3.2,23.7,7.6,0.0,26.0,9.2,DEMO / SIMULATED DATA - Atmospheric Dynamics Prototype
2024-05-16,00:00,Tamil Nadu,11.1271,78.6569,Summer,48 hours,Normal,0.6,31.7,21.4,0.0,31.2,16.8,0.0,31.2,20.2,0.7,32.0,24.2,0.0,31.7,21.9,0.0,35.0,22.7,1.2,30.6,22.0,2.1,31.7,28.9,0.0,30.9,25.7,DEMO / SIMULATED DATA - Atmospheric Dynamics Prototype
2024-03-29,18:00,Andhra Pradesh,15.9129,79.74,Summer,48 hours,Heavy Rain,62.8,32.4,33.2,81.1,35.9,34.6,50.7,29.5,33.0,67.3,32.8,33.9,66.5,31.5,32.6,70.2,31.8,40.1,60.5,33.9,33.6,67.6,36.3,35.4,71.6,30.4,27.6,DEMO / SIMULATED DATA - Atmospheric Dynamics Prototype
2024-03-12,00:00,Tamil Nadu,11.1271,78.6569,Summer,72 hours,High Wind,12.5,29.1,71.1,14.1,32.1,65.0,9.8,31.6,77.5,13.2,30.5,70.7,14.1,28.3,74.1,7.6,31.1,78.1,8.9,34.2,65.7,11.1,28.6,70.5,24.2,30.2,65.3,DEMO / SIMULATED DATA - Atmospheric Dynamics Prototype
2024-01-22,00:00,Kerala,10.8505,76.2711,Winter,12 hours,Normal,2.3,18.7,15.5,5.6,18.0,12.1,0.0,18.7,12.3,2.0,20.1,17.6,2.6,19.8,14.7,0.5,20.8,19.9,0.0,18.9,16.6,3.2,21.3,15.8,3.5,19.8,20.8,DEMO / SIMULATED DATA - Atmospheric Dynamics Prototype
2024-04-16,12:00,Rajasthan,27.0238,74.2179,Summer,6 hours,Heat Wave,0.0,47.4,11.5,0.0,43.7,16.2,0.1,47.5,13.0,1.4,47.7,12.7,0.0,46.5,9.4,2.8,47.4,14.2,4.4,48.4,15.5,0.0,48.2,9.8,0.0,48.1,14.6,DEMO / SIMULATED DATA - Atmospheric Dynamics Prototype
2024-04-15,06:00,Kerala,10.8505,76.2711,Summer,24 hours,Normal,0.3,33.1,20.3,7.1,34.1,29.2,0.0,33.6,20.3,2.7,32.4,21.5,0.0,33.2,21.8,7.7,32.5,21.8,1.7,32.9,19.9,4.1,32.9,19.3,0.0,30.4,24.9,DEMO / SIMULATED DATA - Atmospheric Dynamics Prototype
2024-03-09,12:00,Odisha,20.9517,85.0985,Summer,6 hours,Heavy Rain,102.9,33.0,45.2,107.6,33.3,49.6,102.7,33.4,45.0,101.9,33.9,47.6,99.5,33.6,39.0,104.6,34.1,46.8,100.0,34.8,51.0,105.8,35.5,53.0,99.8,31.6,48.3,DEMO / SIMULATED DATA - Atmospheric Dynamics Prototype
2024-02-22,18:00,Rajasthan,27.0238,74.2179,Winter,12 hours,Normal,0.0,14.8,16.4,0.0,14.6,18.8,4.4,15.1,12.4,1.6,15.4,14.7,0.2,16.0,15.9,2.3,16.1,16.9,1.4,15.5,15.0,0.0,13.5,14.5,4.2,15.7,11.4,DEMO / SIMULATED DATA - Atmospheric Dynamics Prototype
2024-04-02,12:00,Kerala,10.8505,76.2711,Summer,72 hours,Normal,0.5,36.8,20.1,7.8,33.2,16.2,0.0,32.8,23.8,1.6,36.3,22.9,1.4,36.0,16.5,0.0,37.1,19.0,0.0,37.6,21.6,0.0,35.7,25.4,6.6,35.1,31.8,DEMO / SIMULATED DATA - Atmospheric Dynamics Prototype
2024-08-17,00:00,Karnataka,15.3173,75.7139,Southwest Monsoon,12 hours,Heavy Rain,107.1,20.8,41.8,111.4,20.0,42.9,106.1,20.1,43.6,107.6,20.4,42.1,105.4,20.4,39.0,101.4,21.3,41.5,110.7,21.4,37.6,107.1,20.7,45.8,113.5,18.0,46.7,DEMO / SIMULATED DATA - Atmospheric Dynamics Prototype
2024-07-30,06:00,Karnataka,15.3173,75.7139,Southwest Monsoon,6 hours,Heavy Rain,101.8,25.3,36.6,97.4,25.6,33.7,98.9,26.8,38.9,103.7,25.3,35.9,102.1,25.1,42.0,107.1,25.0,34.0,102.0,24.9,33.6,107.7,26.0,35.1,99.8,25.3,34.6,DEMO / SIMULATED DATA - Atmospheric Dynamics Prototype
2024-03-12,06:00,Maharashtra,19.7515,75.7139,Summer,24 hours,High Wind,16.7,34.6,58.0,22.5,35.0,54.7,16.6,33.8,55.0,18.2,35.0,55.9,18.6,35.4,57.9,16.9,33.9,58.5,25.5,36.0,57.7,15.9,34.0,51.8,13.9,35.8,53.4,DEMO / SIMULATED DATA - Atmospheric Dynamics Prototype
2024-09-10,12:00,Tamil Nadu,11.1271,78.6569,Southwest Monsoon,24 hours,Heavy Rain,79.9,27.8,50.1,77.1,30.2,56.0,79.7,27.2,49.6,77.3,28.1,50.2,74.7,27.3,51.3,78.5,27.1,49.9,78.7,28.9,45.1,82.6,27.7,52.0,71.9,29.4,52.8,DEMO / SIMULATED DATA - Atmospheric Dynamics Prototype
2024-11-10,18:00,Karnataka,15.3173,75.7139,Post-Monsoon,12 hours,Normal,0.0,29.3,22.6,0.0,28.4,25.1,0.0,28.5,24.5,1.7,28.9,21.8,0.4,29.0,26.2,3.6,29.4,17.7,4.4,28.7,22.1,0.0,27.4,24.4,0.0,29.9,18.5,DEMO / SIMULATED DATA - Atmospheric Dynamics Prototype
2024-08-22,12:00,Rajasthan,27.0238,74.2179,Southwest Monsoon,12 hours,Heavy Rain,138.5,26.3,42.4,139.5,27.9,41.1,140.5,27.1,44.9,136.7,25.6,42.4,134.4,23.6,43.7,138.5,26.6,42.7,137.2,27.0,43.6,138.0,26.3,44.8,135.4,24.5,37.4,DEMO / SIMULATED DATA - Atmospheric Dynamics Prototype
2024-07-25,00:00,Karnataka,15.3173,75.7139,Southwest Monsoon,48 hours,Heavy Rain,100.7,19.6,38.2,83.3,17.8,36.3,110.1,17.8,38.3,101.7,20.0,36.2,102.9,21.4,40.7,105.7,20.8,33.5,102.6,21.0,33.8,97.1,18.0,42.3,100.2,18.9,30.5,DEMO / SIMULATED DATA - Atmospheric Dynamics Prototype
2024-08-21,00:00,Karnataka,15.3173,75.7139,Southwest Monsoon,72 hours,Heavy Rain,81.6,19.7,35.9,58.4,16.8,28.5,80.0,20.0,37.7,79.0,19.4,37.4,83.0,18.6,39.9,79.2,20.5,35.1,84.0,19.3,38.0,81.5,21.6,30.8,67.1,17.2,43.4,DEMO / SIMULATED DATA - Atmospheric Dynamics Prototype
2024-11-03,06:00,Tamil Nadu,11.1271,78.6569,Northeast Monsoon,12 hours,Heavy Rain,105.7,21.3,36.9,104.2,22.1,30.6,105.7,21.2,33.5,101.7,22.1,34.3,105.7,21.1,38.1,106.0,20.7,39.6,96.9,21.2,30.9,101.5,22.1,31.9,98.4,25.2,30.9,DEMO / SIMULATED DATA - Atmospheric Dynamics Prototype
2024-03-29,12:00,Tamil Nadu,11.1271,78.6569,Summer,48 hours,Heavy Rain,79.0,37.9,45.6,85.6,38.1,52.9,82.4,38.4,46.7,78.6,38.6,48.3,79.5,38.9,45.1,83.3,38.3,46.0,77.3,37.4,47.1,85.3,38.9,41.8,67.8,39.5,61.6,DEMO / SIMULATED DATA - Atmospheric Dynamics Prototype
2024-02-10,00:00,Maharashtra,19.7515,75.7139,Winter,12 hours,Normal,0.8,14.9,14.7,7.6,15.5,14.6,0.0,15.5,13.7,1.1,16.0,16.1,2.8,15.2,17.8,1.3,18.2,16.3,1.4,14.4,17.7,0.0,13.8,12.9,0.0,18.5,16.0,DEMO / SIMULATED DATA - Atmospheric Dynamics Prototype
2024-01-26,12:00,Odisha,20.9517,85.0985,Winter,24 hours,Normal,0.2,23.3,12.0,0.0,26.3,9.0,0.0,22.9,9.8,1.1,24.1,10.3,0.0,24.1,11.0,0.0,23.3,9.3,0.0,23.0,15.2,0.0,24.4,5.0,5.4,25.7,10.9,DEMO / SIMULATED DATA - Atmospheric Dynamics Prototype
2024-10-26,12:00,Telangana,18.1124,79.0193,Post-Monsoon,72 hours,Heat Wave,0.0,45.4,11.9,0.0,44.6,11.6,1.7,44.7,20.3,1.1,45.1,11.3,5.6,45.2,9.9,0.0,47.1,8.8,0.0,42.8,15.5,0.0,44.5,12.5,0.0,45.9,9.6,DEMO / SIMULATED DATA - Atmospheric Dynamics Prototype
2024-04-09,00:00,Maharashtra,19.7515,75.7139,Summer,72 hours,Heavy Rain,50.6,23.3,51.1,32.3,20.2,44.0,47.8,19.8,41.8,47.5,24.2,52.6,55.2,23.6,49.4,62.8,20.5,55.6,49.9,24.9,51.7,37.0,23.5,53.2,32.6,28.3,53.3,DEMO / SIMULATED DATA - Atmospheric Dynamics Prototype
2024-08-03,18:00,Telangana,18.1124,79.0193,Southwest Monsoon,6 hours,Heavy Rain,141.3,23.9,29.1,138.8,24.6,25.9,142.7,23.3,28.5,140.8,24.1,29.6,142.9,23.3,30.6,143.1,23.6,32.3,141.6,25.2,34.8,140.3,24.8,26.8,136.3,23.6,23.4,DEMO / SIMULATED DATA - Atmospheric Dynamics Prototype
2024-12-02,00:00,Maharashtra,19.7515,75.7139,Post-Monsoon,12 hours,High Wind,12.9,25.7,65.7,8.3,27.5,66.5,13.9,26.6,65.6,12.9,25.6,66.4,12.4,25.1,62.9,10.8,25.9,65.6,11.4,25.3,69.3,13.7,24.3,65.9,16.1,27.3,68.2,DEMO / SIMULATED DATA - Atmospheric Dynamics Prototype
2024-06-23,12:00,Tamil Nadu,11.1271,78.6569,Southwest Monsoon,24 hours,Storm/Cyclone,140.6,26.0,75.8,159.6,27.2,74.5,138.6,25.8,74.0,143.7,27.2,77.5,147.4,26.0,78.0,142.5,26.8,73.0,146.5,25.9,81.5,142.8,28.8,78.4,139.5,28.5,76.5,DEMO / SIMULATED DATA - Atmospheric Dynamics Prototype
2024-10-15,06:00,Karnataka,15.3173,75.7139,Post-Monsoon,12 hours,Normal,0.0,27.9,25.4,0.0,26.0,28.8,4.6,29.0,20.2,0.2,27.1,26.1,0.9,27.3,24.3,0.0,25.5,19.5,0.3,28.2,24.7,0.0,27.3,31.1,0.0,27.1,30.9,DEMO / SIMULATED DATA - Atmospheric Dynamics Prototype
2024-12-25,00:00,Maharashtra,19.7515,75.7139,Post-Monsoon,48 hours,High Wind,5.2,,67.5,0.0,19.4,63.1,10.0,22.3,62.6,4.3,22.3,68.0,2.7,23.4,70.1,0.0,23.2,76.3,5.1,20.8,65.5,3.3,22.8,64.2,10.5,21.3,64.0,DEMO / SIMULATED DATA - Atmospheric Dynamics Prototype
2024-03-30,12:00,Rajasthan,27.0238,74.2179,Summer,72 hours,Normal,0.0,45.4,15.5,0.0,44.4,10.4,0.7,45.8,18.2,2.7,44.8,13.1,1.6,47.2,11.4,8.5,43.1,21.2,3.2,44.4,2.4,0.0,44.0,18.3,0.0,45.3,12.4,DEMO / SIMULATED DATA - Atmospheric Dynamics Prototype
2024-02-27,18:00,Odisha,20.9517,85.0985,Winter,12 hours,Normal,0.0,20.8,20.1,11.5,21.9,19.4,0.0,21.1,18.2,2.4,21.1,20.7,0.4,21.1,19.6,3.3,20.7,18.8,0.0,19.2,15.3,2.7,22.9,28.5,5.8,21.6,21.5,DEMO / SIMULATED DATA - Atmospheric Dynamics Prototype
2024-04-17,18:00,Tamil Nadu,11.1271,78.6569,Summer,24 hours,High Wind,16.4,32.5,54.6,16.3,34.6,60.0,17.2,32.3,54.3,18.8,32.5,52.1,19.1,32.5,53.1,21.0,32.7,52.7,18.5,33.9,50.8,15.4,32.1,56.6,20.0,31.5,47.2,DEMO / SIMULATED DATA - Atmospheric Dynamics Prototype
2024-02-11,06:00,Maharashtra,19.7515,75.7139,Winter,12 hours,Normal,1.8,22.4,18.4,0.0,25.8,19.5,3.9,22.1,22.4,4.1,22.2,16.5,0.4,21.7,19.1,4.8,24.7,23.1,6.5,21.5,16.0,0.0,22.2,10.9,8.8,20.7,13.3,DEMO / SIMULATED DATA - Atmospheric Dynamics Prototype
2024-05-19,00:00,Kerala,10.8505,76.2711,Summer,6 hours,Heavy Rain,123.0,28.0,36.5,111.9,27.0,39.1,118.5,27.9,35.8,124.0,26.8,34.2,124.6,26.8,36.5,124.1,26.1,33.6,122.7,28.6,37.1,125.4,26.5,30.7,123.4,26.1,32.9,DEMO / SIMULATED DATA - Atmospheric Dynamics Prototype
2024-12-11,06:00,Maharashtra,19.7515,75.7139,Post-Monsoon,24 hours,Normal,0.4,29.2,15.2,3.5,29.5,9.8,0.0,30.6,12.5,1.2,29.8,13.0,2.0,30.7,15.6,0.0,27.5,10.5,2.1,31.2,13.7,0.0,30.3,12.2,2.0,29.3,13.2,DEMO / SIMULATED DATA - Atmospheric Dynamics Prototype
2024-05-25,18:00,Andhra Pradesh,15.9129,79.74,Summer,24 hours,Normal,0.8,35.6,22.4,0.0,34.3,16.7,1.9,35.7,25.4,1.3,35.1,23.2,2.6,34.3,21.2,0.0,35.9,31.4,1.4,35.9,22.3,2.6,35.3,25.1,0.0,34.3,16.0,DEMO / SIMULATED DATA - Atmospheric Dynamics Prototype
2024-04-29,06:00,Kerala,10.8505,76.2711,Summer,24 hours,Normal,0.1,34.4,19.7,0.0,33.9,22.4,1.5,33.9,16.7,1.3,34.3,19.3,2.0,34.9,18.9,1.8,33.9,17.0,0.1,35.1,20.9,2.7,33.2,26.6,0.0,34.2,13.2,DEMO / SIMULATED DATA - Atmospheric Dynamics Prototype
2024-03-21,12:00,Andhra Pradesh,15.9129,79.74,Summer,12 hours,Normal,0.0,39.2,20.5,0.0,39.2,12.7,1.6,39.1,20.7,1.5,38.7,18.5,0.0,38.7,16.6,2.9,37.9,18.4,0.0,40.2,18.5,4.4,40.0,16.8,0.0,36.5,22.3,DEMO / SIMULATED DATA - Atmospheric Dynamics Prototype
2024-02-11,06:00,Andhra Pradesh,15.9129,79.74,Winter,24 hours,Normal,0.2,19.3,16.6,0.0,18.8,5.3,5.4,17.5,17.7,3.7,18.5,13.9,0.0,18.1,17.0,2.8,18.0,13.0,0.0,19.6,12.6,6.8,17.5,19.0,9.1,19.4,7.8,DEMO / SIMULATED DATA - Atmospheric Dynamics Prototype
2024-12-02,18:00,Telangana,18.1124,79.0193,Post-Monsoon,6 hours,Normal,0.0,26.6,15.2,0.0,26.6,13.2,2.8,24.9,17.8,2.1,27.0,13.7,0.0,27.9,15.5,3.8,26.5,14.8,0.0,26.5,12.0,0.8,26.8,14.7,6.0,27.4,11.4,DEMO / SIMULATED DATA - Atmospheric Dynamics Prototype
2024-10-10,06:00,Karnataka,15.3173,75.7139,Post-Monsoon,48 hours,Normal,0.0,28.5,14.7,3.9,26.9,9.4,1.5,28.1,20.7,0.3,28.2,16.0,1.4,32.5,11.2,0.0,30.5,26.7,0.0,28.0,15.3,0.0,24.7,16.0,0.1,25.5,11.0,DEMO / SIMULATED DATA - Atmospheric Dynamics Prototype
2024-11-09,06:00,Tamil Nadu,11.1271,78.6569,Northeast Monsoon,6 hours,Normal,17.2,27.5,18.6,19.6,27.7,23.1,21.9,28.3,20.0,17.1,28.1,17.4,16.5,27.9,20.9,16.0,27.6,16.5,20.4,28.1,14.5,18.7,27.2,19.1,13.8,29.5,15.9,DEMO / SIMULATED DATA - Atmospheric Dynamics Prototype
2024-08-26,12:00,Tamil Nadu,11.1271,78.6569,Southwest Monsoon,48 hours,Heat Wave,0.0,47.9,23.9,2.8,44.5,20.5,4.9,47.6,21.2,0.0,48.3,21.3,0.0,46.8,24.7,0.0,49.8,20.7,0.0,47.9,14.5,0.0,49.1,24.2,0.0,48.1,22.2,DEMO / SIMULATED DATA - Atmospheric Dynamics Prototype
2024-05-26,06:00,Odisha,20.9517,85.0985,Summer,6 hours,Normal,0.2,34.8,15.1,1.6,34.8,21.7,0.8,34.6,13.6,3.2,34.1,13.7,1.6,33.5,17.7,0.0,34.0,15.9,6.7,34.5,11.7,4.8,34.2,8.9,3.1,34.5,14.1,DEMO / SIMULATED DATA - Atmospheric Dynamics Prototype
2024-01-17,00:00,Telangana,18.1124,79.0193,Winter,12 hours,Normal,0.1,17.8,11.0,0.0,17.5,9.4,0.0,16.6,8.0,1.3,18.3,12.7,0.0,19.1,12.7,1.6,17.2,8.3,2.6,16.3,16.5,0.0,20.7,17.7,2.3,18.4,8.1,DEMO / SIMULATED DATA - Atmospheric Dynamics Prototype
2024-04-10,06:00,Maharashtra,19.7515,75.7139,Summer,24 hours,Normal,1.2,32.4,15.8,2.5,32.4,22.4,0.0,33.5,18.8,2.5,32.5,13.5,0.0,32.8,17.3,12.4,31.5,9.6,0.0,32.7,19.7,0.0,32.1,13.9,0.0,33.5,7.2,DEMO / SIMULATED DATA - Atmospheric Dynamics Prototype
2024-03-14,00:00,Kerala,10.8505,76.2711,Summer,12 hours,Normal,0.1,31.6,19.3,0.0,33.1,22.2,3.0,31.4,17.2,1.8,32.2,21.1,0.1,32.2,17.0,1.1,32.0,23.3,0.0,32.2,17.6,0.0,34.4,21.0,8.0,30.4,26.7,DEMO / SIMULATED DATA - Atmospheric Dynamics Prototype
2024-11-14,06:00,Rajasthan,27.0238,74.2179,Post-Monsoon,6 hours,Normal,0.0,29.3,9.1,5.4,29.5,7.9,0.8,28.5,9.4,1.1,28.7,9.6,0.1,29.3,10.1,2.5,26.9,6.8,0.0,29.1,8.9,2.7,29.7,13.5,0.0,28.3,8.5,DEMO / SIMULATED DATA - Atmospheric Dynamics Prototype
2024-07-15,18:00,Rajasthan,27.0238,74.2179,Southwest Monsoon,12 hours,Heavy Rain,85.0,22.6,40.7,73.5,22.5,35.4,89.0,22.6,38.8,86.9,22.3,42.5,86.8,22.3,40.8,89.8,22.0,44.0,83.6,22.7,41.7,83.4,21.1,42.5,90.8,23.6,43.3,DEMO / SIMULATED DATA - Atmospheric Dynamics Prototype
2024-02-26,00:00,Tamil Nadu,11.1271,78.6569,Winter,72 hours,Normal,0.0,18.6,19.0,0.0,17.9,14.6,26.9,20.0,11.7,1.8,17.4,19.8,0.0,16.2,14.7,0.0,17.0,16.9,5.3,18.2,22.8,0.0,17.7,13.2,3.6,18.1,31.4,DEMO / SIMULATED DATA - Atmospheric Dynamics Prototype
2024-07-08,12:00,Andhra Pradesh,15.9129,79.74,Southwest Monsoon,72 hours,Storm/Cyclone,126.6,22.9,64.8,115.3,21.2,72.6,115.4,24.0,58.0,125.5,22.1,67.0,123.0,23.6,62.2,123.8,21.5,73.0,122.7,23.0,63.7,128.2,21.5,63.6,129.8,20.7,72.4,DEMO / SIMULATED DATA - Atmospheric Dynamics Prototype
2024-08-10,06:00,Kerala,10.8505,76.2711,Southwest Monsoon,48 hours,Heavy Rain,107.6,26.9,38.8,,29.5,34.9,110.2,25.0,44.3,110.1,27.9,40.7,109.9,26.6,39.5,109.0,25.5,35.6,112.5,29.5,39.5,111.9,29.2,37.1,107.1,28.5,51.9,DEMO / SIMULATED DATA - Atmospheric Dynamics Prototype
2024-12-28,12:00,Rajasthan,27.0238,74.2179,Post-Monsoon,72 hours,Normal,0.0,32.9,9.0,9.4,32.7,10.8,0.0,31.2,11.3,2.2,33.0,5.5,0.0,33.8,7.5,5.6,32.8,1.0,0.0,33.1,1.0,0.0,32.5,15.2,5.2,32.9,3.0,DEMO / SIMULATED DATA - Atmospheric Dynamics Prototype
2024-01-15,06:00,Andhra Pradesh,15.9129,79.74,Winter,6 hours,Normal,0.6,18.9,15.7,0.0,18.4,12.5,3.1,18.3,16.0,0.9,19.2,16.8,0.7,19.7,18.1,2.8,19.3,12.8,0.0,17.9,18.1,0.9,20.1,19.4,0.0,18.9,15.6,DEMO / SIMULATED DATA - Atmospheric Dynamics Prototype
2024-05-13,12:00,Andhra Pradesh,15.9129,79.74,Summer,12 hours,Heavy Rain,71.1,34.7,34.3,48.9,36.5,33.1,69.5,34.8,36.3,70.6,34.9,36.6,70.6,35.4,34.2,71.4,33.9,37.4,73.8,35.4,37.9,66.3,34.8,38.6,70.9,34.9,34.8,DEMO / SIMULATED DATA - Atmospheric Dynamics Prototype
2024-01-28,18:00,Maharashtra,19.7515,75.7139,Winter,12 hours,Heat Wave,0.0,47.6,22.8,0.0,49.8,21.4,0.0,48.7,25.2,0.4,47.8,21.8,0.4,47.1,22.3,0.9,49.1,19.0,0.0,47.3,21.2,0.0,49.9,19.7,0.7,45.7,26.6,DEMO / SIMULATED DATA - Atmospheric Dynamics Prototype
2024-11-07,06:00,Andhra Pradesh,15.9129,79.74,Northeast Monsoon,24 hours,Heavy Rain,150.4,18.3,33.2,159.4,20.0,32.7,151.4,18.4,30.1,151.8,17.8,34.3,154.8,18.1,33.3,150.5,18.0,35.3,150.0,17.6,31.6,158.9,18.4,40.3,144.9,17.1,30.8,DEMO / SIMULATED DATA - Atmospheric Dynamics Prototype
2024-08-10,12:00,Kerala,10.8505,76.2711,Southwest Monsoon,24 hours,Normal,11.2,32.4,17.9,21.6,31.7,19.9,14.4,31.6,17.1,11.5,33.3,16.4,6.3,32.5,18.9,13.6,34.3,18.1,6.1,31.2,15.0,12.3,36.2,17.6,19.1,32.2,12.2,DEMO / SIMULATED DATA - Atmospheric Dynamics Prototype
2024-01-02,06:00,Tamil Nadu,11.1271,78.6569,Winter,48 hours,High Wind,15.9,19.4,72.3,12.5,16.6,70.3,21.6,21.6,85.3,23.2,18.7,72.1,22.3,18.0,71.0,15.8,19.3,72.6,28.8,17.6,69.0,26.0,18.2,74.4,23.1,20.5,73.4,DEMO / SIMULATED DATA - Atmospheric Dynamics Prototype
2024-02-29,00:00,Tamil Nadu,11.1271,78.6569,Winter,12 hours,Normal,0.3,18.2,19.9,0.4,18.9,22.3,0.0,18.4,14.0,0.9,18.5,20.7,0.0,18.2,21.0,0.0,19.4,24.3,3.5,18.2,20.9,0.8,18.5,15.9,0.0,18.3,21.4,DEMO / SIMULATED DATA - Atmospheric Dynamics Prototype
2024-12-04,06:00,Andhra Pradesh,15.9129,79.74,Northeast Monsoon,12 hours,High Wind,37.0,28.6,51.4,39.7,28.5,58.5,30.7,29.1,53.3,36.1,29.5,51.0,33.5,30.2,51.5,36.6,29.0,54.0,37.5,28.7,54.2,41.4,29.1,45.3,31.7,30.4,50.2,DEMO / SIMULATED DATA - Atmospheric Dynamics Prototype
2024-05-30,00:00,Kerala,10.8505,76.2711,Summer,12 hours,High Wind,7.5,26.0,57.5,1.6,24.4,63.0,7.4,25.7,54.3,11.3,25.1,57.0,7.1,24.5,56.6,14.5,26.7,56.9,10.3,25.3,54.8,15.3,24.4,56.1,9.1,24.5,60.4,DEMO / SIMULATED DATA - Atmospheric Dynamics Prototype
2024-01-18,06:00,Maharashtra,19.7515,75.7139,Winter,6 hours,Normal,0.0,17.5,17.1,2.6,16.4,18.5,0.1,16.7,17.2,1.1,16.7,16.8,0.9,16.6,18.3,2.2,16.5,18.4,0.9,17.1,16.3,1.7,16.7,19.2,0.0,16.4,11.8,DEMO / SIMULATED DATA - Atmospheric Dynamics Prototype
2024-09-18,06:00,Andhra Pradesh,15.9129,79.74,Southwest Monsoon,48 hours,Heavy Rain,139.6,20.0,51.6,153.5,20.9,48.0,136.2,19.3,51.4,144.5,19.8,50.2,137.4,20.7,50.3,144.7,18.8,54.5,150.0,23.0,47.6,146.7,15.7,43.4,143.8,21.0,55.2,DEMO / SIMULATED DATA - Atmospheric Dynamics Prototype
2024-10-05,06:00,Andhra Pradesh,15.9129,79.74,Northeast Monsoon,12 hours,Normal,10.6,28.8,16.8,7.3,29.9,11.8,5.9,28.4,16.2,8.3,28.1,17.7,9.6,28.2,16.2,11.3,27.9,19.7,9.9,30.0,17.7,4.9,26.0,21.0,5.9,28.6,14.1,DEMO / SIMULATED DATA - Atmospheric Dynamics Prototype
2024-07-13,00:00,Rajasthan,27.0238,74.2179,Southwest Monsoon,24 hours,High Wind,23.0,24.8,46.3,21.8,23.2,41.5,26.1,24.5,44.6,26.3,24.7,45.7,28.0,25.6,45.3,24.6,24.5,44.1,25.1,24.3,46.6,28.2,26.3,43.9,25.8,22.8,48.5,DEMO / SIMULATED DATA - Atmospheric Dynamics Prototype
2024-05-14,00:00,Kerala,10.8505,76.2711,Summer,6 hours,Normal,0.0,31.5,13.8,0.0,32.7,9.9,1.3,31.9,13.9,2.3,30.2,15.1,0.0,31.6,14.4,5.7,30.6,12.3,1.1,31.2,13.5,4.6,27.7,11.6,0.0,29.7,23.8,DEMO / SIMULATED DATA - Atmospheric Dynamics Prototype
2024-10-27,06:00,Maharashtra,19.7515,75.7139,Post-Monsoon,6 hours,Normal,0.5,28.6,20.8,1.1,29.6,21.7,0.0,29.0,21.5,0.1,29.3,19.3,0.0,28.8,19.9,0.0,29.6,20.6,0.3,28.7,20.7,0.1,30.6,18.3,0.0,28.7,16.9,DEMO / SIMULATED DATA - Atmospheric Dynamics Prototype
2024-11-18,00:00,Tamil Nadu,11.1271,78.6569,Northeast Monsoon,12 hours,Normal,11.8,21.6,18.2,9.4,21.9,21.0,12.5,21.7,18.5,13.8,21.4,17.2,11.3,20.9,18.3,14.3,21.5,15.5,7.1,20.4,14.3,25.0,20.3,18.0,11.4,23.9,20.1,DEMO / SIMULATED DATA - Atmospheric Dynamics Prototype
2024-04-25,06:00,Kerala,10.8505,76.2711,Summer,72 hours,High Wind,2.1,35.3,67.0,0.0,35.9,71.9,0.7,34.3,64.7,4.6,35.3,65.6,0.0,35.7,62.4,5.5,35.1,67.5,6.5,33.5,69.0,4.0,34.9,61.2,7.0,37.1,67.8,DEMO / SIMULATED DATA - Atmospheric Dynamics Prototype
2024-05-11,18:00,Karnataka,15.3173,75.7139,Summer,24 hours,Normal,1.9,31.6,15.7,0.3,33.3,15.5,0.7,31.4,15.1,3.3,31.2,16.3,0.0,31.4,12.7,0.6,31.0,16.4,8.6,32.0,16.1,3.1,30.2,18.8,4.2,31.5,17.5,DEMO / SIMULATED DATA - Atmospheric Dynamics Prototype
2024-04-23,18:00,Odisha,20.9517,85.0985,Summer,48 hours,Heat Wave,0.0,45.3,13.2,4.1,45.6,8.0,6.3,42.2,21.8,2.3,46.7,14.6,8.5,45.1,9.9,0.0,46.7,11.9,0.0,45.9,17.3,3.2,46.6,21.7,0.0,49.1,12.3,DEMO / SIMULATED DATA - Atmospheric Dynamics Prototype
2024-01-31,18:00,Rajasthan,27.0238,74.2179,Winter,72 hours,Storm/Cyclone,81.0,25.6,89.8,89.1,25.3,102.2,90.7,22.4,94.1,79.5,23.6,89.0,86.6,25.0,91.4,73.1,23.9,88.6,72.5,25.7,93.3,74.4,22.5,80.0,90.9,21.1,91.9,DEMO / SIMULATED DATA - Atmospheric Dynamics Prototype
2024-07-06,18:00,Odisha,20.9517,85.0985,Southwest Monsoon,6 hours,Normal,8.5,28.9,16.0,4.5,29.6,16.9,5.5,29.7,17.0,10.3,29.0,15.1,7.9,29.6,16.3,12.3,30.8,15.2,7.4,28.3,16.1,14.3,27.5,11.0,9.6,28.8,16.8,DEMO / SIMULATED DATA - Atmospheric Dynamics Prototype
2024-01-10,00:00,Karnataka,15.3173,75.7139,Winter,48 hours,Heavy Rain,104.1,8.7,50.9,100.8,12.4,51.6,115.0,6.9,48.6,101.6,7.8,51.7,98.1,9.9,51.7,113.3,8.0,56.1,104.5,8.5,49.6,98.9,9.4,52.0,93.1,3.2,49.0,DEMO / SIMULATED DATA - Atmospheric Dynamics Prototype
2024-02-17,12:00,Andhra Pradesh,15.9129,79.74,Winter,72 hours,Normal,0.0,25.5,15.4,0.2,27.1,17.6,8.1,29.6,19.2,1.0,26.2,11.7,2.3,27.0,13.3,2.9,23.9,11.9,0.0,28.0,14.6,0.0,27.2,5.2,0.0,24.8,13.5,DEMO / SIMULATED DATA - Atmospheric Dynamics Prototype
2024-04-05,18:00,Andhra Pradesh,15.9129,79.74,Summer,48 hours,Normal,0.0,36.4,17.6,0.0,35.6,17.2,0.0,35.3,16.0,3.2,37.4,16.8,0.0,37.4,19.0,4.0,37.2,18.0,12.0,35.2,13.4,0.0,36.3,18.3,0.0,40.7,15.5,DEMO / SIMULATED DATA - Atmospheric Dynamics Prototype
2024-10-15,18:00,Tamil Nadu,11.1271,78.6569,Northeast Monsoon,12 hours,Normal,11.6,28.7,20.1,14.6,27.8,22.5,9.2,29.0,20.0,13.2,28.5,19.5,7.8,28.3,25.3,12.3,31.1,15.9,14.6,25.5,20.1,14.5,29.9,17.0,17.0,27.8,19.4,DEMO / SIMULATED DATA - Atmospheric Dynamics Prototype
2024-09-15,18:00,Rajasthan,27.0238,74.2179,Southwest Monsoon,72 hours,Heavy Rain,92.8,22.1,37.3,83.7,24.7,40.5,84.8,23.1,30.4,91.8,21.9,37.6,99.9,23.2,37.0,99.6,19.4,33.9,91.2,26.5,31.5,80.4,18.8,42.9,87.9,21.7,42.7,DEMO / SIMULATED DATA - Atmospheric Dynamics Prototype
2024-04-22,06:00,Telangana,18.1124,79.0193,Summer,72 hours,Normal,1.6,41.5,12.8,0.2,39.3,7.3,0.0,40.4,14.5,1.9,41.8,6.6,1.9,41.6,5.0,2.7,41.0,9.2,0.0,42.8,1.3,0.0,41.8,9.6,4.7,41.7,8.0,DEMO / SIMULATED DATA - Atmospheric Dynamics Prototype
2024-10-15,12:00,Rajasthan,27.0238,74.2179,Post-Monsoon,72 hours,Normal,0.0,28.5,16.1,8.3,27.8,3.5,8.1,26.5,19.7,4.5,28.3,13.7,0.0,28.6,17.3,6.9,26.1,12.1,10.2,29.0,11.5,5.2,26.2,17.3,0.0,31.7,10.1,DEMO / SIMULATED DATA - Atmospheric Dynamics Prototype
2024-08-30,12:00,Maharashtra,19.7515,75.7139,Southwest Monsoon,24 hours,Heavy Rain,89.3,28.0,52.0,77.0,30.7,58.2,89.5,27.3,53.8,91.4,28.9,51.5,97.1,29.3,48.5,88.6,27.1,49.0,94.3,29.6,58.7,92.8,27.9,52.8,84.1,30.5,48.3,DEMO / SIMULATED DATA - Atmospheric Dynamics Prototype
2024-12-17,06:00,Maharashtra,19.7515,75.7139,Post-Monsoon,24 hours,Normal,0.7,26.8,20.8,0.0,26.1,15.9,4.3,28.0,23.0,1.4,27.5,18.2,1.5,26.9,23.7,0.2,28.4,17.7,5.1,28.6,16.6,0.0,26.7,22.6,0.0,27.0,10.6,DEMO / SIMULATED DATA - Atmospheric Dynamics Prototype
2024-08-17,12:00,Odisha,20.9517,85.0985,Southwest Monsoon,6 hours,Heavy Rain,89.9,27.7,44.7,101.2,26.9,43.6,92.5,26.9,48.4,87.8,27.8,47.7,90.8,28.4,45.4,90.1,27.4,44.3,79.9,28.4,51.7,86.3,25.7,50.5,91.7,29.1,46.8,DEMO / SIMULATED DATA - Atmospheric Dynamics Prototype
2024-08-29,06:00,Telangana,18.1124,79.0193,Southwest Monsoon,24 hours,Normal,14.8,26.8,13.3,15.5,27.3,12.0,16.4,28.2,14.3,17.7,26.4,14.7,18.3,25.6,15.5,16.7,28.1,11.9,19.2,25.8,17.6,21.0,25.0,14.9,13.5,27.7,13.5,DEMO / SIMULATED DATA - Atmospheric Dynamics Prototype
2024-03-17,00:00,Tamil Nadu,11.1271,78.6569,Summer,48 hours,Normal,0.0,28.9,20.8,5.3,30.8,22.9,0.0,26.0,23.8,0.7,28.8,19.9,3.4,28.3,21.0,0.0,27.8,22.3,0.0,29.2,26.0,0.0,29.3,17.2,0.0,29.5,13.2,DEMO / SIMULATED DATA - Atmospheric Dynamics Prototype
2024-05-16,06:00,Telangana,18.1124,79.0193,Summer,48 hours,Normal,0.3,40.3,9.3,0.0,40.0,11.5,0.0,40.0,,4.7,39.7,8.4,3.0,40.4,7.9,5.9,39.5,6.2,3.5,39.5,9.6,11.0,39.4,4.2,0.0,39.6,13.9,DEMO / SIMULATED DATA - Atmospheric Dynamics Prototype
2024-01-02,00:00,Karnataka,15.3173,75.7139,Winter,6 hours,Normal,2.8,17.5,25.7,5.5,17.0,23.3,0.0,17.8,24.9,2.3,18.0,26.3,3.8,17.2,28.5,2.3,16.9,24.6,4.7,20.9,30.1,0.0,17.8,22.8,0.9,17.0,25.3,DEMO / SIMULATED DATA - Atmospheric Dynamics Prototype
2024-04-08,06:00,Tamil Nadu,11.1271,78.6569,Summer,6 hours,Normal,0.0,36.1,15.8,0.0,36.9,14.4,4.5,35.5,14.0,1.6,36.4,15.8,0.0,36.0,14.6,0.0,37.1,15.3,0.0,36.4,16.4,3.2,37.2,17.5,4.6,35.1,15.3,DEMO / SIMULATED DATA - Atmospheric Dynamics Prototype
2024-04-13,06:00,Karnataka,15.3173,75.7139,Summer,72 hours,Normal,0.0,35.3,16.2,0.0,34.9,9.4,7.5,34.6,12.5,1.2,35.1,18.9,0.0,35.1,17.7,2.9,35.0,16.0,0.0,34.4,23.9,3.3,32.9,13.8,0.0,38.1,23.0,DEMO / SIMULATED DATA - Atmospheric Dynamics Prototype
2024-09-18,18:00,Tamil Nadu,11.1271,78.6569,Southwest Monsoon,72 hours,Normal,6.4,27.1,15.5,2.2,25.6,17.8,16.8,27.0,8.4,9.2,26.4,16.1,7.3,27.4,14.8,16.4,27.5,18.1,0.0,25.2,18.3,8.5,26.2,18.3,14.0,25.9,11.1,DEMO / SIMULATED DATA - Atmospheric Dynamics Prototype
2024-05-05,12:00,Tamil Nadu,11.1271,78.6569,Summer,12 hours,High Wind,0.9,38.7,70.9,0.0,39.4,70.1,0.0,37.4,72.7,3.1,39.7,70.9,0.0,38.9,71.0,0.0,40.8,71.4,3.9,39.1,70.1,0.8,40.8,75.2,11.0,39.1,67.0,DEMO / SIMULATED DATA - Atmospheric Dynamics Prototype
2024-11-30,00:00,Telangana,18.1124,79.0193,Post-Monsoon,12 hours,Normal,0.0,22.7,21.9,0.0,21.9,28.5,0.0,23.5,20.6,0.6,23.2,21.9,0.0,24.2,24.1,3.1,23.1,23.6,0.0,22.8,18.7,0.0,23.3,26.4,0.0,22.4,16.9,DEMO / SIMULATED DATA - Atmospheric Dynamics Prototype
2024-05-11,00:00,Karnataka,15.3173,75.7139,Summer,12 hours,Heavy Rain,67.5,24.4,48.1,62.8,23.8,52.7,66.6,24.9,47.8,67.0,24.4,45.3,64.6,25.8,48.4,65.1,22.9,44.4,66.0,26.8,46.1,74.1,24.2,43.5,65.1,22.3,44.3,DEMO / SIMULATED DATA - Atmospheric Dynamics Prototype
2024-01-27,18:00,Karnataka,15.3173,75.7139,Winter,12 hours,Normal,1.7,18.9,21.9,0.4,17.4,25.9,3.3,18.5,24.5,0.8,19.0,19.1,0.0,19.3,17.9,0.4,18.0,18.3,1.8,19.3,24.0,1.7,19.5,17.5,0.0,18.9,18.0,DEMO / SIMULATED DATA - Atmospheric Dynamics Prototype
2024-12-05,06:00,Odisha,20.9517,85.0985,Post-Monsoon,72 hours,Normal,0.0,22.9,15.0,0.0,17.2,18.0,7.5,24.8,14.0,0.1,22.4,16.7,0.0,23.0,12.5,0.0,24.9,15.1,0.0,22.3,18.2,0.0,21.8,12.9,0.5,19.9,24.9,DEMO / SIMULATED DATA - Atmospheric Dynamics Prototype
2024-05-01,06:00,Telangana,18.1124,79.0193,Summer,12 hours,Normal,1.8,40.4,16.7,0.3,38.5,13.4,0.0,40.9,15.7,5.8,41.4,13.2,0.0,39.1,12.3,10.7,39.6,18.0,0.0,41.9,13.8,10.3,43.2,12.3,8.2,43.4,9.6,DEMO / SIMULATED DATA - Atmospheric Dynamics Prototype
2024-02-08,18:00,Kerala,10.8505,76.2711,Winter,12 hours,Normal,0.0,22.3,13.7,0.0,20.6,16.4,0.1,22.6,16.0,1.0,22.3,14.1,0.7,22.1,11.7,3.0,22.6,14.3,0.0,22.7,11.0,1.4,21.9,16.5,0.0,22.4,16.8,DEMO / SIMULATED DATA - Atmospheric Dynamics Prototype
2024-05-13,06:00,Odisha,20.9517,85.0985,Summer,24 hours,Normal,0.0,34.6,23.1,0.0,33.4,28.7,4.0,33.8,22.0,1.3,34.0,22.2,0.0,35.1,22.6,0.5,34.4,30.2,2.5,34.2,22.0,2.4,33.1,24.3,0.9,33.0,11.7,DEMO / SIMULATED DATA - Atmospheric Dynamics Prototype
2024-09-24,12:00,Maharashtra,19.7515,75.7139,Southwest Monsoon,48 hours,High Wind,19.3,33.3,55.6,13.6,33.6,55.4,17.8,32.9,61.5,21.5,33.0,55.0,26.4,32.4,55.0,13.7,33.3,54.4,20.5,34.8,50.0,18.0,32.8,56.4,29.1,31.9,59.2,DEMO / SIMULATED DATA - Atmospheric Dynamics Prototype
2024-04-29,00:00,Karnataka,15.3173,75.7139,Summer,24 hours,Normal,0.0,33.5,12.8,5.9,33.8,9.0,0.0,32.9,10.7,2.3,33.5,13.4,3.7,33.4,9.8,1.1,33.8,12.0,5.0,34.2,14.3,0.0,32.8,15.3,1.6,33.5,15.8,DEMO / SIMULATED DATA - Atmospheric Dynamics Prototype
2024-05-27,06:00,Telangana,18.1124,79.0193,Summer,72 hours,Normal,2.5,43.8,11.1,5.6,40.7,15.0,8.2,43.4,11.4,6.7,42.8,10.4,6.5,44.8,14.6,6.7,44.0,11.0,5.2,46.7,12.5,12.0,39.2,13.1,3.2,39.5,1.0,DEMO / SIMULATED DATA - Atmospheric Dynamics Prototype
2024-02-15,12:00,Telangana,18.1124,79.0193,Winter,12 hours,Normal,0.0,25.3,10.6,3.3,27.0,17.0,2.0,27.1,9.3,0.1,25.6,9.1,0.0,26.6,10.9,0.0,25.0,11.3,0.0,24.0,9.9,0.0,26.2,3.0,0.5,26.1,10.2,DEMO / SIMULATED DATA - Atmospheric Dynamics Prototype
2024-06-27,12:00,Rajasthan,27.0238,74.2179,Southwest Monsoon,48 hours,Normal,6.0,33.8,12.9,14.4,36.7,22.6,0.0,32.6,5.4,6.9,34.3,11.3,10.1,33.6,17.0,0.0,32.8,9.8,12.6,35.0,3.6,3.1,35.7,18.8,8.9,34.2,7.3,DEMO / SIMULATED DATA - Atmospheric Dynamics Prototype
2024-03-02,06:00,Rajasthan,27.0238,74.2179,Summer,6 hours,Normal,2.1,43.4,12.8,0.2,44.3,14.6,6.5,43.7,15.2,0.6,43.5,15.4,0.0,44.0,12.2,0.5,42.5,17.0,2.1,42.5,15.0,0.2,42.3,23.5,0.0,46.2,9.4,DEMO / SIMULATED DATA - Atmospheric Dynamics Prototype
2024-11-24,12:00,Kerala,10.8505,76.2711,Post-Monsoon,6 hours,Normal,0.0,,24.3,0.0,32.5,24.0,0.0,33.2,23.4,1.9,33.5,26.3,0.0,32.8,27.3,3.0,36.3,25.9,4.9,33.5,23.7,1.8,31.4,26.3,0.0,33.3,28.4,DEMO / SIMULATED DATA - Atmospheric Dynamics Prototype
2024-04-15,00:00,Rajasthan,27.0238,74.2179,Summer,12 hours,Heat Wave,0.0,43.7,12.3,4.1,43.5,7.3,0.0,43.4,10.5,0.3,44.2,12.6,0.5,43.8,12.5,0.0,43.8,16.0,1.2,45.0,12.7,0.0,44.9,6.8,0.0,43.5,15.2,DEMO / SIMULATED DATA - Atmospheric Dynamics Prototype
2024-02-16,06:00,Tamil Nadu,11.1271,78.6569,Winter,24 hours,Normal,0.1,20.6,28.4,5.3,20.0,27.9,0.0,21.1,27.4,1.0,21.1,32.7,2.3,19.9,30.9,1.2,22.1,35.2,1.4,22.5,33.6,0.0,21.0,29.6,0.0,19.8,34.4,DEMO / SIMULATED DATA - Atmospheric Dynamics Prototype
2024-06-20,06:00,Rajasthan,27.0238,74.2179,Southwest Monsoon,24 hours,Heavy Rain,77.8,22.0,27.3,58.1,21.9,21.9,81.9,23.4,26.3,77.8,22.1,28.7,73.5,22.3,26.0,82.2,21.1,29.1,78.3,21.1,28.2,82.3,22.1,27.7,72.8,24.1,32.5,DEMO / SIMULATED DATA - Atmospheric Dynamics Prototype
2024-12-17,06:00,Kerala,10.8505,76.2711,Post-Monsoon,72 hours,Normal,0.5,27.3,16.3,4.9,26.1,27.5,1.0,30.0,11.2,0.0,28.7,16.8,0.0,27.0,17.3,0.0,28.6,15.3,0.0,28.4,11.5,0.0,30.8,27.3,0.0,28.8,12.4,DEMO / SIMULATED DATA - Atmospheric Dynamics Prototype
2024-10-29,00:00,Karnataka,15.3173,75.7139,Post-Monsoon,24 hours,High Wind,15.7,21.2,64.3,13.5,19.9,60.5,11.1,21.9,67.2,13.2,21.2,64.4,12.6,20.1,65.8,12.6,22.7,62.0,6.2,21.0,62.0,16.5,20.6,66.8,18.1,21.8,65.2,DEMO / SIMULATED DATA - Atmospheric Dynamics Prototype
2024-11-14,12:00,Karnataka,15.3173,75.7139,Post-Monsoon,48 hours,Storm/Cyclone,83.0,25.7,97.9,78.9,26.2,101.2,82.4,27.1,97.6,85.8,25.7,99.6,85.7,25.2,96.7,85.7,25.2,106.5,86.0,25.7,101.7,80.0,27.5,102.6,91.7,24.7,90.6,DEMO / SIMULATED DATA - Atmospheric Dynamics Prototype
2024-12-17,00:00,Maharashtra,19.7515,75.7139,Post-Monsoon,6 hours,Heat Wave,0.0,43.9,19.1,0.6,42.7,13.0,2.3,44.1,14.9,0.2,43.9,19.5,1.1,43.8,16.2,0.0,44.3,16.4,0.0,43.2,16.1,0.0,42.4,20.7,0.0,45.6,28.1,DEMO / SIMULATED DATA - Atmospheric Dynamics Prototype
2024-10-10,12:00,Tamil Nadu,11.1271,78.6569,Northeast Monsoon,48 hours,Heavy Rain,101.4,26.4,46.5,125.8,26.5,49.0,102.6,27.2,48.7,103.3,27.1,44.4,107.9,26.7,43.4,104.1,27.4,43.3,96.8,28.0,44.0,98.8,25.5,47.8,109.1,27.9,43.7,DEMO / SIMULATED DATA - Atmospheric Dynamics Prototype
2024-08-12,06:00,Andhra Pradesh,15.9129,79.74,Southwest Monsoon,72 hours,Heavy Rain,119.9,26.7,39.3,118.0,28.8,31.9,109.8,22.8,30.9,120.5,26.3,42.6,116.4,26.9,34.9,123.4,26.8,29.9,119.8,27.0,49.6,121.7,22.7,40.7,121.3,28.3,57.8,DEMO / SIMULATED DATA - Atmospheric Dynamics Prototype
2024-10-14,12:00,Odisha,20.9517,85.0985,Post-Monsoon,72 hours,High Wind,11.3,32.2,72.0,14.3,30.6,83.2,13.2,36.6,73.3,12.8,30.7,72.3,10.2,34.1,73.1,12.0,30.2,75.0,8.2,31.3,69.4,14.5,28.7,70.7,19.3,29.0,73.2,DEMO / SIMULATED DATA - Atmospheric Dynamics Prototype
2024-10-07,18:00,Karnataka,15.3173,75.7139,Post-Monsoon,12 hours,Normal,1.4,24.6,20.7,0.0,23.1,23.7,0.9,24.4,20.9,2.0,24.0,19.5,0.9,22.9,19.5,4.4,23.0,17.6,0.0,23.7,20.6,0.0,24.0,20.5,4.7,26.6,19.5,DEMO / SIMULATED DATA - Atmospheric Dynamics Prototype
2024-03-19,12:00,Karnataka,15.3173,75.7139,Summer,72 hours,Heavy Rain,92.7,37.4,52.4,102.6,38.5,49.3,95.8,35.9,52.2,89.6,38.4,52.0,94.5,39.9,54.1,92.8,36.7,49.7,90.3,37.5,57.3,83.5,39.1,48.9,87.0,38.7,49.8,DEMO / SIMULATED DATA - Atmospheric Dynamics Prototype
2024-04-19,00:00,Maharashtra,19.7515,75.7139,Summer,24 hours,Heavy Rain,71.2,26.1,35.7,60.4,26.2,27.4,71.3,26.1,34.2,71.4,25.4,35.6,70.0,25.7,31.6,66.3,26.3,39.2,74.7,23.3,40.4,77.8,24.9,32.5,68.2,26.7,34.2,DEMO / SIMULATED DATA - Atmospheric Dynamics Prototype
2024-06-03,18:00,Odisha,20.9517,85.0985,Southwest Monsoon,72 hours,Normal,5.1,29.2,14.5,0.0,30.1,16.0,10.2,31.5,17.2,2.1,28.1,16.4,0.0,28.6,13.4,6.5,27.6,21.3,2.6,28.5,13.4,1.4,25.2,22.2,0.0,30.8,11.5,DEMO / SIMULATED DATA - Atmospheric Dynamics Prototype
2024-01-11,00:00,Tamil Nadu,11.1271,78.6569,Winter,48 hours,Normal,0.0,13.3,9.5,0.0,13.9,1.5,1.1,10.4,10.0,2.2,12.3,10.7,0.0,12.3,12.2,0.0,14.0,11.5,6.8,11.3,13.7,0.1,12.6,3.4,4.2,11.3,12.6,DEMO / SIMULATED DATA - Atmospheric Dynamics Prototype
2024-05-02,12:00,Kerala,10.8505,76.2711,Summer,48 hours,Normal,1.2,42.0,13.5,6.9,42.7,8.0,0.0,42.7,26.3,4.1,42.0,12.8,8.0,39.6,13.5,8.0,41.4,11.5,0.0,43.4,15.3,4.5,41.6,22.8,0.0,43.9,1.1,DEMO / SIMULATED DATA - Atmospheric Dynamics Prototype
2024-11-30,18:00,Karnataka,15.3173,75.7139,Post-Monsoon,12 hours,Normal,0.9,32.6,25.2,11.1,33.7,26.3,0.9,33.1,26.9,2.2,32.8,27.1,2.3,34.6,28.0,0.0,31.8,26.5,1.6,32.9,19.7,5.0,32.1,33.9,2.1,32.4,27.4,DEMO / SIMULATED DATA - Atmospheric Dynamics Prototype
2024-10-05,12:00,Telangana,18.1124,79.0193,Post-Monsoon,48 hours,Normal,0.1,30.3,14.9,4.2,29.2,14.9,3.4,28.3,23.3,1.4,29.5,12.4,0.0,27.9,20.5,3.7,28.9,15.5,1.4,30.5,10.1,2.0,32.6,5.8,0.0,27.8,10.3,DEMO / SIMULATED DATA - Atmospheric Dynamics Prototype
2024-09-04,18:00,Andhra Pradesh,15.9129,79.74,Southwest Monsoon,48 hours,Heavy Rain,98.9,21.8,52.3,84.7,20.0,61.5,96.5,21.9,55.2,98.8,22.3,53.0,98.3,23.4,49.9,97.0,21.2,49.2,94.2,21.8,58.5,91.6,21.4,56.3,112.7,23.9,51.1,DEMO / SIMULATED DATA - Atmospheric Dynamics Prototype
2024-03-04,12:00,Karnataka,15.3173,75.7139,Summer,72 hours,Normal,0.0,37.5,15.0,0.0,37.8,11.4,0.0,38.6,16.2,0.0,37.4,11.3,0.2,37.5,12.0,0.0,36.9,11.4,0.0,36.7,15.1,0.0,41.5,6.4,0.0,34.6,11.6,DEMO / SIMULATED DATA - Atmospheric Dynamics Prototype
2024-04-10,06:00,Karnataka,15.3173,75.7139,Summer,72 hours,Normal,0.5,38.1,19.2,3.2,32.4,19.3,0.0,38.4,19.1,5.4,38.7,20.8,5.1,37.9,25.5,2.6,37.2,18.8,8.6,40.9,4.8,0.0,36.7,27.9,10.8,40.7,27.2,DEMO / SIMULATED DATA - Atmospheric Dynamics Prototype
2024-03-15,06:00,Tamil Nadu,11.1271,78.6569,Summer,24 hours,High Wind,3.2,35.4,63.9,0.0,35.8,61.3,7.3,36.6,70.0,4.3,35.0,61.7,0.0,34.3,66.2,2.0,34.5,62.7,2.9,36.3,57.0,5.3,35.1,60.4,11.2,34.6,62.2,DEMO / SIMULATED DATA - Atmospheric Dynamics Prototype
2024-08-09,18:00,Rajasthan,27.0238,74.2179,Southwest Monsoon,72 hours,Heat Wave,0.0,46.5,10.4,0.0,46.6,22.5,7.0,45.5,4.0,2.1,46.7,12.1,4.4,45.8,11.2,0.0,47.5,12.6,0.0,48.5,13.4,5.4,45.6,11.5,0.5,46.1,11.6,DEMO / SIMULATED DATA - Atmospheric Dynamics Prototype
2024-11-07,12:00,Andhra Pradesh,15.9129,79.74,Northeast Monsoon,24 hours,Heavy Rain,139.0,27.9,40.3,126.3,27.3,43.6,137.7,28.6,43.2,138.7,27.8,40.8,142.5,29.8,40.1,139.7,28.3,40.1,141.4,25.5,41.1,132.0,26.4,43.5,137.9,29.2,39.2,DEMO / SIMULATED DATA - Atmospheric Dynamics Prototype
2024-09-02,06:00,Telangana,18.1124,79.0193,Southwest Monsoon,6 hours,Normal,5.8,27.6,4.5,2.0,26.3,2.5,3.1,26.6,8.0,4.3,26.9,4.1,4.0,25.8,3.7,2.2,26.7,6.4,4.1,26.2,5.9,10.7,28.3,1.0,0.4,27.7,3.5,DEMO / SIMULATED DATA - Atmospheric Dynamics Prototype
2024-03-01,18:00,Andhra Pradesh,15.9129,79.74,Summer,24 hours,Storm/Cyclone,106.2,25.1,75.1,90.3,28.2,72.4,109.0,26.2,73.2,107.9,25.8,77.8,106.8,25.4,77.0,109.2,26.4,72.6,107.0,27.2,81.1,107.3,24.2,79.6,109.3,26.0,78.9,DEMO / SIMULATED DATA - Atmospheric Dynamics Prototype
2024-02-12,00:00,Maharashtra,19.7515,75.7139,Winter,12 hours,Heavy Rain,96.0,8.8,37.0,89.4,7.5,32.1,90.5,9.4,38.0,95.6,7.9,38.5,95.4,8.6,34.6,97.7,8.2,36.2,91.6,7.6,40.2,101.1,7.0,39.3,92.2,8.0,42.3,DEMO / SIMULATED DATA - Atmospheric Dynamics Prototype
2024-10-04,12:00,Tamil Nadu,11.1271,78.6569,Northeast Monsoon,24 hours,Heavy Rain,86.5,23.5,52.1,83.1,22.8,53.9,85.3,24.5,50.1,87.9,24.2,54.3,87.1,24.2,51.9,87.0,23.3,49.2,94.2,23.0,47.1,82.8,25.6,62.1,88.6,24.9,61.2,DEMO / SIMULATED DATA - Atmospheric Dynamics Prototype
2024-01-22,18:00,Kerala,10.8505,76.2711,Winter,12 hours,Normal,1.8,18.8,22.7,0.0,17.8,27.3,1.8,17.9,19.7,3.3,19.8,22.1,0.0,18.8,23.8,0.7,19.2,21.4,6.7,22.0,21.4,4.0,19.4,23.2,5.2,19.6,20.6,DEMO / SIMULATED DATA - Atmospheric Dynamics Prototype
2024-10-27,00:00,Karnataka,15.3173,75.7139,Post-Monsoon,48 hours,Heavy Rain,67.7,16.6,48.5,61.8,15.6,49.4,77.4,16.2,38.6,71.3,16.4,51.8,68.3,16.9,49.7,67.5,16.8,44.7,73.6,15.7,47.3,70.1,17.0,56.8,76.8,15.5,60.3,DEMO / SIMULATED DATA - Atmospheric Dynamics Prototype
2024-06-12,12:00,Telangana,18.1124,79.0193,Southwest Monsoon,12 hours,Normal,6.3,34.2,14.2,0.3,34.9,12.3,6.6,33.8,12.6,6.4,35.0,12.6,8.3,33.7,12.1,2.8,35.1,11.0,6.3,37.0,11.9,2.7,35.8,9.6,11.9,33.6,18.2,DEMO / SIMULATED DATA - Atmospheric Dynamics Prototype
2024-06-27,18:00,Andhra Pradesh,15.9129,79.74,Southwest Monsoon,72 hours,Storm/Cyclone,107.7,25.0,91.4,113.2,24.4,88.3,114.2,24.7,86.7,108.2,25.9,92.0,106.0,26.1,85.3,105.8,26.8,90.6,109.4,27.2,96.2,104.5,24.7,97.0,115.4,24.8,91.0,DEMO / SIMULATED DATA - Atmospheric Dynamics Prototype
2024-05-20,18:00,Andhra Pradesh,15.9129,79.74,Summer,24 hours,Heavy Rain,121.8,27.9,35.8,116.7,27.9,39.6,120.3,28.1,36.2,123.1,27.9,36.6,121.7,28.7,35.9,121.3,27.8,29.0,121.1,26.4,35.0,121.7,28.6,44.6,129.6,27.9,38.6,DEMO / SIMULATED DATA - Atmospheric Dynamics Prototype
2024-06-24,12:00,Kerala,10.8505,76.2711,Southwest Monsoon,72 hours,Normal,8.2,31.8,11.2,6.9,31.7,10.7,0.5,31.6,12.3,11.6,31.9,9.6,10.2,32.2,10.0,7.4,32.2,9.3,2.8,31.1,13.3,13.4,33.9,5.9,24.0,30.0,9.6,DEMO / SIMULATED DATA - Atmospheric Dynamics Prototype
2024-01-12,00:00,Tamil Nadu,11.1271,78.6569,Winter,12 hours,Normal,0.0,14.8,23.7,5.1,15.5,27.5,0.0,15.0,28.8,3.9,14.3,27.2,0.0,14.8,23.7,0.0,14.0,23.8,6.5,14.7,27.9,13.0,13.6,25.8,0.0,14.6,34.7,DEMO / SIMULATED DATA - Atmospheric Dynamics Prototype
2024-01-05,00:00,Andhra Pradesh,15.9129,79.74,Winter,12 hours,Normal,0.3,17.7,15.6,0.0,16.3,18.9,2.1,17.6,14.4,1.6,18.2,14.7,2.3,19.2,18.0,0.7,18.7,18.4,0.9,17.9,13.8,4.1,17.5,11.8,0.0,17.6,11.4,DEMO / SIMULATED DATA - Atmospheric Dynamics Prototype
2024-01-27,18:00,Tamil Nadu,11.1271,78.6569,Winter,12 hours,Heavy Rain,88.7,13.3,46.8,101.7,14.2,46.2,91.2,12.8,46.1,90.3,12.4,46.2,87.2,13.1,48.1,90.5,11.7,45.3,87.3,14.0,42.0,91.9,11.7,47.8,94.4,11.3,47.9,DEMO / SIMULATED DATA - Atmospheric Dynamics Prototype
2024-03-21,00:00,Telangana,18.1124,79.0193,Summer,72 hours,Normal,0.0,37.2,11.2,0.0,38.1,16.3,0.0,36.7,4.8,0.0,37.2,7.2,0.0,35.0,5.0,0.0,37.9,13.0,0.0,34.9,12.5,0.0,39.2,4.3,0.0,38.8,1.0,DEMO / SIMULATED DATA - Atmospheric Dynamics Prototype
2024-12-03,18:00,Andhra Pradesh,15.9129,79.74,Northeast Monsoon,6 hours,High Wind,26.2,27.4,56.7,29.5,26.4,56.8,28.8,28.4,56.6,27.8,27.0,57.6,27.2,26.7,60.5,25.7,27.5,55.6,30.7,27.6,59.1,27.7,27.1,60.1,27.9,25.9,52.6,DEMO / SIMULATED DATA - Atmospheric Dynamics Prototype
2024-03-24,18:00,Maharashtra,19.7515,75.7139,Summer,72 hours,Heavy Rain,58.3,30.0,53.0,40.5,30.6,58.1,80.2,29.3,58.2,53.8,31.3,56.3,56.3,31.0,57.9,59.0,31.2,55.0,58.4,29.2,51.1,48.7,32.4,64.6,46.8,32.7,52.7,DEMO / SIMULATED DATA - Atmospheric Dynamics Prototype
2024-05-04,12:00,Telangana,18.1124,79.0193,Summer,72 hours,Normal,0.5,48.0,10.6,0.0,46.6,16.0,0.0,49.6,11.6,5.2,47.9,12.6,2.5,48.5,11.1,1.4,46.1,7.6,11.7,49.3,16.3,0.0,48.2,13.9,10.4,47.6,13.9,DEMO / SIMULATED DATA - Atmospheric Dynamics Prototype
2024-10-05,00:00,Maharashtra,19.7515,75.7139,Post-Monsoon,12 hours,Normal,0.0,24.8,19.8,0.0,24.2,18.1,0.0,24.8,16.3,0.7,24.4,21.4,3.1,25.1,22.9,0.5,24.8,20.2,0.0,23.2,16.5,0.0,23.5,25.1,0.0,25.4,22.4,DEMO / SIMULATED DATA - Atmospheric Dynamics Prototype
2024-02-01,06:00,Andhra Pradesh,15.9129,79.74,Winter,6 hours,Heavy Rain,72.6,11.7,52.2,76.1,11.9,53.6,75.2,11.8,53.7,70.9,11.4,52.9,70.6,11.1,54.2,73.0,11.9,50.3,71.1,12.0,51.2,68.9,10.6,49.9,71.0,11.3,58.7,DEMO / SIMULATED DATA - Atmospheric Dynamics Prototype
2024-04-14,00:00,Odisha,20.9517,85.0985,Summer,12 hours,High Wind,7.8,32.8,71.9,9.9,31.8,70.7,5.7,33.1,71.9,6.1,32.6,73.8,2.6,33.2,72.4,13.5,33.8,75.1,3.3,34.2,71.2,4.6,29.4,77.0,6.3,32.6,73.3,DEMO / SIMULATED DATA - Atmospheric Dynamics Prototype
2024-09-13,12:00,Maharashtra,19.7515,75.7139,Southwest Monsoon,24 hours,High Wind,23.5,30.7,57.2,17.0,30.2,57.3,23.3,31.3,58.3,23.7,31.0,58.3,25.7,29.3,57.6,22.3,32.4,57.8,20.5,31.9,59.3,19.3,30.1,55.8,30.6,31.1,60.8,DEMO / SIMULATED DATA - Atmospheric Dynamics Prototype
2024-10-11,12:00,Odisha,20.9517,85.0985,Post-Monsoon,6 hours,Heavy Rain,53.2,26.5,38.3,34.0,28.2,35.2,55.2,26.6,38.4,53.0,25.3,37.2,57.1,24.6,37.9,49.8,24.5,35.1,53.3,25.6,41.2,52.3,26.1,37.1,52.7,25.9,34.8,DEMO / SIMULATED DATA - Atmospheric Dynamics Prototype
2024-04-12,00:00,Kerala,10.8505,76.2711,Summer,6 hours,Heat Wave,0.0,46.7,17.3,3.2,47.4,18.0,0.0,46.4,16.8,2.0,46.8,19.3,0.0,46.7,19.3,2.8,46.3,20.2,7.1,46.3,19.5,0.0,45.0,17.6,0.0,49.8,19.8,DEMO / SIMULATED DATA - Atmospheric Dynamics Prototype
2024-12-24,12:00,Odisha,20.9517,85.0985,Post-Monsoon,12 hours,Normal,0.0,33.2,11.8,1.6,33.3,11.0,1.3,33.1,15.0,0.3,33.1,9.2,1.3,33.5,10.2,0.0,34.1,6.3,0.0,34.3,8.9,0.0,31.2,8.2,0.0,32.5,12.4,DEMO / SIMULATED DATA - Atmospheric Dynamics Prototype
2024-05-11,12:00,Maharashtra,19.7515,75.7139,Summer,48 hours,Heat Wave,0.0,45.6,15.2,0.8,45.2,11.0,5.5,45.8,16.3,2.3,45.1,12.6,0.0,44.7,9.5,0.0,44.9,9.9,0.0,45.0,11.9,0.0,45.9,11.1,11.5,45.2,20.7,DEMO / SIMULATED DATA - Atmospheric Dynamics Prototype
2024-10-01,06:00,Telangana,18.1124,79.0193,Post-Monsoon,6 hours,Normal,0.0,25.4,13.7,0.0,27.9,12.3,0.0,25.4,14.1,4.7,25.6,17.3,0.0,24.8,11.0,1.5,26.0,20.3,0.0,25.6,12.9,11.6,26.2,13.7,10.2,25.3,28.4,DEMO / SIMULATED DATA - Atmospheric Dynamics Prototype
2024-07-08,12:00,Tamil Nadu,11.1271,78.6569,Southwest Monsoon,72 hours,Heavy Rain,113.4,26.5,48.4,114.2,23.7,49.9,115.3,25.8,46.5,112.7,26.8,47.6,114.1,28.2,52.8,116.0,25.8,46.8,111.9,25.6,42.5,107.8,27.9,44.4,113.7,26.5,51.6,DEMO / SIMULATED DATA - Atmospheric Dynamics Prototype
2024-05-30,12:00,Rajasthan,27.0238,74.2179,Summer,72 hours,Heat Wave,0.0,47.9,11.1,7.3,46.0,6.6,4.5,49.6,20.7,4.0,48.2,10.0,2.1,48.1,13.3,0.0,47.4,3.0,5.6,48.3,15.3,0.0,47.8,5.8,12.3,49.5,12.7,DEMO / SIMULATED DATA - Atmospheric Dynamics Prototype
2024-09-30,00:00,Telangana,18.1124,79.0193,Southwest Monsoon,6 hours,Heat Wave,0.0,44.0,8.3,0.0,46.9,13.8,2.7,42.9,10.2,1.5,44.6,7.5,0.5,45.0,9.0,0.0,44.2,3.4,0.0,44.4,11.9,0.0,43.9,2.4,7.1,45.7,11.0,DEMO / SIMULATED DATA - Atmospheric Dynamics Prototype
2024-04-06,06:00,Andhra Pradesh,15.9129,79.74,Summer,72 hours,Storm/Cyclone,166.5,27.4,74.6,181.3,27.0,81.4,176.4,26.4,65.3,168.3,27.3,72.9,173.7,26.8,71.8,167.6,26.9,65.8,172.1,29.1,69.0,166.3,25.1,69.3,161.6,28.8,88.7,DEMO / SIMULATED DATA - Atmospheric Dynamics Prototype
2024-05-14,06:00,Rajasthan,27.0238,74.2179,Summer,24 hours,High Wind,14.9,41.9,60.0,16.9,41.8,62.7,12.1,40.2,62.6,13.0,41.1,58.2,17.0,41.8,62.9,12.1,41.1,57.3,17.4,39.7,57.1,16.4,40.0,57.1,2.2,43.0,56.6,DEMO / SIMULATED DATA - Atmospheric Dynamics Prototype
2024-09-12,12:00,Karnataka,15.3173,75.7139,Southwest Monsoon,12 hours,High Wind,22.3,35.9,50.7,22.1,35.7,55.0,23.9,36.7,50.5,19.3,36.7,47.8,21.4,36.7,51.1,14.3,35.4,44.4,19.1,37.2,49.6,21.1,35.6,50.7,20.6,38.8,43.2,DEMO / SIMULATED DATA - Atmospheric Dynamics Prototype
2024-12-24,18:00,Andhra Pradesh,15.9129,79.74,Northeast Monsoon,72 hours,Storm/Cyclone,213.3,25.2,96.0,217.8,24.3,88.3,213.0,27.2,99.7,210.9,25.4,92.5,211.0,27.7,95.7,204.1,26.2,95.4,212.8,27.0,94.6,211.2,22.3,92.7,215.3,23.7,84.3,DEMO / SIMULATED DATA - Atmospheric Dynamics Prototype
2024-01-14,12:00,Andhra Pradesh,15.9129,79.74,Winter,24 hours,Normal,2.2,25.7,13.3,6.2,23.5,20.8,1.1,27.3,17.2,2.1,25.5,13.8,1.9,25.0,13.8,1.5,25.2,7.9,0.0,24.2,15.4,7.3,26.9,14.8,0.0,26.1,17.2,DEMO / SIMULATED DATA - Atmospheric Dynamics Prototype
2024-05-20,06:00,Odisha,20.9517,85.0985,Summer,12 hours,Normal,0.0,30.4,17.3,2.4,29.4,16.5,0.0,29.4,18.2,3.1,30.3,17.9,6.3,28.9,15.2,0.0,30.2,13.1,5.0,32.2,19.7,4.3,30.6,21.5,0.0,29.5,20.2,DEMO / SIMULATED DATA - Atmospheric Dynamics Prototype
2024-03-10,00:00,Tamil Nadu,11.1271,78.6569,Summer,12 hours,High Wind,11.6,28.3,66.0,12.7,28.9,68.1,13.6,28.4,67.2,12.7,28.2,65.6,9.1,28.4,64.9,7.5,27.8,66.8,13.3,26.7,62.8,14.9,29.0,69.5,18.7,29.2,64.2,DEMO / SIMULATED DATA - Atmospheric Dynamics Prototype
2024-02-02,06:00,Tamil Nadu,11.1271,78.6569,Winter,72 hours,Normal,0.8,22.7,19.0,1.0,25.2,25.4,3.5,22.0,8.8,3.5,22.5,19.0,4.0,23.0,16.2,0.0,23.8,11.7,2.7,24.4,22.0,0.0,19.9,22.6,10.6,21.2,22.6,DEMO / SIMULATED DATA - Atmospheric Dynamics Prototype
2024-01-28,18:00,Tamil Nadu,11.1271,78.6569,Winter,12 hours,Normal,0.0,23.3,17.0,0.0,23.9,15.1,3.7,23.4,17.4,0.9,23.7,17.3,0.0,23.2,17.9,3.1,21.9,14.6,1.2,23.3,19.7,0.0,25.1,15.0,0.0,25.1,19.5,DEMO / SIMULATED DATA - Atmospheric Dynamics Prototype
2024-04-23,12:00,Odisha,20.9517,85.0985,Summer,72 hours,Storm/Cyclone,122.8,26.9,95.6,128.0,22.1,98.6,127.1,24.5,98.0,127.0,27.4,90.9,123.3,28.6,97.3,122.8,24.7,86.6,130.8,27.7,94.3,126.8,26.4,83.2,131.1,29.8,93.3,DEMO / SIMULATED DATA - Atmospheric Dynamics Prototype
2024-01-15,06:00,Odisha,20.9517,85.0985,Winter,6 hours,Normal,0.4,25.0,14.2,0.0,25.8,10.9,0.0,24.7,12.8,3.8,25.0,12.8,0.0,26.1,14.7,5.3,24.8,10.2,4.2,25.3,13.4,5.6,23.2,17.8,3.9,25.4,8.1,DEMO / SIMULATED DATA - Atmospheric Dynamics Prototype
2024-04-08,06:00,Kerala,10.8505,76.2711,Summer,6 hours,Normal,0.0,36.2,13.5,0.0,34.2,7.7,0.0,35.2,13.0,1.2,35.3,13.0,0.2,35.0,15.4,3.2,34.0,17.2,2.1,36.3,18.2,0.5,35.1,8.0,0.0,36.0,6.4,DEMO / SIMULATED DATA - Atmospheric Dynamics Prototype
2024-09-16,12:00,Tamil Nadu,11.1271,78.6569,Southwest Monsoon,72 hours,Heavy Rain,110.6,25.5,40.1,100.1,26.8,37.8,112.7,24.7,43.1,112.2,25.3,39.5,111.7,28.6,34.9,111.7,24.8,40.7,109.7,24.8,37.3,115.8,24.7,40.0,112.1,23.6,44.4,DEMO / SIMULATED DATA - Atmospheric Dynamics Prototype
2024-06-03,12:00,Maharashtra,19.7515,75.7139,Southwest Monsoon,24 hours,Normal,10.6,30.8,21.8,9.8,29.4,24.7,11.8,31.4,18.9,13.3,30.8,23.1,12.9,32.5,21.7,10.2,29.2,22.1,6.1,32.4,31.0,23.1,29.4,18.6,14.1,30.4,21.9,DEMO / SIMULATED DATA - Atmospheric Dynamics Prototype
2024-12-18,18:00,Telangana,18.1124,79.0193,Post-Monsoon,72 hours,Normal,1.0,31.8,11.9,0.0,33.4,15.2,0.0,33.5,10.8,1.6,33.0,8.6,0.0,31.5,2.7,0.0,33.0,11.8,0.0,33.7,10.3,0.0,36.8,5.4,8.2,29.8,12.9,DEMO / SIMULATED DATA - Atmospheric Dynamics Prototype
2024-06-01,00:00,Andhra Pradesh,15.9129,79.74,Southwest Monsoon,12 hours,Heavy Rain,134.8,17.8,40.6,131.3,17.4,35.8,136.7,17.9,41.5,135.6,18.3,38.8,137.4,18.4,38.5,134.9,18.2,42.0,128.5,16.5,42.8,137.7,20.1,34.5,139.4,18.4,36.0,DEMO / SIMULATED DATA - Atmospheric Dynamics Prototype
2024-12-20,18:00,Maharashtra,19.7515,75.7139,Post-Monsoon,6 hours,Heavy Rain,54.5,24.1,45.8,65.4,23.4,50.9,48.9,23.9,47.2,55.7,24.1,47.2,51.3,24.1,47.0,52.0,24.3,42.5,58.3,24.7,48.2,54.2,21.9,45.3,62.9,25.7,53.1,DEMO / SIMULATED DATA - Atmospheric Dynamics Prototype
2024-03-21,00:00,Kerala,10.8505,76.2711,Summer,48 hours,Normal,2.7,30.6,15.2,6.3,30.2,12.2,0.0,31.2,20.2,5.0,30.1,13.4,0.0,32.4,16.0,3.2,28.9,17.3,0.0,29.0,7.5,19.4,30.5,12.0,2.4,29.5,14.1,DEMO / SIMULATED DATA - Atmospheric Dynamics Prototype
2024-05-04,00:00,Karnataka,15.3173,75.7139,Summer,48 hours,Normal,0.0,31.4,22.6,0.0,29.3,25.2,8.3,36.5,24.8,0.3,31.8,22.8,0.0,33.2,23.0,0.4,28.6,27.2,0.0,32.4,22.9,1.2,31.5,18.6,0.0,33.5,22.5,DEMO / SIMULATED DATA - Atmospheric Dynamics Prototype
2024-06-10,06:00,Maharashtra,19.7515,75.7139,Southwest Monsoon,6 hours,Heavy Rain,107.6,24.1,39.1,101.8,24.6,38.9,103.2,23.3,39.8,106.8,23.8,41.1,106.4,25.8,37.3,103.4,24.1,39.8,110.9,21.2,43.9,102.0,25.6,46.3,111.2,22.4,38.3,DEMO / SIMULATED DATA - Atmospheric Dynamics Prototype
2024-10-08,06:00,Odisha,20.9517,85.0985,Post-Monsoon,72 hours,Normal,0.0,26.6,20.4,0.0,24.8,28.7,0.0,26.2,10.2,1.0,26.7,16.0,0.0,26.0,19.1,0.0,25.6,19.3,0.0,22.1,11.3,0.0,28.7,11.6,4.8,30.9,18.5,DEMO / SIMULATED DATA - Atmospheric Dynamics Prototype
2024-10-24,06:00,Kerala,10.8505,76.2711,Post-Monsoon,72 hours,High Wind,1.8,25.3,65.0,11.7,24.8,67.7,14.6,24.9,60.0,1.9,24.7,64.3,0.0,25.3,64.5,0.8,25.9,65.6,0.0,25.3,61.3,0.0,20.0,59.8,8.5,26.9,70.1,DEMO / SIMULATED DATA - Atmospheric Dynamics Prototype
2024-01-07,18:00,Rajasthan,27.0238,74.2179,Winter,12 hours,Heavy Rain,125.0,8.0,37.2,129.7,7.9,31.1,126.6,8.9,36.6,123.0,7.4,37.8,127.8,7.0,37.6,124.0,6.3,38.4,121.5,8.5,33.8,117.4,7.0,41.2,124.2,8.1,37.8,DEMO / SIMULATED DATA - Atmospheric Dynamics Prototype
2024-03-15,12:00,Maharashtra,19.7515,75.7139,Summer,6 hours,Normal,0.0,38.7,18.3,0.0,38.4,17.5,4.5,38.2,20.4,0.9,39.1,17.2,0.0,39.4,21.4,1.2,38.6,21.4,0.0,38.9,14.3,3.4,38.8,18.0,0.0,39.7,10.9,DEMO / SIMULATED DATA - Atmospheric Dynamics Prototype
2024-01-08,06:00,Telangana,18.1124,79.0193,Winter,72 hours,Normal,0.7,21.4,5.9,0.0,23.7,4.9,11.1,26.2,12.8,2.3,22.9,4.3,1.1,22.4,6.0,0.0,20.3,1.5,0.0,25.0,12.0,3.9,23.2,1.0,6.7,23.8,1.0,DEMO / SIMULATED DATA - Atmospheric Dynamics Prototype
2024-03-16,18:00,Karnataka,15.3173,75.7139,Summer,24 hours,Normal,0.6,35.9,15.1,5.6,35.4,14.3,0.1,36.2,14.6,0.6,36.7,12.9,1.0,35.4,16.0,1.8,38.1,13.9,0.0,36.2,18.8,0.0,36.1,4.1,0.0,37.8,11.5,DEMO / SIMULATED DATA - Atmospheric Dynamics Prototype
2024-08-11,18:00,Telangana,18.1124,79.0193,Southwest Monsoon,6 hours,Normal,29.7,27.7,21.2,31.7,27.6,27.4,27.4,27.2,21.7,31.0,28.5,21.9,27.6,28.3,24.1,28.1,27.8,23.0,33.0,31.8,16.9,36.1,26.8,19.0,30.4,27.8,26.4,DEMO / SIMULATED DATA - Atmospheric Dynamics Prototype
2024-05-10,18:00,Tamil Nadu,11.1271,78.6569,Summer,6 hours,Normal,0.4,31.9,21.8,2.5,30.7,26.1,0.0,31.8,22.1,0.0,31.2,20.5,0.0,32.0,19.8,0.0,31.8,17.2,0.0,31.7,20.6,0.0,30.1,18.0,0.0,30.6,26.9,DEMO / SIMULATED DATA - Atmospheric Dynamics Prototype
2024-06-29,00:00,Rajasthan,27.0238,74.2179,Southwest Monsoon,72 hours,Storm/Cyclone,114.0,21.8,77.7,103.7,22.5,82.4,106.8,24.0,88.2,112.4,20.8,72.2,115.0,19.3,70.4,114.8,20.8,73.1,112.9,21.1,76.8,107.6,26.3,70.9,111.8,16.5,69.6,DEMO / SIMULATED DATA - Atmospheric Dynamics Prototype
2024-05-09,00:00,Tamil Nadu,11.1271,78.6569,Summer,12 hours,Normal,1.5,31.1,18.3,0.0,30.2,22.8,2.6,30.4,13.9,2.1,31.5,19.2,0.0,31.2,16.8,0.0,30.5,18.1,4.6,31.1,18.5,0.5,30.4,21.8,5.3,34.4,21.0,DEMO / SIMULATED DATA - Atmospheric Dynamics Prototype
2024-12-26,12:00,Karnataka,15.3173,75.7139,Post-Monsoon,24 hours,Normal,0.7,30.6,14.7,0.9,30.3,11.8,0.0,30.3,15.8,5.6,30.9,15.6,0.8,30.1,12.9,8.8,29.9,16.4,11.6,31.6,16.5,7.0,32.8,14.6,0.0,30.3,17.6,DEMO / SIMULATED DATA - Atmospheric Dynamics Prototype
2024-09-08,00:00,Tamil Nadu,11.1271,78.6569,Southwest Monsoon,24 hours,Heavy Rain,115.9,17.1,37.9,121.9,19.5,40.9,114.5,18.5,37.3,116.9,16.4,38.9,118.7,16.5,35.8,110.8,15.6,36.4,121.7,17.5,31.1,120.1,17.1,44.5,113.1,15.5,46.5,DEMO / SIMULATED DATA - Atmospheric Dynamics Prototype
2024-09-17,06:00,Odisha,20.9517,85.0985,Southwest Monsoon,12 hours,Heavy Rain,88.6,26.6,51.9,63.5,28.5,53.5,90.5,26.3,51.7,90.3,26.9,51.3,93.0,26.9,57.4,87.9,27.6,55.1,89.4,28.3,50.1,92.5,25.1,47.0,88.8,26.4,47.0,DEMO / SIMULATED DATA - Atmospheric Dynamics Prototype
2024-08-08,06:00,Rajasthan,27.0238,74.2179,Southwest Monsoon,12 hours,Heat Wave,0.0,43.7,11.0,0.0,43.4,10.8,2.1,43.6,6.5,2.7,44.0,8.9,3.3,43.8,5.5,4.8,45.3,7.9,0.0,45.1,14.9,2.2,43.1,7.9,3.1,42.7,8.2,DEMO / SIMULATED DATA - Atmospheric Dynamics Prototype
2024-06-23,00:00,Kerala,10.8505,76.2711,Southwest Monsoon,6 hours,Heavy Rain,94.6,21.9,43.0,84.5,20.6,46.5,91.2,22.2,43.1,95.6,21.0,43.2,94.7,21.9,43.3,87.4,21.0,40.5,98.7,22.1,43.0,102.6,19.2,48.2,94.7,20.7,40.8,DEMO / SIMULATED DATA - Atmospheric Dynamics Prototype
2024-07-06,06:00,Odisha,20.9517,85.0985,Southwest Monsoon,24 hours,Storm/Cyclone,174.0,26.6,79.5,152.7,28.9,81.1,171.6,26.3,77.6,170.7,26.4,81.2,177.1,24.6,80.2,167.5,24.4,80.8,168.6,27.6,83.2,171.7,27.4,85.9,168.5,28.2,75.7,DEMO / SIMULATED DATA - Atmospheric Dynamics Prototype
2024-12-16,18:00,Rajasthan,27.0238,74.2179,Post-Monsoon,48 hours,Normal,3.1,30.3,12.1,0.0,29.6,8.9,2.3,32.3,4.8,4.7,29.5,10.2,4.7,29.0,8.8,0.0,31.8,11.2,0.0,30.5,10.5,9.9,28.3,11.4,9.0,28.0,9.3,DEMO / SIMULATED DATA - Atmospheric Dynamics Prototype
2024-05-15,18:00,Andhra Pradesh,15.9129,79.74,Summer,12 hours,Normal,0.0,32.2,15.3,4.4,32.6,20.4,0.0,31.6,15.0,0.0,31.8,13.6,0.0,32.6,11.7,0.0,33.8,12.6,0.0,30.0,19.1,0.0,31.5,15.5,0.0,31.1,9.1,DEMO / SIMULATED DATA - Atmospheric Dynamics Prototype
2024-12-01,00:00,Rajasthan,27.0238,74.2179,Post-Monsoon,72 hours,Normal,1.5,24.0,8.0,0.0,26.8,12.3,6.2,22.3,13.7,3.8,24.8,6.1,2.3,22.4,9.1,6.6,25.0,1.0,4.0,23.3,1.0,6.2,25.6,7.8,0.0,27.6,11.8,DEMO / SIMULATED DATA - Atmospheric Dynamics Prototype
2024-03-19,12:00,Andhra Pradesh,15.9129,79.74,Summer,48 hours,Normal,0.0,39.6,17.8,4.1,39.2,17.6,0.9,38.9,26.0,2.6,40.2,16.0,6.9,39.2,15.2,0.0,40.2,17.5,0.0,39.3,19.7,6.1,43.0,15.4,0.0,39.1,12.1,DEMO / SIMULATED DATA - Atmospheric Dynamics Prototype
2024-06-17,00:00,Odisha,20.9517,85.0985,Southwest Monsoon,48 hours,Heavy Rain,73.7,21.5,39.9,63.6,20.8,46.7,73.4,22.2,42.1,72.1,20.3,38.4,70.4,21.2,39.9,75.4,19.4,37.6,73.8,20.8,33.5,69.2,18.8,47.2,71.5,21.4,34.0,DEMO / SIMULATED DATA - Atmospheric Dynamics Prototype
2024-05-18,12:00,Telangana,18.1124,79.0193,Summer,72 hours,Normal,0.2,45.9,9.2,0.0,48.9,13.7,0.0,49.6,19.0,3.8,46.4,8.1,0.0,45.3,7.8,0.0,48.8,4.6,5.7,47.3,7.6,13.3,42.3,8.7,0.0,48.4,11.7,DEMO / SIMULATED DATA - Atmospheric Dynamics Prototype
2024-02-17,18:00,Tamil Nadu,11.1271,78.6569,Winter,48 hours,Normal,0.0,18.5,20.2,0.0,18.8,18.4,0.0,15.7,22.0,1.0,19.6,17.5,0.0,18.5,14.4,0.2,18.5,21.8,4.6,20.3,12.8,0.0,22.4,20.8,0.0,18.3,17.9,DEMO / SIMULATED DATA - Atmospheric Dynamics Prototype
2024-07-14,00:00,Kerala,10.8505,76.2711,Southwest Monsoon,12 hours,Heavy Rain,89.5,18.6,41.4,62.9,18.5,39.6,87.0,18.3,43.1,94.1,18.7,39.0,90.5,19.5,40.9,94.9,19.0,40.0,89.9,17.0,40.4,91.5,19.5,39.8,103.6,18.3,34.0,DEMO / SIMULATED DATA - Atmospheric Dynamics Prototype
2024-08-19,06:00,Telangana,18.1124,79.0193,Southwest Monsoon,12 hours,Normal,5.1,28.6,17.3,3.9,27.7,18.7,6.8,29.1,18.9,4.8,28.0,17.9,1.9,27.7,17.9,8.7,29.0,11.2,7.3,26.7,19.6,2.6,29.0,25.5,3.3,27.4,15.4,DEMO / SIMULATED DATA - Atmospheric Dynamics Prototype
2024-02-24,12:00,Tamil Nadu,11.1271,78.6569,Winter,12 hours,Normal,0.0,21.8,11.0,0.0,21.1,13.0,0.0,21.9,9.5,0.5,21.9,9.8,0.0,22.9,8.3,2.6,21.8,9.3,0.0,20.4,8.5,0.0,22.7,9.8,0.0,21.7,13.1,DEMO / SIMULATED DATA - Atmospheric Dynamics Prototype
2024-07-08,18:00,Andhra Pradesh,15.9129,79.74,Southwest Monsoon,48 hours,High Wind,16.9,31.0,69.4,16.2,29.8,70.3,19.5,29.1,77.7,16.1,29.3,74.5,9.8,31.4,74.8,17.5,28.1,75.2,14.3,32.3,71.3,16.8,27.0,71.6,22.0,27.5,79.4,DEMO / SIMULATED DATA - Atmospheric Dynamics Prototype
2024-06-30,12:00,Odisha,20.9517,85.0985,Southwest Monsoon,72 hours,Heavy Rain,110.4,25.8,52.7,128.1,22.5,58.7,107.3,23.1,50.2,108.4,24.0,54.3,111.1,22.2,54.2,116.5,25.9,47.7,114.2,25.7,62.1,93.8,19.9,52.1,106.6,26.5,55.6,DEMO / SIMULATED DATA - Atmospheric Dynamics Prototype
2024-02-03,00:00,Andhra Pradesh,15.9129,79.74,Winter,6 hours,Normal,0.0,16.4,19.4,5.4,15.3,23.7,1.7,16.5,17.7,0.4,17.0,19.8,0.7,16.0,21.9,0.0,16.7,19.5,1.2,17.2,16.6,0.0,16.7,22.9,0.0,18.6,18.2,DEMO / SIMULATED DATA - Atmospheric Dynamics Prototype
2024-01-07,12:00,Kerala,10.8505,76.2711,Winter,24 hours,Heavy Rain,95.5,18.9,47.3,84.5,16.5,48.7,97.5,19.1,49.4,92.9,19.5,46.9,93.7,19.9,45.9,104.5,19.9,52.4,90.0,18.3,47.0,89.6,21.5,47.5,86.8,18.0,41.8,DEMO / SIMULATED DATA - Atmospheric Dynamics Prototype
2024-10-04,18:00,Andhra Pradesh,15.9129,79.74,Northeast Monsoon,72 hours,High Wind,36.6,32.0,61.8,39.0,33.8,72.8,34.8,32.4,82.4,33.7,31.8,61.1,36.4,31.9,58.6,37.0,31.9,63.6,38.3,28.1,54.7,35.4,31.0,55.4,21.5,36.2,73.1,DEMO / SIMULATED DATA - Atmospheric Dynamics Prototype
2024-01-29,06:00,Telangana,18.1124,79.0193,Winter,24 hours,Normal,0.1,21.9,11.8,0.0,24.3,14.2,0.0,21.9,10.8,2.6,21.6,13.5,0.0,22.0,17.0,1.6,20.7,20.2,4.7,23.3,11.0,4.2,22.4,5.9,2.7,19.6,13.3,DEMO / SIMULATED DATA - Atmospheric Dynamics Prototype
2024-01-12,00:00,Tamil Nadu,11.1271,78.6569,Winter,12 hours,Heat Wave,0.0,45.1,17.6,4.3,44.7,14.1,1.9,45.4,16.9,0.3,44.5,14.4,0.0,44.3,19.3,0.0,44.3,13.9,1.6,44.5,10.8,0.0,44.8,16.8,0.0,44.5,11.1,DEMO / SIMULATED DATA - Atmospheric Dynamics Prototype
2024-01-18,18:00,Kerala,10.8505,76.2711,Winter,12 hours,Heavy Rain,116.4,15.1,46.7,98.1,13.6,48.2,118.8,15.0,50.4,116.2,15.1,46.5,117.0,14.4,44.1,119.8,15.2,48.7,105.9,15.4,45.0,110.0,15.0,51.0,128.1,15.5,43.6,DEMO / SIMULATED DATA - Atmospheric Dynamics Prototype
2024-11-10,18:00,Maharashtra,19.7515,75.7139,Post-Monsoon,24 hours,Heavy Rain,122.9,24.3,37.9,96.7,23.4,42.0,126.1,24.5,36.6,125.0,24.1,37.3,127.8,23.7,34.9,125.5,24.8,36.1,123.3,24.9,38.7,125.2,23.5,40.2,123.0,23.4,36.7,DEMO / SIMULATED DATA - Atmospheric Dynamics Prototype
2024-03-03,12:00,Maharashtra,19.7515,75.7139,Summer,12 hours,Storm/Cyclone,119.2,25.1,73.2,100.6,28.3,68.7,118.2,24.5,72.9,118.7,25.6,69.2,116.9,24.9,71.5,122.8,25.2,70.3,122.5,23.9,67.9,119.2,27.8,66.1,112.3,26.3,70.4,DEMO / SIMULATED DATA - Atmospheric Dynamics Prototype
2024-03-30,18:00,Kerala,10.8505,76.2711,Summer,6 hours,Normal,0.0,35.6,23.7,4.3,36.2,28.8,1.2,35.4,22.8,2.3,35.4,24.0,1.0,34.5,25.6,0.0,36.7,25.1,7.3,35.8,25.8,3.0,34.4,19.8,0.0,35.6,23.7,DEMO / SIMULATED DATA - Atmospheric Dynamics Prototype
2024-12-21,18:00,Karnataka,15.3173,75.7139,Post-Monsoon,48 hours,Heavy Rain,95.4,24.8,52.4,110.9,24.6,54.0,98.0,26.4,52.9,94.1,24.5,53.6,105.8,24.1,57.2,88.7,23.4,46.3,90.4,22.0,52.9,89.9,27.7,55.1,95.9,25.4,56.3,DEMO / SIMULATED DATA - Atmospheric Dynamics Prototype
2024-08-12,00:00,Karnataka,15.3173,75.7139,Southwest Monsoon,72 hours,Heavy Rain,121.8,23.0,45.6,,24.1,55.6,120.4,27.4,48.3,119.3,23.5,44.2,120.5,26.3,48.7,119.4,23.1,48.5,120.8,23.3,41.2,109.6,23.2,46.5,126.1,21.5,36.2,DEMO / SIMULATED DATA - Atmospheric Dynamics Prototype
2024-08-08,00:00,Rajasthan,27.0238,74.2179,Southwest Monsoon,6 hours,Heat Wave,0.0,44.2,9.8,0.0,43.4,7.2,0.0,45.2,11.3,0.9,45.0,9.1,3.3,45.4,4.5,1.1,43.6,12.8,0.0,43.0,5.2,0.0,45.4,10.7,0.0,47.5,12.5,DEMO / SIMULATED DATA - Atmospheric Dynamics Prototype
2024-07-29,00:00,Rajasthan,27.0238,74.2179,Southwest Monsoon,6 hours,Heavy Rain,81.6,21.8,29.1,60.9,21.3,32.5,83.5,22.6,31.4,82.5,21.6,30.2,82.7,22.1,29.7,79.6,20.8,27.2,80.4,21.0,30.4,82.5,22.2,30.4,87.4,21.8,33.3,DEMO / SIMULATED DATA - Atmospheric Dynamics Prototype
2024-01-26,00:00,Odisha,20.9517,85.0985,Winter,72 hours,Heat Wave,0.0,47.1,23.5,0.7,47.3,20.5,0.0,49.0,17.0,1.4,48.1,25.2,7.1,46.9,34.3,0.0,47.5,21.9,0.0,49.2,17.5,0.0,48.4,28.1,0.0,48.6,24.4,DEMO / SIMULATED DATA - Atmospheric Dynamics Prototype
2024-01-26,06:00,Rajasthan,27.0238,74.2179,Winter,12 hours,Normal,0.5,13.8,6.8,4.1,13.0,10.4,0.0,13.5,6.2,1.1,14.6,7.0,0.0,15.0,8.9,0.9,14.9,2.1,0.0,14.4,9.3,1.8,11.1,2.6,2.6,17.7,12.2,DEMO / SIMULATED DATA - Atmospheric Dynamics Prototype
2024-02-27,12:00,Andhra Pradesh,15.9129,79.74,Winter,72 hours,Normal,0.1,26.2,17.7,0.0,27.3,6.3,8.1,29.0,13.7,2.6,27.5,19.2,0.0,28.3,22.8,4.3,25.9,16.4,8.5,25.6,18.6,0.1,26.9,17.0,0.2,30.8,21.4,DEMO / SIMULATED DATA - Atmospheric Dynamics Prototype
2024-04-15,00:00,Telangana,18.1124,79.0193,Summer,24 hours,Heat Wave,0.0,44.6,8.3,0.0,41.2,2.3,0.0,45.5,9.6,3.7,44.8,9.8,6.2,44.4,4.9,0.0,44.1,9.7,0.0,44.7,13.4,6.9,46.5,10.7,5.4,44.5,10.4,DEMO / SIMULATED DATA - Atmospheric Dynamics Prototype
2024-07-19,06:00,Karnataka,15.3173,75.7139,Southwest Monsoon,48 hours,Heavy Rain,139.3,24.0,46.7,137.7,21.7,47.3,132.8,23.5,38.3,139.4,24.8,47.8,142.3,24.4,50.2,137.7,25.6,46.9,139.9,27.6,44.5,146.9,24.9,43.7,130.1,21.7,53.5,DEMO / SIMULATED DATA - Atmospheric Dynamics Prototype
2024-06-02,12:00,Maharashtra,19.7515,75.7139,Southwest Monsoon,24 hours,Heavy Rain,144.0,30.7,36.2,126.4,30.5,33.9,140.8,30.4,33.9,142.4,30.4,38.1,140.2,31.2,37.0,143.0,28.0,36.0,147.4,32.4,40.1,137.9,29.5,35.5,143.6,30.8,41.7,DEMO / SIMULATED DATA - Atmospheric Dynamics Prototype
2024-03-16,06:00,Rajasthan,27.0238,74.2179,Summer,12 hours,Normal,0.0,41.2,7.8,0.0,43.8,8.2,0.0,40.4,8.0,0.7,41.6,9.3,1.6,42.0,7.9,2.1,41.6,7.5,0.0,41.2,7.4,0.0,41.8,14.1,0.0,41.4,9.4,DEMO / SIMULATED DATA - Atmospheric Dynamics Prototype
2024-01-14,18:00,Maharashtra,19.7515,75.7139,Winter,12 hours,Heavy Rain,73.5,14.2,47.5,80.8,12.9,48.3,76.1,15.0,50.0,73.9,15.2,47.2,71.0,16.0,51.7,70.6,13.9,49.5,70.6,14.9,48.2,79.4,14.8,39.6,77.9,16.2,47.2,DEMO / SIMULATED DATA - Atmospheric Dynamics Prototype
2024-06-09,18:00,Maharashtra,19.7515,75.7139,Southwest Monsoon,24 hours,Normal,14.9,26.8,13.2,10.2,26.6,16.3,15.7,28.1,11.9,14.9,26.1,14.3,13.2,27.7,8.8,12.8,26.6,13.2,12.6,24.3,18.6,21.8,24.1,16.1,14.1,27.8,14.6,DEMO / SIMULATED DATA - Atmospheric Dynamics Prototype
2024-12-14,12:00,Rajasthan,27.0238,74.2179,Post-Monsoon,12 hours,Heat Wave,0.0,43.6,10.6,0.0,42.4,15.0,0.0,44.3,11.7,1.4,43.6,7.0,0.0,44.9,6.1,3.4,42.4,9.3,1.2,44.9,7.4,2.6,43.0,7.3,0.0,43.0,4.9,DEMO / SIMULATED DATA - Atmospheric Dynamics Prototype
2024-05-14,06:00,Maharashtra,19.7515,75.7139,Summer,48 hours,Normal,0.4,31.7,19.5,0.0,31.2,34.8,1.8,28.4,8.0,3.3,32.9,18.5,3.1,34.6,18.6,0.0,32.3,16.4,0.0,33.4,16.7,6.9,30.2,20.1,6.4,34.0,20.9,DEMO / SIMULATED DATA - Atmospheric Dynamics Prototype
2024-10-11,00:00,Odisha,20.9517,85.0985,Post-Monsoon,48 hours,Storm/Cyclone,146.7,26.1,86.8,152.3,25.2,94.4,143.6,26.0,91.4,143.0,25.1,85.9,139.0,26.5,87.3,144.6,25.6,83.5,141.5,25.4,82.2,149.8,24.7,91.0,140.1,23.3,85.5,DEMO / SIMULATED DATA - Atmospheric Dynamics Prototype
2024-12-02,18:00,Maharashtra,19.7515,75.7139,Post-Monsoon,24 hours,Normal,0.0,25.4,22.7,3.6,23.4,19.2,3.8,25.4,21.9,0.6,24.3,22.7,0.3,25.7,22.7,0.0,23.0,22.6,0.0,24.7,20.2,0.0,26.1,21.8,2.7,22.1,26.4,DEMO / SIMULATED DATA - Atmospheric Dynamics Prototype
2024-01-05,06:00,Maharashtra,19.7515,75.7139,Winter,72 hours,Heavy Rain,60.4,12.5,43.2,37.6,14.1,35.7,52.7,11.4,46.3,60.5,12.1,43.5,58.0,12.7,40.5,60.8,10.3,37.4,57.2,13.7,44.2,54.8,9.9,49.6,71.6,13.8,45.7,DEMO / SIMULATED DATA - Atmospheric Dynamics Prototype
2024-04-13,00:00,Tamil Nadu,11.1271,78.6569,Summer,72 hours,Storm/Cyclone,110.0,28.4,74.2,122.0,30.1,73.3,104.7,27.5,72.9,112.4,29.3,73.6,117.8,26.5,72.1,105.1,30.2,82.7,111.9,29.2,74.7,113.2,30.2,76.8,114.1,30.4,61.7,DEMO / SIMULATED DATA - Atmospheric Dynamics Prototype
2024-01-22,18:00,Rajasthan,27.0238,74.2179,Winter,24 hours,Normal,0.0,15.5,16.7,0.0,15.0,19.3,0.0,15.7,15.8,1.7,14.7,15.0,0.0,15.9,17.4,1.3,13.0,12.3,5.2,15.6,9.5,0.4,13.0,14.2,1.5,16.0,21.7,DEMO / SIMULATED DATA - Atmospheric Dynamics Prototype
2024-02-29,06:00,Kerala,10.8505,76.2711,Winter,12 hours,Normal,0.2,18.7,18.3,5.6,18.9,15.4,0.0,18.1,16.9,1.2,18.1,16.9,0.3,17.7,18.9,3.6,19.9,17.2,0.1,17.9,14.2,0.0,16.1,10.6,1.8,19.1,23.7,DEMO / SIMULATED DATA - Atmospheric Dynamics Prototype
2024-09-29,06:00,Odisha,20.9517,85.0985,Southwest Monsoon,6 hours,Normal,5.0,31.1,19.0,1.8,29.3,20.6,7.2,30.6,18.9,6.0,32.1,18.6,8.8,31.9,16.9,9.9,31.8,23.4,4.3,30.1,18.9,0.0,32.2,17.0,6.9,34.4,17.0,DEMO / SIMULATED DATA - Atmospheric Dynamics Prototype
2024-07-22,00:00,Kerala,10.8505,76.2711,Southwest Monsoon,48 hours,Heavy Rain,149.3,22.0,51.6,139.0,19.3,60.7,153.5,22.9,49.2,151.8,23.1,56.4,150.8,23.2,53.7,146.5,24.2,52.1,152.9,23.4,61.4,151.9,21.9,61.7,157.0,22.7,53.1,DEMO / SIMULATED DATA - Atmospheric Dynamics Prototype
2024-08-18,12:00,Kerala,10.8505,76.2711,Southwest Monsoon,72 hours,Normal,9.8,29.0,25.4,12.6,26.0,39.9,5.1,31.9,29.8,6.3,28.8,25.8,11.4,30.9,18.5,12.9,28.4,36.4,0.0,29.6,27.5,5.5,28.4,22.5,1.8,26.6,24.3,DEMO / SIMULATED DATA - Atmospheric Dynamics Prototype
2024-11-08,12:00,Telangana,18.1124,79.0193,Post-Monsoon,12 hours,Normal,2.0,32.0,11.0,5.7,32.0,7.1,1.8,30.9,13.3,1.6,32.7,11.7,2.3,33.9,8.3,0.0,32.2,14.8,0.1,31.1,11.3,0.0,32.7,11.3,5.6,33.4,12.6,DEMO / SIMULATED DATA - Atmospheric Dynamics Prototype
2024-09-26,06:00,Andhra Pradesh,15.9129,79.74,Southwest Monsoon,12 hours,Normal,5.9,30.6,13.7,5.5,31.2,16.0,4.2,31.2,8.5,4.8,30.2,13.0,4.4,31.0,15.9,8.5,31.6,14.2,5.4,28.3,12.9,0.7,31.5,8.4,5.1,28.7,13.6,DEMO / SIMULATED DATA - Atmospheric Dynamics Prototype
2024-04-18,06:00,Kerala,10.8505,76.2711,Summer,72 hours,Normal,1.6,33.2,20.4,1.8,32.3,15.9,7.4,35.4,26.9,1.7,33.2,17.9,0.0,35.1,22.5,8.3,35.3,22.0,0.0,31.7,16.7,0.3,30.9,9.7,0.0,33.1,18.5,DEMO / SIMULATED DATA - Atmospheric Dynamics Prototype
2024-10-17,12:00,Maharashtra,19.7515,75.7139,Post-Monsoon,72 hours,Normal,0.1,32.4,21.3,0.0,34.9,23.4,4.6,28.8,21.0,3.9,32.4,21.6,6.9,32.2,21.8,0.0,30.0,22.4,0.0,31.3,21.6,5.1,33.6,21.9,7.4,35.1,20.4,DEMO / SIMULATED DATA - Atmospheric Dynamics Prototype
2024-07-01,06:00,Odisha,20.9517,85.0985,Southwest Monsoon,12 hours,Heavy Rain,63.7,22.9,42.6,53.8,24.6,41.4,59.2,22.7,42.2,63.6,21.9,44.1,62.8,22.3,41.0,66.2,22.3,43.1,64.3,22.1,40.0,64.0,20.5,50.4,60.7,22.3,45.9,DEMO / SIMULATED DATA - Atmospheric Dynamics Prototype
2024-07-17,00:00,Kerala,10.8505,76.2711,Southwest Monsoon,72 hours,Normal,9.5,24.2,20.8,1.6,24.0,15.6,14.8,20.8,20.1,12.2,24.8,19.6,10.9,24.6,24.9,13.9,25.0,11.7,13.1,26.6,16.6,17.9,26.3,16.4,5.2,21.7,28.2,DEMO / SIMULATED DATA - Atmospheric Dynamics Prototype
2024-10-30,18:00,Tamil Nadu,11.1271,78.6569,Northeast Monsoon,6 hours,High Wind,22.4,24.0,62.7,20.7,25.3,57.3,23.5,24.0,61.3,24.6,24.1,64.3,21.0,24.1,62.6,19.6,24.5,66.0,21.5,24.7,62.2,32.7,24.0,65.3,28.1,23.0,65.6,DEMO / SIMULATED DATA - Atmospheric Dynamics Prototype
2024-09-13,12:00,Maharashtra,19.7515,75.7139,Southwest Monsoon,12 hours,Heavy Rain,112.4,29.8,45.4,99.0,27.6,43.9,110.0,29.6,46.0,112.7,29.5,45.5,111.4,29.5,46.0,115.9,31.5,44.8,119.6,30.9,41.2,106.6,29.0,51.0,109.8,26.7,44.4,DEMO / SIMULATED DATA - Atmospheric Dynamics Prototype
2024-12-29,12:00,Andhra Pradesh,15.9129,79.74,Northeast Monsoon,48 hours,Heavy Rain,140.3,25.1,40.9,120.0,26.6,28.7,135.9,25.2,33.9,136.9,25.3,42.0,148.6,24.3,38.3,137.1,25.9,44.4,137.9,25.6,42.7,131.4,24.9,37.6,129.4,25.6,47.0,DEMO / SIMULATED DATA - Atmospheric Dynamics Prototype
2024-05-13,00:00,Odisha,20.9517,85.0985,Summer,24 hours,Normal,0.5,30.6,15.9,0.0,29.1,20.2,0.3,30.7,17.3,0.1,30.3,15.7,0.3,29.8,15.7,0.0,30.7,19.1,0.0,28.5,16.1,0.0,30.7,17.3,0.0,31.8,10.1,DEMO / SIMULATED DATA - Atmospheric Dynamics Prototype
2024-03-28,00:00,Rajasthan,27.0238,74.2179,Summer,24 hours,Normal,0.0,40.1,14.3,5.0,39.2,7.5,0.0,40.1,13.4,3.5,40.3,13.4,0.0,40.7,7.9,4.2,41.0,15.7,2.6,39.7,14.2,7.5,39.9,16.0,3.0,40.3,13.2,DEMO / SIMULATED DATA - Atmospheric Dynamics Prototype
2024-11-15,00:00,Rajasthan,27.0238,74.2179,Post-Monsoon,6 hours,Heat Wave,0.0,46.1,13.1,0.0,44.8,11.3,0.0,46.2,11.0,0.9,45.8,13.2,4.5,44.3,12.9,0.0,44.8,14.7,0.0,46.1,10.1,0.0,45.8,14.2,0.0,48.1,14.3,DEMO / SIMULATED DATA - Atmospheric Dynamics Prototype
2024-05-30,18:00,Maharashtra,19.7515,75.7139,Summer,6 hours,Heavy Rain,129.3,29.2,49.0,145.8,29.7,49.8,127.1,28.0,48.8,132.5,29.3,49.4,132.1,28.9,49.9,133.8,30.6,50.2,129.9,27.4,47.0,128.1,28.0,49.9,138.6,31.5,50.0,DEMO / SIMULATED DATA - Atmospheric Dynamics Prototype
2024-07-08,18:00,Odisha,20.9517,85.0985,Southwest Monsoon,24 hours,Heavy Rain,64.1,24.7,40.7,62.1,25.5,37.3,63.6,23.9,38.3,63.5,25.0,43.2,59.2,25.4,43.9,56.0,26.9,40.7,65.4,22.6,45.7,65.1,26.5,46.0,71.8,23.5,39.7,DEMO / SIMULATED DATA - Atmospheric Dynamics Prototype
2024-08-12,00:00,Odisha,20.9517,85.0985,Southwest Monsoon,72 hours,High Wind,18.9,24.0,62.9,25.2,25.2,69.6,16.9,20.1,68.0,21.4,22.4,62.5,20.6,22.1,54.6,19.3,23.7,61.8,22.6,22.5,66.6,23.9,17.9,62.5,20.5,25.9,66.8,DEMO / SIMULATED DATA - Atmospheric Dynamics Prototype
2024-07-07,18:00,Karnataka,15.3173,75.7139,Southwest Monsoon,24 hours,Heavy Rain,149.7,20.2,34.6,135.8,19.2,26.2,149.7,22.0,34.7,148.3,20.1,32.0,147.3,20.3,31.7,147.5,19.7,32.8,148.4,21.2,33.1,148.2,17.1,28.8,150.2,22.3,33.7,DEMO / SIMULATED DATA - Atmospheric Dynamics Prototype
2024-02-01,00:00,Tamil Nadu,11.1271,78.6569,Winter,6 hours,Normal,1.3,13.5,19.5,6.8,12.3,27.5,6.5,13.4,22.1,2.9,12.4,19.1,0.3,14.3,19.1,0.0,10.0,18.8,2.3,15.1,19.6,5.6,12.9,18.3,6.4,9.7,19.6,DEMO / SIMULATED DATA - Atmospheric Dynamics Prototype
2024-03-05,12:00,Odisha,20.9517,85.0985,Summer,6 hours,Heavy Rain,87.9,34.1,49.9,61.2,34.6,52.6,88.2,34.1,49.1,90.0,33.7,48.2,89.2,33.5,49.9,88.2,34.7,47.7,84.2,34.2,50.6,87.9,30.4,51.1,100.4,35.5,41.8,DEMO / SIMULATED DATA - Atmospheric Dynamics Prototype
2024-10-02,18:00,Kerala,10.8505,76.2711,Post-Monsoon,12 hours,Normal,0.0,30.3,15.8,3.4,30.1,19.6,0.0,30.1,15.0,3.3,29.9,15.5,0.0,30.1,19.7,5.2,30.4,15.2,7.0,30.0,14.0,4.4,27.8,15.4,0.0,31.1,13.2,DEMO / SIMULATED DATA - Atmospheric Dynamics Prototype
2024-09-27,06:00,Andhra Pradesh,15.9129,79.74,Southwest Monsoon,24 hours,Heavy Rain,68.8,25.2,47.1,46.9,24.0,46.7,64.7,24.5,45.9,66.2,26.2,48.7,70.3,25.2,51.4,65.4,26.2,50.0,69.6,25.4,48.1,64.0,26.7,47.4,61.9,27.4,46.6,DEMO / SIMULATED DATA - Atmospheric Dynamics Prototype
2024-08-05,18:00,Karnataka,15.3173,75.7139,Southwest Monsoon,12 hours,Heavy Rain,134.7,26.3,43.0,113.3,27.3,41.2,134.1,26.8,42.7,133.8,26.4,43.4,133.5,25.9,38.3,137.3,25.2,48.4,133.6,27.9,36.8,138.0,27.7,48.1,126.8,25.2,45.5,DEMO / SIMULATED DATA - Atmospheric Dynamics Prototype
2024-11-18,12:00,Tamil Nadu,11.1271,78.6569,Northeast Monsoon,72 hours,Heavy Rain,127.0,25.9,45.1,137.8,27.7,38.4,122.3,23.7,63.2,126.8,26.0,47.1,129.8,25.1,42.5,131.3,27.4,48.8,124.3,26.5,45.7,120.2,23.8,47.7,128.6,27.3,50.7,DEMO / SIMULATED DATA - Atmospheric Dynamics Prototype
2024-01-16,00:00,Andhra Pradesh,15.9129,79.74,Winter,72 hours,Heavy Rain,102.8,11.5,52.2,117.3,14.8,57.8,93.0,9.1,43.4,103.0,11.0,48.3,103.6,12.8,51.0,99.3,11.7,48.6,104.5,11.0,48.7,103.6,13.5,42.8,104.2,6.1,50.4,DEMO / SIMULATED DATA - Atmospheric Dynamics Prototype
2024-07-08,18:00,Rajasthan,27.0238,74.2179,Southwest Monsoon,6 hours,Normal,4.4,29.8,13.2,0.0,30.3,10.1,3.1,30.5,14.9,5.0,30.0,12.7,7.3,29.8,15.2,2.5,29.5,12.3,4.5,28.3,12.5,10.6,28.3,8.3,0.0,33.9,15.1,DEMO / SIMULATED DATA - Atmospheric Dynamics Prototype
2024-08-02,12:00,Maharashtra,19.7515,75.7139,Southwest Monsoon,12 hours,High Wind,15.3,33.7,49.0,0.8,33.5,49.0,16.9,34.0,49.0,18.1,33.7,49.7,15.0,32.6,49.8,14.9,33.2,49.0,13.9,31.9,51.2,23.8,34.1,50.2,23.0,36.8,48.2,DEMO / SIMULATED DATA - Atmospheric Dynamics Prototype
2024-01-11,12:00,Odisha,20.9517,85.0985,Winter,6 hours,Normal,0.0,23.2,18.4,0.0,24.1,19.2,0.0,23.4,22.2,0.4,23.6,18.4,0.0,23.2,17.6,0.2,24.7,21.3,0.0,23.1,18.4,1.8,23.8,18.0,0.0,23.0,16.9,DEMO / SIMULATED DATA - Atmospheric Dynamics Prototype
2024-06-12,00:00,Andhra Pradesh,15.9129,79.74,Southwest Monsoon,72 hours,Heavy Rain,116.3,19.5,41.1,115.1,20.6,44.4,110.7,16.4,48.3,117.1,20.1,42.6,121.9,20.4,42.6,108.8,18.9,46.7,111.4,19.8,43.6,120.0,17.2,40.4,123.2,24.3,39.6,DEMO / SIMULATED DATA - Atmospheric Dynamics Prototype
2024-07-14,00:00,Karnataka,15.3173,75.7139,Southwest Monsoon,6 hours,Heavy Rain,116.1,21.6,37.7,129.9,20.4,44.3,112.4,21.5,38.1,115.3,21.4,38.3,113.8,21.1,39.5,120.7,19.5,38.2,115.7,21.7,36.7,110.6,23.7,42.0,115.6,20.9,35.2,DEMO / SIMULATED DATA - Atmospheric Dynamics Prototype
2024-12-29,06:00,Odisha,20.9517,85.0985,Post-Monsoon,12 hours,Heavy Rain,126.4,21.0,36.7,129.0,23.1,36.8,127.1,20.7,40.6,123.6,19.9,35.4,130.2,20.1,38.3,126.0,21.3,34.4,118.6,19.6,34.8,124.1,17.6,37.9,119.1,20.9,31.5,DEMO / SIMULATED DATA - Atmospheric Dynamics Prototype
2024-03-26,18:00,Maharashtra,19.7515,75.7139,Summer,72 hours,Heavy Rain,91.2,26.3,44.1,75.3,27.3,55.8,82.6,29.3,47.3,91.9,27.4,44.5,89.3,28.4,39.6,94.8,26.0,49.2,93.3,28.5,44.4,88.0,26.1,45.2,94.1,28.1,44.2,DEMO / SIMULATED DATA - Atmospheric Dynamics Prototype
2024-01-30,06:00,Telangana,18.1124,79.0193,Winter,12 hours,Normal,0.0,23.2,12.8,0.0,21.9,18.5,0.0,23.2,11.0,1.3,24.1,12.5,6.7,23.2,10.2,0.0,25.4,12.2,0.0,25.1,17.1,0.0,22.1,10.6,0.0,24.5,12.4,DEMO / SIMULATED DATA - Atmospheric Dynamics Prototype
2024-12-10,18:00,Maharashtra,19.7515,75.7139,Post-Monsoon,48 hours,Normal,0.7,26.9,18.1,4.5,28.1,16.0,7.4,30.6,27.7,2.5,27.7,17.7,0.0,26.8,16.0,3.2,28.4,13.6,5.4,26.9,16.9,4.0,26.6,24.1,0.0,29.8,18.0,DEMO / SIMULATED DATA - Atmospheric Dynamics Prototype
2024-09-10,12:00,Kerala,10.8505,76.2711,Southwest Monsoon,24 hours,Storm/Cyclone,111.7,24.0,65.5,99.4,23.3,65.9,109.8,24.3,65.2,110.6,24.5,66.8,112.7,23.1,62.8,111.6,24.9,71.5,103.6,23.7,67.2,113.6,22.0,62.3,111.6,28.9,70.2,DEMO / SIMULATED DATA - Atmospheric Dynamics Prototype
2024-10-11,06:00,Kerala,10.8505,76.2711,Post-Monsoon,6 hours,Normal,1.3,26.1,18.1,0.0,24.5,19.4,1.0,25.6,18.8,4.4,26.2,18.4,0.0,25.4,18.0,7.2,27.0,19.3,0.0,26.1,22.0,9.1,25.8,19.8,5.7,26.7,12.7,DEMO / SIMULATED DATA - Atmospheric Dynamics Prototype
2024-09-26,12:00,Karnataka,15.3173,75.7139,Southwest Monsoon,72 hours,Heavy Rain,127.0,27.2,37.2,117.0,25.5,40.2,114.5,27.5,48.4,128.4,26.4,36.9,127.3,26.0,32.4,128.9,30.1,38.2,124.9,25.7,29.2,129.0,23.6,42.9,132.1,26.6,41.7,DEMO / SIMULATED DATA - Atmospheric Dynamics Prototype
2024-12-21,00:00,Telangana,18.1124,79.0193,Post-Monsoon,6 hours,Normal,0.0,23.9,15.8,0.0,23.4,17.5,0.0,23.0,13.1,0.9,23.3,14.8,0.0,24.2,14.2,3.0,23.7,15.6,0.2,22.7,19.9,1.3,23.7,13.9,0.0,22.1,10.3,DEMO / SIMULATED DATA - Atmospheric Dynamics Prototype
2024-08-24,18:00,Maharashtra,19.7515,75.7139,Southwest Monsoon,72 hours,Heavy Rain,102.3,22.7,43.4,118.8,24.2,44.3,105.9,25.3,55.0,105.3,22.6,46.8,98.1,22.7,45.7,103.2,23.6,53.5,100.7,19.9,53.4,115.1,23.9,40.3,109.3,22.8,41.2,DEMO / SIMULATED DATA - Atmospheric Dynamics Prototype
2024-04-18,00:00,Telangana,18.1124,79.0193,Summer,24 hours,Heat Wave,0.0,48.0,13.9,0.0,48.6,14.3,3.8,47.8,12.8,0.0,47.9,13.0,0.0,47.6,12.2,0.0,46.6,13.5,0.0,48.8,15.3,0.0,47.9,13.1,0.0,48.8,10.9,DEMO / SIMULATED DATA - Atmospheric Dynamics Prototype
2024-01-22,12:00,Odisha,20.9517,85.0985,Winter,12 hours,High Wind,18.0,23.2,59.2,21.6,25.5,58.0,18.6,23.6,60.5,16.7,23.5,58.9,16.6,23.1,60.5,18.6,25.2,58.3,14.8,23.8,56.0,15.9,23.3,59.1,17.7,22.3,60.8,DEMO / SIMULATED DATA - Atmospheric Dynamics Prototype
2024-12-18,12:00,Andhra Pradesh,15.9129,79.74,Northeast Monsoon,12 hours,Heavy Rain,109.0,26.3,44.8,84.9,25.3,41.6,113.2,26.6,44.5,109.3,26.9,45.9,108.1,26.7,45.3,110.5,26.6,47.8,109.1,27.3,46.0,109.9,25.7,44.5,108.8,28.0,45.8,DEMO / SIMULATED DATA - Atmospheric Dynamics Prototype
2024-11-07,12:00,Tamil Nadu,11.1271,78.6569,Northeast Monsoon,48 hours,Heavy Rain,97.0,24.5,40.2,92.4,21.1,34.2,91.0,22.8,36.8,98.2,24.4,37.3,100.0,25.3,37.0,96.1,25.2,39.5,105.5,25.1,36.2,92.3,22.6,36.5,97.2,24.0,37.4,DEMO / SIMULATED DATA - Atmospheric Dynamics Prototype
2024-10-14,06:00,Tamil Nadu,11.1271,78.6569,Northeast Monsoon,48 hours,Heavy Rain,105.0,23.5,49.6,103.4,21.9,54.5,105.1,23.5,52.1,103.9,23.6,48.9,110.7,24.1,46.1,101.7,23.4,51.5,98.8,24.1,53.7,101.9,27.3,45.7,106.4,18.9,47.7,DEMO / SIMULATED DATA - Atmospheric Dynamics Prototype
2024-10-31,00:00,Telangana,18.1124,79.0193,Post-Monsoon,72 hours,High Wind,16.6,22.6,66.1,5.7,18.2,59.2,17.0,21.3,59.1,19.8,20.5,67.9,22.6,20.9,68.7,11.8,20.7,63.3,20.5,19.9,67.7,9.6,20.8,68.6,34.4,20.3,71.2,DEMO / SIMULATED DATA - Atmospheric Dynamics Prototype
2024-09-06,18:00,Telangana,18.1124,79.0193,Southwest Monsoon,6 hours,Normal,7.5,30.4,8.6,9.1,28.8,5.6,11.4,31.0,6.1,7.6,30.2,8.3,5.6,30.6,8.3,14.1,29.7,10.2,8.6,28.5,1.0,5.8,31.0,14.5,3.7,31.1,7.4,DEMO / SIMULATED DATA - Atmospheric Dynamics Prototype
2024-07-08,12:00,Telangana,18.1124,79.0193,Southwest Monsoon,72 hours,Normal,5.2,35.6,12.0,14.6,34.3,17.1,0.0,38.1,5.9,6.9,34.9,11.0,5.8,36.2,12.8,4.6,33.5,7.9,11.5,34.4,11.4,0.0,37.6,3.8,12.7,32.9,19.1,DEMO / SIMULATED DATA - Atmospheric Dynamics Prototype
2024-10-15,12:00,Karnataka,15.3173,75.7139,Post-Monsoon,72 hours,Heat Wave,0.0,45.9,11.8,8.3,44.1,17.2,0.4,43.4,15.9,3.0,47.4,8.6,0.0,44.4,7.8,0.0,46.6,7.5,0.0,45.5,6.7,0.0,51.7,11.5,14.9,48.9,9.5,DEMO / SIMULATED DATA - Atmospheric Dynamics Prototype
2024-07-18,18:00,Odisha,20.9517,85.0985,Southwest Monsoon,6 hours,Heavy Rain,103.4,25.1,48.1,109.6,23.6,49.9,106.8,24.5,46.5,106.1,25.2,45.9,106.4,24.8,45.9,106.2,25.7,48.4,107.6,26.5,47.8,111.9,27.2,40.8,98.4,21.7,46.7,DEMO / SIMULATED DATA - Atmospheric Dynamics Prototype
2024-11-18,18:00,Tamil Nadu,11.1271,78.6569,Northeast Monsoon,48 hours,Normal,11.8,27.3,17.3,19.3,24.7,21.9,3.5,29.9,20.4,15.9,28.8,19.3,10.4,28.4,20.8,14.4,28.0,18.2,19.4,27.3,17.9,17.1,26.7,23.1,18.0,33.5,16.6,DEMO / SIMULATED DATA - Atmospheric Dynamics Prototype
2024-12-12,00:00,Rajasthan,27.0238,74.2179,Post-Monsoon,6 hours,High Wind,18.2,22.7,52.7,29.4,23.3,45.8,20.5,22.8,54.6,15.8,22.6,54.1,19.6,22.1,54.8,16.1,21.9,51.8,14.3,23.3,59.4,13.5,24.6,50.5,15.3,21.0,54.1,DEMO / SIMULATED DATA - Atmospheric Dynamics Prototype
2024-02-29,18:00,Andhra Pradesh,15.9129,79.74,Winter,12 hours,Normal,0.0,18.8,16.8,2.1,18.8,13.5,0.0,19.3,14.6,3.5,18.0,19.2,0.0,20.3,16.1,4.2,17.7,17.3,4.9,18.1,23.3,0.0,17.1,20.7,8.2,16.8,18.8,DEMO / SIMULATED DATA - Atmospheric Dynamics Prototype
2024-04-05,06:00,Odisha,20.9517,85.0985,Summer,72 hours,Storm/Cyclone,158.0,25.7,95.3,169.1,22.3,94.5,149.6,26.6,96.2,159.4,26.6,96.8,157.3,27.8,99.5,156.2,27.1,102.5,164.9,25.4,86.7,160.4,27.2,90.5,158.2,25.5,105.0,DEMO / SIMULATED DATA - Atmospheric Dynamics Prototype
2024-03-16,06:00,Kerala,10.8505,76.2711,Summer,12 hours,Heat Wave,0.0,43.7,21.6,0.0,44.6,22.5,4.6,44.5,19.6,0.3,43.6,22.8,1.6,43.0,24.1,0.0,43.7,22.1,0.0,43.8,23.2,0.0,44.0,18.7,0.0,43.6,26.1,DEMO / SIMULATED DATA - Atmospheric Dynamics Prototype
2024-10-23,18:00,Kerala,10.8505,76.2711,Post-Monsoon,12 hours,Normal,0.0,27.2,16.7,0.0,26.3,19.1,0.0,25.9,19.1,1.5,26.9,18.2,1.4,25.7,15.2,0.0,27.2,22.8,0.0,25.9,21.0,0.0,28.9,15.7,6.3,26.8,16.1,DEMO / SIMULATED DATA - Atmospheric Dynamics Prototype
2024-10-10,06:00,Odisha,20.9517,85.0985,Post-Monsoon,24 hours,Normal,0.6,25.6,12.9,8.8,26.6,19.9,0.0,26.0,16.0,0.2,24.5,13.8,0.0,25.9,11.7,0.0,24.6,14.3,0.0,24.3,18.3,0.9,23.1,9.9,0.0,24.5,14.6,DEMO / SIMULATED DATA - Atmospheric Dynamics Prototype
2024-09-20,06:00,Telangana,18.1124,79.0193,Southwest Monsoon,12 hours,Normal,5.8,30.1,5.7,20.2,30.4,4.4,10.2,30.5,4.0,6.0,30.0,4.5,3.4,30.8,6.6,9.6,30.8,2.2,2.7,29.0,6.4,5.2,29.4,4.5,9.3,29.8,2.7,DEMO / SIMULATED DATA - Atmospheric Dynamics Prototype
2024-02-18,00:00,Andhra Pradesh,15.9129,79.74,Winter,24 hours,Normal,0.0,14.2,14.2,0.0,17.2,12.2,5.9,13.5,10.4,1.4,13.8,14.4,4.0,13.5,14.6,0.0,14.2,9.8,0.0,13.5,15.1,3.2,14.6,16.2,0.0,13.4,16.5,DEMO / SIMULATED DATA - Atmospheric Dynamics Prototype
2024-05-09,18:00,Andhra Pradesh,15.9129,79.74,Summer,72 hours,Normal,0.0,37.7,18.5,,35.8,19.6,0.0,41.3,10.9,3.4,37.2,19.2,5.7,36.0,19.8,3.5,39.6,22.0,0.0,37.7,21.3,7.9,35.1,12.7,0.0,37.7,20.4,DEMO / SIMULATED DATA - Atmospheric Dynamics Prototype
2024-06-08,18:00,Kerala,10.8505,76.2711,Southwest Monsoon,72 hours,Normal,8.9,29.1,10.7,2.0,30.3,7.9,5.1,31.8,17.9,11.0,29.4,8.4,5.7,31.2,10.0,13.2,29.0,7.8,14.0,27.3,9.9,8.9,28.2,2.3,13.0,31.5,11.9,DEMO / SIMULATED DATA - Atmospheric Dynamics Prototype
2024-03-16,00:00,Kerala,10.8505,76.2711,Summer,6 hours,Normal,0.0,30.4,12.9,5.0,34.6,17.7,0.0,30.7,12.0,1.0,29.4,14.4,0.0,29.3,14.1,0.0,28.1,11.8,0.0,29.5,14.8,4.9,31.3,12.1,0.0,29.0,19.1,DEMO / SIMULATED DATA - Atmospheric Dynamics Prototype
2024-10-05,18:00,Kerala,10.8505,76.2711,Post-Monsoon,12 hours,Heat Wave,0.0,47.0,19.0,0.0,47.6,15.2,0.0,46.3,17.6,2.4,46.7,17.5,0.3,46.6,16.9,3.8,46.9,17.5,0.0,44.7,18.2,0.0,48.0,19.1,8.0,47.4,15.8,DEMO / SIMULATED DATA - Atmospheric Dynamics Prototype
2024-09-03,06:00,Andhra Pradesh,15.9129,79.74,Southwest Monsoon,48 hours,Heavy Rain,130.8,23.1,35.7,133.2,21.7,28.4,140.3,22.3,30.9,124.2,24.1,38.7,128.2,24.8,43.1,127.2,22.8,37.0,120.8,22.2,44.4,128.8,25.6,35.3,116.0,25.3,33.6,DEMO / SIMULATED DATA - Atmospheric Dynamics Prototype
2024-07-05,18:00,Karnataka,15.3173,75.7139,Southwest Monsoon,24 hours,High Wind,13.1,30.8,55.2,18.4,29.0,58.5,8.7,30.8,56.4,11.7,31.7,54.2,12.1,33.2,53.9,10.9,31.0,52.8,6.7,29.3,58.1,11.5,33.5,53.3,17.2,31.7,52.9,DEMO / SIMULATED DATA - Atmospheric Dynamics Prototype
2024-10-14,18:00,Rajasthan,27.0238,74.2179,Post-Monsoon,24 hours,Storm/Cyclone,115.4,27.5,88.0,114.2,26.1,82.8,114.8,28.2,86.9,117.2,28.6,86.8,117.9,27.8,83.6,123.0,28.9,83.5,117.2,29.6,89.6,113.3,27.3,86.9,114.6,29.5,90.3,DEMO / SIMULATED DATA - Atmospheric Dynamics Prototype
2024-06-25,00:00,Tamil Nadu,11.1271,78.6569,Southwest Monsoon,24 hours,Heavy Rain,70.9,19.1,35.4,51.6,16.8,31.3,66.9,18.0,38.1,69.8,19.5,34.0,70.5,19.5,35.6,71.3,19.5,37.3,72.5,23.0,31.5,65.5,18.2,29.6,69.2,17.4,35.8,DEMO / SIMULATED DATA - Atmospheric Dynamics Prototype
2024-02-10,06:00,Kerala,10.8505,76.2711,Winter,6 hours,High Wind,16.5,23.7,50.1,16.2,25.1,49.7,13.9,24.1,48.2,14.5,23.6,49.8,15.5,25.4,51.5,13.9,24.4,47.5,10.0,25.0,51.0,15.7,21.5,48.9,17.4,21.9,50.3,DEMO / SIMULATED DATA - Atmospheric Dynamics Prototype
2024-04-02,12:00,Maharashtra,19.7515,75.7139,Summer,24 hours,Normal,1.0,38.6,20.4,0.0,40.1,24.5,1.5,40.5,20.2,2.6,38.4,18.0,0.0,38.9,20.8,9.4,39.0,19.6,0.0,41.1,11.7,3.4,35.4,19.1,0.0,37.4,18.6,DEMO / SIMULATED DATA - Atmospheric Dynamics Prototype
2024-03-25,00:00,Karnataka,15.3173,75.7139,Summer,48 hours,Normal,0.0,30.8,15.4,0.0,30.3,6.6,0.0,31.0,16.0,3.8,30.7,13.2,3.3,30.5,11.6,0.0,29.5,17.1,7.7,30.9,9.8,0.0,29.2,13.3,7.8,33.4,14.4,DEMO / SIMULATED DATA - Atmospheric Dynamics Prototype
2024-09-26,12:00,Karnataka,15.3173,75.7139,Southwest Monsoon,48 hours,Heavy Rain,150.4,30.3,42.1,165.3,30.3,36.1,154.6,31.6,35.0,147.2,31.9,37.9,148.4,31.3,39.5,151.7,32.3,32.7,148.6,30.7,33.9,147.1,32.3,38.4,140.0,32.8,44.8,DEMO / SIMULATED DATA - Atmospheric Dynamics Prototype
2024-10-29,18:00,Maharashtra,19.7515,75.7139,Post-Monsoon,48 hours,High Wind,18.0,29.0,68.6,20.6,28.9,69.7,26.6,28.5,72.5,17.8,28.9,71.0,19.2,27.0,64.4,17.8,28.3,64.9,23.7,26.5,67.7,12.6,31.9,81.9,15.8,30.9,76.2,DEMO / SIMULATED DATA - Atmospheric Dynamics Prototype
2024-04-07,06:00,Telangana,18.1124,79.0193,Summer,24 hours,Normal,3.4,42.1,11.1,0.0,41.6,14.1,0.5,42.5,9.8,3.0,42.1,10.8,2.3,42.3,15.6,0.7,42.0,7.6,0.2,40.6,12.0,5.6,43.2,7.8,6.3,42.3,10.8,DEMO / SIMULATED DATA - Atmospheric Dynamics Prototype
2024-07-29,00:00,Maharashtra,19.7515,75.7139,Southwest Monsoon,24 hours,Storm/Cyclone,166.8,26.1,73.3,172.2,25.5,66.2,164.6,24.0,74.3,167.4,25.1,72.4,166.6,26.9,75.3,165.0,25.1,70.8,175.3,25.9,72.3,168.3,23.6,71.6,161.9,24.2,72.0,DEMO / SIMULATED DATA - Atmospheric Dynamics Prototype
2024-05-28,06:00,Karnataka,15.3173,75.7139,Summer,24 hours,High Wind,17.4,35.7,62.6,14.7,33.8,61.2,19.4,36.3,61.6,17.8,35.8,63.8,14.7,34.7,62.2,17.9,37.4,63.0,20.1,34.6,62.8,18.1,35.5,62.5,18.1,36.6,68.4,DEMO / SIMULATED DATA - Atmospheric Dynamics Prototype
2024-01-17,12:00,Tamil Nadu,11.1271,78.6569,Winter,24 hours,Normal,0.0,26.4,8.8,11.9,26.3,9.6,0.0,26.9,9.6,0.1,26.3,7.9,0.0,26.3,5.8,0.0,25.9,9.2,0.0,26.1,8.8,0.4,26.8,8.0,0.0,26.5,7.9,DEMO / SIMULATED DATA - Atmospheric Dynamics Prototype
2024-02-02,12:00,Andhra Pradesh,15.9129,79.74,Winter,24 hours,Heat Wave,0.0,47.2,14.0,2.9,48.6,9.8,0.0,47.3,15.3,2.0,47.4,11.1,0.0,48.3,8.6,5.0,47.9,12.0,3.8,45.7,14.4,1.2,47.6,10.3,0.0,47.4,10.4,DEMO / SIMULATED DATA - Atmospheric Dynamics Prototype
2024-06-12,06:00,Maharashtra,19.7515,75.7139,Southwest Monsoon,6 hours,High Wind,27.2,26.1,50.8,26.6,25.2,54.2,21.5,26.5,51.1,26.9,26.1,52.8,29.5,25.1,50.7,25.8,25.9,50.8,25.4,26.0,54.8,33.4,26.4,56.2,20.2,27.3,51.7,DEMO / SIMULATED DATA - Atmospheric Dynamics Prototype
2024-07-22,12:00,Maharashtra,19.7515,75.7139,Southwest Monsoon,24 hours,Storm/Cyclone,202.9,25.1,89.5,188.1,23.4,98.7,205.9,25.8,89.2,199.4,25.1,90.8,197.8,24.6,90.6,207.2,25.6,91.0,202.1,26.0,86.0,203.5,24.7,95.8,186.4,24.8,90.7,DEMO / SIMULATED DATA - Atmospheric Dynamics Prototype
2024-12-19,18:00,Rajasthan,27.0238,74.2179,Post-Monsoon,12 hours,Normal,5.7,24.2,9.0,9.4,24.5,7.4,3.1,23.7,11.0,7.7,24.8,8.3,8.9,24.8,8.9,8.0,24.5,7.3,2.1,23.8,6.8,6.3,26.5,10.1,13.3,24.2,8.3,DEMO / SIMULATED DATA - Atmospheric Dynamics Prototype
2024-08-22,12:00,Odisha,20.9517,85.0985,Southwest Monsoon,72 hours,Normal,4.2,33.9,12.3,0.0,37.5,19.3,0.1,28.8,13.1,3.2,34.8,9.9,2.8,35.1,12.4,10.4,34.7,6.4,0.0,33.0,11.4,2.2,35.5,15.4,0.8,35.6,4.1,DEMO / SIMULATED DATA - Atmospheric Dynamics Prototype
2024-07-13,18:00,Kerala,10.8505,76.2711,Southwest Monsoon,48 hours,Normal,24.4,29.8,20.1,28.4,31.7,24.1,31.7,27.1,20.8,24.4,30.1,19.4,24.2,30.0,23.0,25.0,29.9,21.9,16.3,32.4,19.6,33.5,28.1,15.3,22.8,29.9,17.1,DEMO / SIMULATED DATA - Atmospheric Dynamics Prototype
2024-08-21,06:00,Tamil Nadu,11.1271,78.6569,Southwest Monsoon,6 hours,Heavy Rain,94.3,21.3,33.3,87.4,23.5,37.1,95.3,21.0,35.3,95.1,20.9,31.1,100.2,21.2,28.9,91.0,21.4,32.9,99.4,20.6,32.7,91.5,22.4,30.1,93.2,19.0,31.1,DEMO / SIMULATED DATA - Atmospheric Dynamics Prototype
2024-01-25,06:00,Andhra Pradesh,15.9129,79.74,Winter,12 hours,Normal,0.0,23.5,23.3,0.0,23.5,32.6,0.0,22.7,23.7,2.0,24.1,23.0,0.0,23.4,24.3,1.9,24.7,18.7,5.0,25.2,26.2,0.0,21.8,24.5,3.3,25.4,21.2,DEMO / SIMULATED DATA - Atmospheric Dynamics Prototype
2024-08-22,00:00,Rajasthan,27.0238,74.2179,Southwest Monsoon,24 hours,Heat Wave,0.0,45.4,10.7,5.8,44.3,11.2,0.0,44.4,14.1,1.9,46.8,12.8,0.4,45.3,9.6,0.0,46.1,15.3,3.6,46.3,9.5,3.2,48.5,9.5,2.1,47.9,20.3,DEMO / SIMULATED DATA - Atmospheric Dynamics Prototype
2024-02-12,00:00,Rajasthan,27.0238,74.2179,Winter,12 hours,Heat Wave,0.0,46.7,9.9,,45.2,8.5,4.7,47.5,9.1,1.6,46.6,6.7,1.9,45.8,8.0,0.0,48.2,3.8,3.5,46.2,12.0,2.7,46.7,6.9,0.0,46.2,2.7,DEMO / SIMULATED DATA - Atmospheric Dynamics Prototype
2024-03-31,00:00,Odisha,20.9517,85.0985,Summer,72 hours,Normal,0.5,30.6,17.5,10.4,31.5,15.0,0.0,35.9,29.5,3.7,30.5,16.2,4.4,31.5,16.2,1.2,32.1,8.8,0.0,30.6,7.1,0.0,29.1,18.0,12.9,29.4,30.7,DEMO / SIMULATED DATA - Atmospheric Dynamics Prototype
2024-12-02,12:00,Karnataka,15.3173,75.7139,Post-Monsoon,72 hours,Normal,0.0,30.2,16.3,0.0,37.5,9.7,2.8,29.2,14.7,0.3,31.2,19.0,0.0,31.5,18.2,1.3,31.2,18.0,0.0,29.7,20.0,0.0,31.0,23.1,0.0,32.8,15.6,DEMO / SIMULATED DATA - Atmospheric Dynamics Prototype
2024-11-20,18:00,Telangana,18.1124,79.0193,Post-Monsoon,72 hours,Normal,0.4,27.6,16.8,8.9,25.4,16.9,5.1,25.4,16.9,3.9,26.5,11.7,5.0,27.1,13.6,10.1,25.6,17.5,0.0,25.7,20.8,0.0,28.5,2.8,4.5,25.7,3.6,DEMO / SIMULATED DATA - Atmospheric Dynamics Prototype
2024-08-16,06:00,Rajasthan,27.0238,74.2179,Southwest Monsoon,24 hours,Heavy Rain,135.7,27.2,43.5,124.6,26.2,41.3,132.5,26.5,45.5,136.1,27.2,40.3,136.7,26.7,40.8,134.2,25.2,43.9,139.9,30.5,39.3,140.3,26.1,38.6,129.2,27.5,38.9,DEMO / SIMULATED DATA - Atmospheric Dynamics Prototype
2024-09-11,18:00,Maharashtra,19.7515,75.7139,Southwest Monsoon,12 hours,Normal,7.8,24.1,18.3,14.4,24.3,19.9,8.0,26.6,20.3,3.9,24.0,16.1,2.2,24.3,20.9,2.9,24.2,16.7,4.4,25.8,16.0,4.8,22.8,14.0,5.0,23.1,13.0,DEMO / SIMULATED DATA - Atmospheric Dynamics Prototype
2024-07-21,06:00,Andhra Pradesh,15.9129,79.74,Southwest Monsoon,72 hours,High Wind,10.2,29.7,49.7,14.2,33.9,49.7,14.1,31.6,45.4,8.5,29.3,49.4,4.6,30.2,48.2,14.4,30.9,54.2,5.2,28.6,50.3,8.9,30.7,58.1,9.4,26.2,36.0,DEMO / SIMULATED DATA - Atmospheric Dynamics Prototype
2024-02-10,00:00,Tamil Nadu,11.1271,78.6569,Winter,72 hours,Normal,0.2,16.6,13.2,3.3,15.3,17.5,0.0,14.3,10.9,0.7,16.6,10.1,2.0,18.7,7.2,0.0,15.9,8.9,0.2,15.6,13.9,1.4,13.5,11.9,0.0,19.5,8.4,DEMO / SIMULATED DATA - Atmospheric Dynamics Prototype
2024-12-06,18:00,Odisha,20.9517,85.0985,Post-Monsoon,12 hours,Normal,0.0,26.6,18.8,0.0,26.0,15.2,0.0,26.5,21.8,0.6,26.0,20.7,0.0,26.2,21.9,0.0,25.8,20.1,0.6,26.2,19.1,2.2,26.8,21.1,0.0,24.9,21.3,DEMO / SIMULATED DATA - Atmospheric Dynamics Prototype
2024-07-14,06:00,Kerala,10.8505,76.2711,Southwest Monsoon,24 hours,Heavy Rain,96.1,20.7,37.3,100.4,20.6,38.9,95.6,20.3,36.0,99.5,20.4,39.6,100.2,22.6,36.4,94.9,21.2,37.7,95.4,19.0,34.2,99.6,20.3,45.9,107.2,19.0,43.8,DEMO / SIMULATED DATA - Atmospheric Dynamics Prototype
2024-04-12,18:00,Maharashtra,19.7515,75.7139,Summer,48 hours,Heavy Rain,63.6,31.0,43.4,70.3,31.0,45.0,61.0,27.7,44.0,63.7,30.6,43.3,72.0,32.0,44.3,65.4,31.0,34.6,58.0,30.9,47.6,74.9,28.9,46.9,48.0,30.3,43.2,DEMO / SIMULATED DATA - Atmospheric Dynamics Prototype
2024-10-30,06:00,Odisha,20.9517,85.0985,Post-Monsoon,12 hours,High Wind,7.5,28.9,69.4,4.2,28.2,63.7,9.1,27.9,71.8,7.7,28.3,68.7,4.0,28.2,66.6,6.5,30.0,67.4,3.6,28.9,69.2,10.6,27.0,70.3,13.9,27.3,70.2,DEMO / SIMULATED DATA - Atmospheric Dynamics Prototype
2024-01-11,18:00,Tamil Nadu,11.1271,78.6569,Winter,12 hours,Normal,0.0,18.7,19.9,4.7,20.7,27.0,1.2,18.0,19.1,0.8,19.0,19.9,0.0,19.4,17.9,0.0,19.1,14.3,4.1,19.4,18.4,0.0,17.7,30.1,0.0,19.2,18.7,DEMO / SIMULATED DATA - Atmospheric Dynamics Prototype
2024-08-06,18:00,Telangana,18.1124,79.0193,Southwest Monsoon,48 hours,Heat Wave,0.0,44.8,4.3,9.7,44.9,5.3,0.0,43.7,7.2,3.4,44.6,9.5,0.0,45.0,6.1,2.0,44.9,7.8,5.4,46.1,9.2,8.4,42.5,18.9,1.1,44.3,5.3,DEMO / SIMULATED DATA - Atmospheric Dynamics Prototype
2024-09-15,18:00,Telangana,18.1124,79.0193,Southwest Monsoon,12 hours,Heavy Rain,79.2,19.9,33.1,39.3,18.6,38.7,83.0,20.3,34.9,78.9,19.8,33.3,77.0,19.7,36.0,80.6,20.0,32.6,83.9,21.3,35.3,79.5,19.4,35.8,73.5,18.5,26.7,DEMO / SIMULATED DATA - Atmospheric Dynamics Prototype
2024-11-18,06:00,Maharashtra,19.7515,75.7139,Post-Monsoon,72 hours,High Wind,2.0,34.8,48.3,0.0,38.0,45.6,0.0,36.3,38.5,3.0,34.8,50.3,0.0,36.9,51.0,0.0,35.0,47.9,7.7,35.6,49.1,1.7,32.3,56.9,5.4,34.0,46.5,DEMO / SIMULATED DATA - Atmospheric Dynamics Prototype
2024-06-01,00:00,Telangana,18.1124,79.0193,Southwest Monsoon,48 hours,Normal,7.4,24.3,19.4,7.4,22.8,17.5,10.0,23.5,22.9,4.8,25.0,20.2,3.4,23.4,20.2,4.6,27.1,22.6,10.1,24.5,17.8,5.8,22.7,20.5,0.0,27.5,19.8,DEMO / SIMULATED DATA - Atmospheric Dynamics Prototype
2024-07-23,12:00,Odisha,20.9517,85.0985,Southwest Monsoon,72 hours,High Wind,10.8,33.4,53.5,0.0,34.7,53.8,0.0,33.9,59.1,12.3,34.1,52.3,12.8,35.2,51.2,20.3,33.4,57.2,18.8,38.6,47.7,5.4,33.8,51.2,4.2,29.5,54.4,DEMO / SIMULATED DATA - Atmospheric Dynamics Prototype
2024-09-11,12:00,Tamil Nadu,11.1271,78.6569,Southwest Monsoon,6 hours,Normal,6.0,33.9,16.5,9.0,34.8,14.6,5.4,32.5,12.8,5.2,34.4,17.3,4.7,33.9,13.7,8.2,34.7,14.2,2.7,34.4,21.8,4.2,35.2,16.4,6.3,33.6,20.4,DEMO / SIMULATED DATA - Atmospheric Dynamics Prototype
2024-03-02,06:00,Rajasthan,27.0238,74.2179,Summer,72 hours,Normal,0.0,41.4,10.0,0.0,45.8,12.2,0.0,42.0,22.7,1.0,41.1,7.2,0.0,40.6,5.6,3.0,41.2,1.0,2.1,43.3,7.1,0.0,40.9,14.3,0.0,39.7,7.9,DEMO / SIMULATED DATA - Atmospheric Dynamics Prototype
2024-11-01,06:00,Tamil Nadu,11.1271,78.6569,Northeast Monsoon,24 hours,High Wind,30.5,31.1,57.3,25.6,33.0,62.4,28.0,31.4,57.8,28.8,31.3,58.3,33.4,30.0,56.2,30.7,32.9,57.5,26.2,31.5,53.4,21.9,30.8,58.5,31.6,31.2,66.1,DEMO / SIMULATED DATA - Atmospheric Dynamics Prototype
2024-07-22,12:00,Kerala,10.8505,76.2711,Southwest Monsoon,72 hours,Heavy Rain,127.4,30.7,48.1,128.7,27.9,42.0,131.5,31.3,48.6,126.6,31.8,49.1,131.4,32.3,52.5,131.3,31.6,45.7,127.9,31.4,47.8,115.9,31.4,47.7,126.3,32.2,52.0,DEMO / SIMULATED DATA - Atmospheric Dynamics Prototype
2024-08-03,06:00,Rajasthan,27.0238,74.2179,Southwest Monsoon,24 hours,Normal,11.8,30.6,17.3,19.4,30.6,22.8,12.2,31.4,20.3,12.1,31.5,16.2,9.8,32.0,17.4,13.3,31.9,16.5,16.2,30.8,15.6,15.1,32.6,17.8,6.0,30.0,13.8,DEMO / SIMULATED DATA - Atmospheric Dynamics Prototype
2024-12-07,00:00,Maharashtra,19.7515,75.7139,Post-Monsoon,48 hours,Normal,0.8,24.6,18.6,0.0,23.9,19.6,1.0,24.9,11.8,3.5,24.5,19.1,1.0,23.4,21.5,0.0,24.5,15.5,5.9,23.8,13.8,7.3,20.7,22.3,3.2,30.1,22.5,DEMO / SIMULATED DATA - Atmospheric Dynamics Prototype
2024-08-19,06:00,Tamil Nadu,11.1271,78.6569,Southwest Monsoon,12 hours,High Wind,25.6,28.2,61.8,30.4,26.2,60.2,30.3,28.3,58.2,24.8,28.6,62.9,28.7,28.0,59.3,29.2,29.4,65.9,21.8,28.0,60.8,21.3,29.0,66.1,23.2,28.5,62.4,DEMO / SIMULATED DATA - Atmospheric Dynamics Prototype
2024-11-25,12:00,Karnataka,15.3173,75.7139,Post-Monsoon,24 hours,Normal,0.3,30.3,18.1,0.0,29.4,19.2,0.0,30.5,14.7,0.8,30.7,21.2,0.0,30.9,16.9,1.2,30.2,23.1,0.9,28.9,20.4,0.0,31.9,21.6,2.0,31.7,23.9,DEMO / SIMULATED DATA - Atmospheric Dynamics Prototype
2024-09-29,06:00,Rajasthan,27.0238,74.2179,Southwest Monsoon,24 hours,High Wind,11.0,28.0,66.5,4.3,29.2,68.5,8.2,27.7,66.9,11.0,28.4,64.9,9.2,28.9,64.4,10.1,27.5,68.0,13.8,28.6,59.5,11.8,28.8,69.1,10.0,28.0,63.7,DEMO / SIMULATED DATA - Atmospheric Dynamics Prototype
2024-06-06,00:00,Andhra Pradesh,15.9129,79.74,Southwest Monsoon,6 hours,Normal,3.7,24.0,11.1,0.0,22.2,5.1,4.8,24.7,7.5,5.3,24.9,9.8,3.2,24.2,11.7,10.1,24.2,8.6,6.5,25.9,6.9,6.0,24.0,7.6,0.6,26.4,14.3,DEMO / SIMULATED DATA - Atmospheric Dynamics Prototype
2024-01-22,06:00,Telangana,18.1124,79.0193,Winter,12 hours,Normal,0.0,21.3,16.5,0.0,21.3,20.5,2.2,21.8,16.6,1.1,21.2,17.5,3.0,21.4,17.8,1.2,20.2,13.8,0.0,20.8,19.3,1.5,21.3,21.8,0.0,22.2,15.0,DEMO / SIMULATED DATA - Atmospheric Dynamics Prototype
2024-08-02,06:00,Rajasthan,27.0238,74.2179,Southwest Monsoon,6 hours,Normal,3.6,26.1,9.4,3.0,25.2,15.0,3.0,25.5,7.0,4.0,26.1,10.2,0.7,26.8,11.6,0.0,28.3,9.6,7.4,25.2,6.3,2.5,26.6,10.2,9.3,23.4,13.2,DEMO / SIMULATED DATA - Atmospheric Dynamics Prototype
2024-06-26,06:00,Odisha,20.9517,85.0985,Southwest Monsoon,72 hours,Heavy Rain,77.9,25.0,42.3,83.0,23.4,37.6,85.2,26.9,40.0,71.9,25.4,40.0,72.5,27.0,37.4,81.5,27.0,42.3,74.2,21.8,42.6,67.3,25.7,29.7,64.2,25.3,48.2,DEMO / SIMULATED DATA - Atmospheric Dynamics Prototype
2024-02-15,00:00,Rajasthan,27.0238,74.2179,Winter,24 hours,Normal,0.0,10.5,20.7,0.0,8.1,22.6,1.0,11.5,23.0,1.4,11.0,20.2,0.0,9.4,16.1,0.0,10.2,21.9,0.0,10.7,22.7,0.0,11.4,19.6,6.8,13.1,20.8,DEMO / SIMULATED DATA - Atmospheric Dynamics Prototype
2024-03-24,18:00,Andhra Pradesh,15.9129,79.74,Summer,12 hours,Normal,1.1,36.0,16.9,0.0,38.4,13.1,3.1,35.6,18.3,2.7,36.0,17.6,0.0,35.7,17.9,3.1,36.9,17.0,5.4,36.3,16.4,5.0,36.2,17.8,0.0,35.0,18.7,DEMO / SIMULATED DATA - Atmospheric Dynamics Prototype
2024-11-26,12:00,Tamil Nadu,11.1271,78.6569,Northeast Monsoon,72 hours,Storm/Cyclone,192.0,24.5,70.2,171.0,25.4,73.0,184.0,25.8,86.7,194.0,24.1,64.5,189.9,22.8,70.4,184.6,24.1,67.9,196.4,21.0,61.7,194.8,25.7,56.9,204.5,26.8,65.5,DEMO / SIMULATED DATA - Atmospheric Dynamics Prototype
2024-07-11,00:00,Andhra Pradesh,15.9129,79.74,Southwest Monsoon,12 hours,Normal,6.4,23.9,15.1,9.6,22.7,13.7,6.1,24.8,16.1,5.1,23.9,13.7,5.4,23.4,15.6,6.1,23.6,15.1,5.3,21.9,14.9,6.3,24.1,11.2,2.3,26.6,11.8,DEMO / SIMULATED DATA - Atmospheric Dynamics Prototype
2024-11-17,18:00,Odisha,20.9517,85.0985,Post-Monsoon,6 hours,Normal,0.0,28.4,17.6,2.6,28.0,10.1,0.0,29.2,17.6,1.8,27.6,18.4,1.6,28.6,15.0,0.0,26.7,20.2,1.2,29.3,21.7,0.0,27.4,17.2,6.2,26.0,17.7,DEMO / SIMULATED DATA - Atmospheric Dynamics Prototype
2024-11-23,06:00,Rajasthan,27.0238,74.2179,Post-Monsoon,6 hours,Normal,1.1,24.7,16.4,0.0,24.3,13.3,0.7,23.6,16.1,2.1,25.7,17.3,0.0,26.3,16.8,1.8,24.5,19.8,2.9,26.5,19.8,0.0,25.7,19.4,5.7,25.3,10.8,DEMO / SIMULATED DATA - Atmospheric Dynamics Prototype
2024-12-01,18:00,Odisha,20.9517,85.0985,Post-Monsoon,24 hours,Normal,0.0,27.4,15.4,0.0,31.1,17.9,0.0,26.4,15.2,1.2,27.4,13.3,0.0,28.3,8.6,0.0,25.3,16.8,0.0,28.4,7.2,5.8,28.0,15.2,0.0,26.8,18.9,DEMO / SIMULATED DATA - Atmospheric Dynamics Prototype
2024-08-25,18:00,Kerala,10.8505,76.2711,Southwest Monsoon,12 hours,High Wind,23.7,25.4,49.8,11.8,25.3,51.9,26.7,26.7,,22.9,24.3,52.4,26.3,24.3,53.7,28.0,25.0,51.8,26.0,27.2,49.3,20.3,24.7,53.3,13.8,20.5,53.8,DEMO / SIMULATED DATA - Atmospheric Dynamics Prototype
2024-06-04,06:00,Telangana,18.1124,79.0193,Southwest Monsoon,72 hours,Normal,5.0,29.0,13.4,0.8,30.9,7.4,1.0,30.5,10.9,3.0,30.3,12.3,3.6,28.1,10.3,6.9,29.8,14.4,1.1,28.6,22.0,0.0,33.3,14.0,3.5,31.5,1.0,DEMO / SIMULATED DATA - Atmospheric Dynamics Prototype
2024-10-11,00:00,Odisha,20.9517,85.0985,Post-Monsoon,6 hours,Heavy Rain,94.5,18.2,44.8,109.7,16.4,48.6,99.1,18.2,41.5,95.8,18.6,42.1,96.7,19.1,44.5,90.7,19.2,42.7,96.0,20.0,39.5,98.4,17.9,44.1,97.0,17.0,39.9,DEMO / SIMULATED DATA - Atmospheric Dynamics Prototype
2024-01-15,12:00,Andhra Pradesh,15.9129,79.74,Winter,48 hours,Heat Wave,0.0,46.8,15.9,4.2,49.6,20.9,0.0,48.7,17.6,2.7,46.7,15.2,1.7,49.7,16.7,2.9,46.9,14.9,2.0,46.1,16.6,0.0,42.8,13.3,6.7,47.9,14.5,DEMO / SIMULATED DATA - Atmospheric Dynamics Prototype
2024-01-11,18:00,Rajasthan,27.0238,74.2179,Winter,72 hours,Normal,0.0,13.7,10.7,11.3,15.6,1.0,6.4,12.9,7.0,2.1,13.6,14.9,3.3,13.5,9.2,0.0,15.2,15.5,1.0,11.4,12.3,4.6,13.6,16.2,1.4,14.5,21.1,DEMO / SIMULATED DATA - Atmospheric Dynamics Prototype
2024-10-07,12:00,Maharashtra,19.7515,75.7139,Post-Monsoon,72 hours,Normal,0.0,30.6,20.5,0.0,26.7,30.2,0.0,29.3,26.8,1.5,30.5,20.9,1.9,32.1,12.3,0.0,30.8,26.5,0.0,29.9,21.3,5.5,28.1,25.5,0.0,31.6,19.1,DEMO / SIMULATED DATA - Atmospheric Dynamics Prototype
2024-02-09,12:00,Rajasthan,27.0238,74.2179,Winter,24 hours,Normal,0.0,20.1,13.1,7.1,19.5,16.2,0.0,20.6,15.2,1.0,20.3,13.3,0.0,21.2,12.4,0.1,20.6,10.0,0.0,20.5,10.3,0.0,21.3,19.7,4.9,18.0,14.0,DEMO / SIMULATED DATA - Atmospheric Dynamics Prototype
2024-05-09,00:00,Rajasthan,27.0238,74.2179,Summer,6 hours,Normal,0.0,36.9,16.0,5.5,36.5,15.3,0.0,37.3,16.7,0.7,36.7,16.7,0.0,36.8,12.6,0.0,35.7,15.3,2.3,36.0,15.6,0.9,39.0,16.2,0.5,36.0,23.6,DEMO / SIMULATED DATA - Atmospheric Dynamics Prototype
2024-07-01,18:00,Telangana,18.1124,79.0193,Southwest Monsoon,72 hours,Normal,20.9,27.0,17.5,22.6,28.4,24.7,15.1,26.2,17.2,17.6,27.5,19.3,15.4,28.0,16.5,18.8,25.9,17.3,21.9,29.0,23.0,12.7,28.0,25.1,19.1,26.6,14.7,DEMO / SIMULATED DATA - Atmospheric Dynamics Prototype
2024-04-19,06:00,Tamil Nadu,11.1271,78.6569,Summer,24 hours,Heavy Rain,108.0,31.8,52.1,79.8,34.4,60.7,109.6,32.2,52.6,107.3,31.8,53.1,106.7,33.0,51.1,110.1,32.1,52.1,104.2,30.1,54.0,105.8,32.0,53.0,109.8,31.6,55.3,DEMO / SIMULATED DATA - Atmospheric Dynamics Prototype
2024-03-25,00:00,Kerala,10.8505,76.2711,Summer,24 hours,Normal,2.9,33.3,20.5,5.0,34.7,13.5,9.7,33.8,21.8,5.4,33.1,20.6,2.5,31.8,22.4,7.1,31.3,23.4,9.7,35.4,22.5,2.5,34.8,22.3,5.0,32.3,12.5,DEMO / SIMULATED DATA - Atmospheric Dynamics Prototype
2024-08-07,12:00,Tamil Nadu,11.1271,78.6569,Southwest Monsoon,48 hours,Heavy Rain,73.3,29.0,39.1,85.0,27.1,31.6,84.0,27.6,39.6,72.1,30.0,36.2,70.4,28.0,41.0,72.7,30.9,32.1,73.2,28.1,38.0,72.2,30.2,38.1,72.1,32.8,31.8,DEMO / SIMULATED DATA - Atmospheric Dynamics Prototype
2024-04-22,12:00,Telangana,18.1124,79.0193,Summer,48 hours,Heat Wave,0.0,47.6,16.3,9.3,49.8,21.2,4.8,51.5,22.0,1.9,48.2,19.5,0.0,47.9,15.4,9.4,49.4,24.2,0.0,49.5,10.0,0.0,46.8,24.3,0.0,47.6,23.4,DEMO / SIMULATED DATA - Atmospheric Dynamics Prototype
2024-05-15,12:00,Tamil Nadu,11.1271,78.6569,Summer,48 hours,Normal,0.0,40.0,16.5,0.0,36.7,27.0,0.3,44.4,12.0,3.3,40.4,20.6,0.0,39.1,14.4,4.0,40.8,19.9,7.2,41.9,11.9,0.0,40.2,36.2,5.4,40.2,20.5,DEMO / SIMULATED DATA - Atmospheric Dynamics Prototype
2024-01-13,06:00,Karnataka,15.3173,75.7139,Winter,6 hours,Normal,0.0,20.3,21.7,0.0,18.6,19.6,0.0,19.4,19.1,3.6,19.9,20.9,2.5,21.5,18.3,5.0,19.2,23.7,1.0,21.0,18.0,0.0,19.2,23.3,9.5,18.7,21.3,DEMO / SIMULATED DATA - Atmospheric Dynamics Prototype
2024-12-16,18:00,Andhra Pradesh,15.9129,79.74,Northeast Monsoon,48 hours,Normal,10.9,26.2,20.0,12.3,26.1,26.3,17.9,23.7,17.6,10.8,26.7,22.2,11.0,26.3,21.8,12.6,27.1,22.8,9.4,25.6,26.4,7.8,27.6,16.0,13.2,27.1,23.9,DEMO / SIMULATED DATA - Atmospheric Dynamics Prototype
2024-06-06,06:00,Odisha,20.9517,85.0985,Southwest Monsoon,72 hours,Heavy Rain,139.9,20.6,45.0,149.8,19.9,47.4,139.8,22.2,44.5,137.3,20.2,46.2,139.6,21.0,43.1,135.8,18.4,44.4,135.3,20.0,51.7,138.0,23.5,47.4,137.6,18.0,44.2,DEMO / SIMULATED DATA - Atmospheric Dynamics Prototype
2024-10-09,12:00,Karnataka,15.3173,75.7139,Post-Monsoon,24 hours,Normal,0.0,30.8,22.1,0.0,30.9,21.1,0.0,30.7,21.8,4.4,30.8,24.7,5.7,31.1,24.3,4.0,31.7,26.5,0.0,32.1,29.6,0.0,30.3,20.3,12.4,28.9,22.6,DEMO / SIMULATED DATA - Atmospheric Dynamics Prototype
2024-05-18,12:00,Andhra Pradesh,15.9129,79.74,Summer,12 hours,Normal,1.1,37.1,15.8,0.0,36.0,14.8,0.0,38.1,14.6,3.0,36.4,14.7,0.0,37.4,16.5,0.0,36.2,14.3,0.0,38.3,10.7,5.9,34.1,16.1,9.2,36.1,15.9,DEMO / SIMULATED DATA - Atmospheric Dynamics Prototype
2024-07-06,00:00,Tamil Nadu,11.1271,78.6569,Southwest Monsoon,48 hours,Normal,5.4,26.3,21.9,21.6,28.2,23.0,5.8,23.5,26.6,0.9,26.6,21.1,2.7,24.9,21.3,1.8,25.0,20.0,0.0,25.9,23.0,0.0,28.9,18.9,0.0,28.1,22.3,DEMO / SIMULATED DATA - Atmospheric Dynamics Prototype
2024-02-13,00:00,Andhra Pradesh,15.9129,79.74,Winter,48 hours,Normal,0.0,14.0,26.9,0.0,13.4,26.8,1.7,17.2,21.7,3.8,13.8,25.1,5.1,12.9,26.9,4.2,14.6,17.7,5.8,14.5,24.3,0.0,14.8,30.0,3.8,12.4,26.8,DEMO / SIMULATED DATA - Atmospheric Dynamics Prototype
2024-03-14,06:00,Tamil Nadu,11.1271,78.6569,Summer,6 hours,Normal,1.3,33.0,19.6,0.0,30.8,15.7,3.4,32.7,19.9,2.3,33.8,18.4,5.4,33.9,14.7,3.6,33.1,17.8,0.1,32.6,15.4,2.3,35.9,23.3,0.0,33.4,20.8,DEMO / SIMULATED DATA - Atmospheric Dynamics Prototype
2024-03-06,06:00,Karnataka,15.3173,75.7139,Summer,24 hours,Normal,2.0,35.5,10.2,0.0,36.4,19.6,2.7,35.7,10.2,2.3,36.4,11.0,0.8,36.3,9.7,3.9,37.3,12.6,0.0,33.6,15.0,1.4,35.9,6.7,5.6,38.9,10.9,DEMO / SIMULATED DATA - Atmospheric Dynamics Prototype
2024-11-11,06:00,Telangana,18.1124,79.0193,Post-Monsoon,72 hours,Normal,0.0,28.7,10.7,0.0,24.3,14.8,0.0,30.8,13.4,0.0,28.0,9.5,0.2,28.7,19.2,0.0,29.2,11.8,0.0,28.6,2.3,0.0,25.0,13.1,0.0,28.7,1.0,DEMO / SIMULATED DATA - Atmospheric Dynamics Prototype
2024-03-30,06:00,Kerala,10.8505,76.2711,Summer,72 hours,Heavy Rain,56.3,30.2,38.0,38.8,28.9,33.3,48.5,29.4,33.7,55.1,31.5,39.6,51.6,31.3,42.7,56.3,30.3,34.8,63.0,33.6,37.1,52.5,31.0,38.8,52.2,31.4,44.6,DEMO / SIMULATED DATA - Atmospheric Dynamics Prototype
2024-11-29,12:00,Karnataka,15.3173,75.7139,Post-Monsoon,72 hours,Heat Wave,0.0,45.8,22.4,8.5,45.5,21.7,0.0,45.3,17.0,4.4,45.8,19.8,0.0,45.8,19.1,14.4,46.3,28.3,7.6,49.6,17.5,0.0,41.7,12.4,0.0,45.4,21.7,DEMO / SIMULATED DATA - Atmospheric Dynamics Prototype
2024-05-26,18:00,Karnataka,15.3173,75.7139,Summer,48 hours,Normal,1.8,34.6,19.6,0.0,35.1,10.9,0.7,35.7,16.5,3.3,33.7,22.7,2.5,33.9,16.0,4.0,36.1,23.7,0.5,30.9,20.0,9.6,32.0,29.0,0.0,35.5,24.6,DEMO / SIMULATED DATA - Atmospheric Dynamics Prototype
2024-11-30,06:00,Kerala,10.8505,76.2711,Post-Monsoon,12 hours,Normal,0.3,30.1,10.0,0.0,30.8,14.1,0.0,31.2,9.6,0.4,30.3,9.5,1.6,30.8,10.1,0.0,31.8,5.1,0.5,27.8,3.9,0.1,29.3,18.1,0.0,31.9,10.2,DEMO / SIMULATED DATA - Atmospheric Dynamics Prototype
2024-03-21,18:00,Maharashtra,19.7515,75.7139,Summer,12 hours,Normal,0.0,33.8,18.0,0.0,33.3,18.1,0.2,34.5,12.8,2.9,33.9,17.4,4.2,32.2,16.2,0.2,34.2,17.4,0.0,33.8,16.6,4.9,34.8,19.7,5.3,34.4,16.9,DEMO / SIMULATED DATA - Atmospheric Dynamics Prototype
2024-07-21,12:00,Tamil Nadu,11.1271,78.6569,Southwest Monsoon,24 hours,Heavy Rain,84.5,26.0,38.5,74.1,26.6,36.3,78.5,26.3,38.8,86.1,26.0,37.9,78.6,25.3,33.7,87.3,27.6,41.2,88.9,25.3,40.6,84.5,26.3,42.7,91.3,25.3,31.5,DEMO / SIMULATED DATA - Atmospheric Dynamics Prototype
2024-03-23,00:00,Kerala,10.8505,76.2711,Summer,12 hours,Heavy Rain,109.9,24.1,52.2,104.5,25.3,54.2,112.1,25.4,53.5,110.5,24.2,50.9,116.4,25.1,51.6,104.8,25.4,48.5,110.5,25.0,48.6,107.0,22.6,60.3,113.7,22.9,45.4,DEMO / SIMULATED DATA - Atmospheric Dynamics Prototype
2024-12-23,00:00,Kerala,10.8505,76.2711,Post-Monsoon,6 hours,Normal,0.4,21.9,22.3,0.0,21.8,19.7,2.9,22.9,24.1,4.0,21.5,24.6,1.6,21.7,25.3,0.0,22.3,25.3,3.8,22.5,23.9,4.2,21.7,27.6,10.4,19.1,20.7,DEMO / SIMULATED DATA - Atmospheric Dynamics Prototype
2024-02-07,12:00,Andhra Pradesh,15.9129,79.74,Winter,6 hours,Heavy Rain,126.7,18.3,48.2,103.6,19.7,43.9,126.4,18.8,49.2,125.5,18.2,47.2,126.2,17.7,49.8,120.7,18.6,44.7,123.4,18.7,45.8,131.7,19.3,45.6,125.6,16.6,50.2,DEMO / SIMULATED DATA - Atmospheric Dynamics Prototype
2024-09-29,18:00,Maharashtra,19.7515,75.7139,Southwest Monsoon,24 hours,Normal,11.0,31.3,14.0,1.8,32.2,12.4,9.1,32.8,10.0,9.0,31.2,17.9,15.0,29.2,12.6,4.6,30.3,12.3,7.9,31.6,17.3,10.4,31.8,20.8,7.0,32.9,26.5,DEMO / SIMULATED DATA - Atmospheric Dynamics Prototype
2024-12-01,12:00,Rajasthan,27.0238,74.2179,Post-Monsoon,24 hours,Heavy Rain,125.8,27.8,27.7,119.0,26.8,28.3,124.5,27.8,24.6,124.8,27.3,26.5,124.1,29.1,28.2,130.8,27.1,26.9,126.8,27.5,22.4,128.7,26.2,27.7,113.5,26.6,27.1,DEMO / SIMULATED DATA - Atmospheric Dynamics Prototype
2024-05-14,18:00,Tamil Nadu,11.1271,78.6569,Summer,72 hours,Heavy Rain,57.4,31.5,41.3,57.0,32.1,30.6,60.9,31.0,32.9,55.7,32.9,40.0,53.4,33.7,39.6,65.6,29.9,38.7,54.8,33.0,42.6,58.6,33.9,45.1,46.3,34.0,33.8,DEMO / SIMULATED DATA - Atmospheric Dynamics Prototype
2024-05-03,06:00,Telangana,18.1124,79.0193,Summer,6 hours,Heat Wave,0.0,47.7,13.8,0.0,47.5,14.9,1.5,47.3,12.3,1.6,47.2,15.2,0.0,48.4,9.8,0.0,47.0,15.2,4.0,45.8,14.8,3.8,46.4,17.4,0.0,48.6,18.7,DEMO / SIMULATED DATA - Atmospheric Dynamics Prototype
2024-09-02,12:00,Tamil Nadu,11.1271,78.6569,Southwest Monsoon,48 hours,Heavy Rain,92.9,26.7,43.2,104.4,26.6,45.4,94.4,25.8,49.8,89.3,25.3,44.3,92.9,27.2,40.1,82.2,25.0,50.4,96.4,26.0,45.8,95.5,23.2,47.7,79.6,25.3,37.3,DEMO / SIMULATED DATA - Atmospheric Dynamics Prototype
2024-06-21,12:00,Maharashtra,19.7515,75.7139,Southwest Monsoon,6 hours,High Wind,13.9,35.1,59.7,14.3,35.0,60.9,13.9,33.8,62.6,12.2,34.7,56.7,14.9,34.9,57.5,12.7,36.0,56.1,10.8,35.0,54.6,9.7,34.7,50.7,12.7,33.1,64.6,DEMO / SIMULATED DATA - Atmospheric Dynamics Prototype
2024-05-09,06:00,Karnataka,15.3173,75.7139,Summer,12 hours,Heavy Rain,59.7,29.0,47.8,57.7,29.7,46.3,52.3,28.4,44.9,59.7,28.8,48.5,59.6,30.0,49.0,58.0,29.3,47.7,61.8,29.7,52.2,59.1,26.4,42.6,59.8,28.6,51.0,DEMO / SIMULATED DATA - Atmospheric Dynamics Prototype
2024-10-02,00:00,Rajasthan,27.0238,74.2179,Post-Monsoon,48 hours,Normal,0.0,24.0,15.5,1.7,25.2,11.6,18.1,21.0,16.0,3.0,25.4,15.4,2.7,25.0,15.5,2.8,25.3,15.9,1.2,25.1,15.6,8.2,25.9,13.9,0.0,25.7,16.0,DEMO / SIMULATED DATA - Atmospheric Dynamics Prototype
2024-01-19,00:00,Maharashtra,19.7515,75.7139,Winter,12 hours,Heavy Rain,83.1,11.4,36.5,59.3,10.3,34.5,82.0,9.8,33.8,85.6,9.9,37.7,83.6,10.8,39.0,82.3,12.0,35.4,86.7,8.5,36.9,90.1,9.3,39.4,85.1,9.1,38.0,DEMO / SIMULATED DATA - Atmospheric Dynamics Prototype
2024-07-16,12:00,Maharashtra,19.7515,75.7139,Southwest Monsoon,6 hours,Storm/Cyclone,177.4,27.0,88.2,162.7,26.2,86.3,176.1,26.9,87.3,177.7,26.8,88.1,174.6,27.7,86.2,182.4,27.8,85.0,177.3,25.3,92.3,177.4,27.0,89.0,176.6,26.0,87.8,DEMO / SIMULATED DATA - Atmospheric Dynamics Prototype
2024-07-16,00:00,Telangana,18.1124,79.0193,Southwest Monsoon,24 hours,Normal,12.5,28.4,13.8,8.5,30.0,5.4,18.0,29.8,17.7,14.2,28.3,15.0,11.0,28.6,12.1,14.1,28.4,12.3,10.4,28.5,25.0,19.2,28.5,13.0,16.1,27.3,12.7,DEMO / SIMULATED DATA - Atmospheric Dynamics Prototype
2024-11-25,12:00,Andhra Pradesh,15.9129,79.74,Northeast Monsoon,72 hours,Heavy Rain,146.1,24.8,36.3,173.2,24.7,41.5,153.4,21.9,39.0,147.5,23.7,34.5,152.7,22.6,35.9,146.7,24.6,35.4,139.1,25.6,32.3,140.9,20.5,27.5,158.2,25.0,41.5,DEMO / SIMULATED DATA - Atmospheric Dynamics Prototype
2024-06-01,06:00,Odisha,20.9517,85.0985,Southwest Monsoon,24 hours,Normal,9.9,27.2,22.6,17.0,27.1,17.8,11.4,28.5,,9.0,26.8,22.0,6.7,26.6,18.0,11.1,25.4,24.7,8.7,28.2,21.6,12.4,25.6,23.8,6.1,28.3,21.9,DEMO / SIMULATED DATA - Atmospheric Dynamics Prototype
2024-10-15,12:00,Tamil Nadu,11.1271,78.6569,Northeast Monsoon,24 hours,Heavy Rain,154.1,27.9,46.4,140.8,28.4,50.7,156.1,27.8,45.9,153.8,28.0,44.2,156.7,28.1,49.3,154.5,27.5,40.7,153.1,26.2,39.4,149.7,29.0,45.3,155.1,29.1,46.2,DEMO / SIMULATED DATA - Atmospheric Dynamics Prototype
2024-09-01,12:00,Odisha,20.9517,85.0985,Southwest Monsoon,72 hours,Heavy Rain,94.4,27.5,51.7,82.7,25.9,39.4,98.6,28.8,50.8,94.3,28.0,51.2,92.9,26.0,53.0,85.6,28.8,54.4,101.8,27.6,48.9,97.5,29.3,44.5,93.8,28.2,55.1,DEMO / SIMULATED DATA - Atmospheric Dynamics Prototype
2024-03-22,00:00,Karnataka,15.3173,75.7139,Summer,6 hours,Normal,0.0,29.9,26.1,0.0,30.4,24.0,0.3,29.1,28.5,1.5,28.5,25.5,0.0,30.0,26.0,0.0,27.4,29.0,0.5,27.9,20.0,0.0,29.8,25.3,7.0,27.4,27.0,DEMO / SIMULATED DATA - Atmospheric Dynamics Prototype
2024-08-06,06:00,Andhra Pradesh,15.9129,79.74,Southwest Monsoon,72 hours,High Wind,10.6,28.3,62.0,7.7,26.7,64.3,14.1,26.8,63.7,9.2,28.4,60.9,10.2,28.6,66.7,13.0,28.9,57.9,5.9,29.3,53.4,8.0,26.6,61.1,8.8,28.6,65.3,DEMO / SIMULATED DATA - Atmospheric Dynamics Prototype
2024-08-24,18:00,Odisha,20.9517,85.0985,Southwest Monsoon,24 hours,Normal,6.5,30.2,15.5,5.2,31.1,12.9,8.1,30.4,17.4,6.1,30.1,17.1,4.9,29.9,17.0,2.7,30.1,18.7,3.5,30.7,15.5,14.0,30.3,17.8,5.5,29.3,16.6,DEMO / SIMULATED DATA - Atmospheric Dynamics Prototype
2024-12-27,18:00,Kerala,10.8505,76.2711,Post-Monsoon,12 hours,Heat Wave,0.0,47.8,11.8,0.0,48.1,6.7,0.0,47.0,10.1,2.2,48.2,11.9,0.0,46.7,11.2,0.0,48.4,12.1,5.6,48.5,19.8,0.0,49.2,5.7,5.5,48.4,10.8,DEMO / SIMULATED DATA - Atmospheric Dynamics Prototype
2024-08-04,12:00,Maharashtra,19.7515,75.7139,Southwest Monsoon,24 hours,Normal,11.1,32.9,26.3,10.6,32.9,28.0,8.3,33.9,24.0,9.2,32.5,23.0,7.2,32.7,22.9,17.0,32.6,15.9,12.0,33.7,24.7,4.2,32.7,24.2,5.5,31.0,27.1,DEMO / SIMULATED DATA - Atmospheric Dynamics Prototype
2024-10-12,06:00,Rajasthan,27.0238,74.2179,Post-Monsoon,24 hours,Normal,1.5,26.2,13.5,6.0,26.1,7.5,3.8,27.7,8.3,2.9,26.4,14.4,2.4,26.5,10.4,5.4,24.9,13.8,0.0,24.8,14.9,0.0,28.3,13.6,6.5,27.6,19.4,DEMO / SIMULATED DATA - Atmospheric Dynamics Prototype
2024-03-13,18:00,Karnataka,15.3173,75.7139,Summer,48 hours,High Wind,11.5,36.2,50.1,5.9,35.4,53.0,14.6,34.2,46.9,11.0,37.1,52.3,10.3,36.0,50.7,14.9,36.0,50.5,7.3,38.7,52.0,9.7,38.6,52.1,13.0,36.2,56.2,DEMO / SIMULATED DATA - Atmospheric Dynamics Prototype
2024-03-30,18:00,Andhra Pradesh,15.9129,79.74,Summer,24 hours,High Wind,14.4,32.7,57.6,21.3,33.7,51.8,14.4,32.7,55.3,15.2,32.1,55.8,15.3,31.4,59.9,11.1,32.3,57.6,21.1,30.9,55.7,15.2,32.6,58.1,13.2,33.2,47.9,DEMO / SIMULATED DATA - Atmospheric Dynamics Prototype
2024-02-04,06:00,Andhra Pradesh,15.9129,79.74,Winter,12 hours,Normal,0.6,23.0,16.7,5.3,22.0,16.9,0.0,22.8,15.1,5.5,24.2,15.3,2.0,24.4,17.8,10.3,23.7,14.0,10.2,24.1,12.0,0.5,24.2,18.9,4.7,24.6,14.0,DEMO / SIMULATED DATA - Atmospheric Dynamics Prototype
2024-03-08,06:00,Tamil Nadu,11.1271,78.6569,Summer,12 hours,Normal,0.0,34.1,16.1,0.0,34.4,14.7,0.0,33.4,16.2,2.5,33.7,15.8,0.0,32.7,15.6,0.0,35.1,15.0,10.0,35.3,15.7,2.6,31.1,19.9,0.0,34.2,12.9,DEMO / SIMULATED DATA - Atmospheric Dynamics Prototype
2024-03-23,18:00,Rajasthan,27.0238,74.2179,Summer,24 hours,Heat Wave,0.0,48.2,12.4,3.2,45.0,12.0,0.0,47.7,14.4,0.6,48.9,15.6,3.2,49.3,14.7,0.0,48.4,16.0,0.0,50.5,7.6,0.0,49.4,20.9,0.0,46.8,18.6,DEMO / SIMULATED DATA - Atmospheric Dynamics Prototype
2024-03-26,06:00,Kerala,10.8505,76.2711,Summer,12 hours,Normal,1.7,38.2,18.7,4.3,38.8,22.3,0.1,38.2,18.7,1.7,38.5,22.5,0.0,37.2,22.0,4.1,40.1,20.2,3.0,37.9,22.1,0.0,38.6,22.3,1.3,38.9,25.7,DEMO / SIMULATED DATA - Atmospheric Dynamics Prototype
2024-06-30,00:00,Andhra Pradesh,15.9129,79.74,Southwest Monsoon,24 hours,Normal,3.8,24.1,19.5,0.0,23.8,26.9,1.0,24.3,22.1,6.7,23.6,20.5,0.7,22.7,16.1,5.3,22.6,19.1,9.9,24.0,16.5,4.4,24.0,21.5,13.1,24.8,29.5,DEMO / SIMULATED DATA - Atmospheric Dynamics Prototype
2024-04-20,12:00,Karnataka,15.3173,75.7139,Summer,12 hours,Normal,0.0,36.7,19.6,0.0,38.0,21.7,3.9,35.6,17.2,1.0,37.2,18.9,0.0,38.1,23.2,0.0,37.2,21.7,0.0,39.3,11.5,0.0,37.0,15.2,5.1,34.2,22.7,DEMO / SIMULATED DATA - Atmospheric Dynamics Prototype
2024-02-07,06:00,Andhra Pradesh,15.9129,79.74,Winter,72 hours,Normal,0.0,20.6,14.4,10.9,21.4,27.3,0.0,17.1,14.4,0.8,20.5,13.2,0.0,24.3,16.8,4.2,21.9,11.2,0.0,20.8,24.9,0.0,18.9,12.1,0.0,16.8,1.0,DEMO / SIMULATED DATA - Atmospheric Dynamics Prototype
2024-11-30,00:00,Maharashtra,19.7515,75.7139,Post-Monsoon,6 hours,Normal,1.8,22.0,12.6,2.9,22.9,15.4,0.0,22.4,12.8,2.8,22.5,11.7,0.0,23.1,13.0,0.0,21.4,12.0,11.6,21.0,10.4,2.6,24.9,11.7,0.0,22.3,11.2,DEMO / SIMULATED DATA - Atmospheric Dynamics Prototype
2024-09-12,00:00,Karnataka,15.3173,75.7139,Southwest Monsoon,24 hours,High Wind,21.1,23.2,57.4,13.8,22.0,55.0,22.3,22.8,58.0,20.1,22.8,57.1,18.3,23.5,56.5,22.2,24.7,56.8,20.4,23.8,59.4,9.0,21.4,58.4,30.6,20.5,54.6,DEMO / SIMULATED DATA - Atmospheric Dynamics Prototype
2024-07-04,12:00,Rajasthan,27.0238,74.2179,Southwest Monsoon,6 hours,Heat Wave,0.0,48.1,15.2,0.0,47.7,19.9,0.9,46.4,17.0,1.4,48.3,13.2,1.1,47.8,14.7,0.0,48.2,15.2,0.0,48.4,14.8,4.3,49.2,10.2,1.8,47.7,11.2,DEMO / SIMULATED DATA - Atmospheric Dynamics Prototype
2024-10-27,06:00,Karnataka,15.3173,75.7139,Post-Monsoon,72 hours,High Wind,18.4,32.0,67.8,12.1,30.7,72.4,18.2,32.1,68.1,18.3,31.4,68.4,23.3,28.8,68.9,16.8,30.7,64.3,1.8,30.4,74.8,24.4,31.6,59.0,25.1,35.4,75.1,DEMO / SIMULATED DATA - Atmospheric Dynamics Prototype
2024-09-18,12:00,Maharashtra,19.7515,75.7139,Southwest Monsoon,12 hours,Heavy Rain,119.5,24.3,38.9,118.4,25.0,34.0,117.4,24.6,40.5,119.3,24.6,38.9,120.1,25.1,35.0,117.9,26.2,42.6,122.0,24.1,42.4,121.5,22.1,42.8,115.0,25.5,31.8,DEMO / SIMULATED DATA - Atmospheric Dynamics Prototype
2024-06-23,12:00,Telangana,18.1124,79.0193,Southwest Monsoon,6 hours,Heat Wave,0.0,44.1,15.0,0.0,43.3,15.0,1.9,44.9,13.5,1.7,43.2,14.3,1.6,43.4,12.5,5.0,45.6,14.2,0.0,42.8,18.6,1.8,42.7,15.7,0.0,41.7,10.6,DEMO / SIMULATED DATA - Atmospheric Dynamics Prototype
2024-09-23,18:00,Odisha,20.9517,85.0985,Southwest Monsoon,48 hours,Normal,3.9,28.3,13.6,1.8,31.2,11.0,9.0,25.9,20.8,7.9,28.5,14.1,7.0,27.6,11.7,9.3,29.6,12.7,0.0,30.1,11.4,6.0,27.2,12.4,17.2,28.1,22.2,DEMO / SIMULATED DATA - Atmospheric Dynamics Prototype
2024-08-31,06:00,Telangana,18.1124,79.0193,Southwest Monsoon,12 hours,Normal,3.9,25.8,3.5,0.0,25.8,1.6,3.0,27.0,4.6,3.9,25.3,3.3,9.9,25.9,7.1,7.2,25.3,3.0,2.5,27.1,4.4,0.0,24.0,1.0,0.0,24.3,1.0,DEMO / SIMULATED DATA - Atmospheric Dynamics Prototype
2024-11-10,18:00,Kerala,10.8505,76.2711,Post-Monsoon,6 hours,Normal,1.4,29.6,18.3,2.4,27.7,19.9,2.3,29.6,14.5,2.8,29.7,16.4,6.3,29.8,15.6,0.0,28.8,22.6,0.9,29.5,16.6,5.8,31.1,12.7,0.9,29.3,14.3,DEMO / SIMULATED DATA - Atmospheric Dynamics Prototype
2024-02-02,18:00,Odisha,20.9517,85.0985,Winter,24 hours,Heat Wave,0.0,47.8,19.6,0.0,44.5,16.4,0.0,47.7,20.9,2.1,47.9,20.2,5.9,46.9,19.9,0.7,49.5,20.3,0.0,47.7,20.9,3.8,50.5,26.6,0.0,45.1,13.4,DEMO / SIMULATED DATA - Atmospheric Dynamics Prototype
2024-09-11,12:00,Telangana,18.1124,79.0193,Southwest Monsoon,6 hours,Normal,14.9,,10.3,8.6,36.9,8.5,11.0,34.9,10.3,17.9,33.8,10.2,17.2,33.9,12.9,19.1,35.0,11.9,17.9,34.2,5.9,12.4,32.5,12.0,22.7,33.6,8.4,DEMO / SIMULATED DATA - Atmospheric Dynamics Prototype
2024-09-17,00:00,Tamil Nadu,11.1271,78.6569,Southwest Monsoon,72 hours,Heavy Rain,102.9,18.5,42.9,79.6,15.8,44.4,108.8,20.4,42.0,105.1,18.2,44.2,108.3,18.9,45.1,100.4,17.6,41.5,111.0,17.6,34.6,101.4,17.1,49.4,104.2,19.7,50.5,DEMO / SIMULATED DATA - Atmospheric Dynamics Prototype
2024-05-17,00:00,Kerala,10.8505,76.2711,Summer,48 hours,Heat Wave,0.0,43.9,18.2,2.8,46.0,27.6,3.1,46.5,20.0,0.5,44.4,19.3,2.3,46.9,17.9,0.0,47.1,20.9,0.0,43.7,20.3,0.0,41.5,22.6,0.0,42.8,15.0,DEMO / SIMULATED DATA - Atmospheric Dynamics Prototype
2024-05-09,18:00,Odisha,20.9517,85.0985,Summer,6 hours,Normal,0.7,32.7,11.9,5.7,36.8,10.7,1.4,33.6,11.1,1.6,32.5,13.2,5.6,31.4,11.6,0.0,31.6,9.8,2.6,33.8,14.2,0.0,33.4,11.5,0.0,32.4,18.8,DEMO / SIMULATED DATA - Atmospheric Dynamics Prototype
2024-07-07,06:00,Odisha,20.9517,85.0985,Southwest Monsoon,72 hours,Heavy Rain,74.7,23.8,47.0,64.1,24.0,41.9,71.4,23.2,43.3,75.1,23.3,46.4,73.6,23.2,54.7,84.2,23.1,44.9,73.3,24.3,46.4,74.8,25.6,41.6,69.8,20.1,44.2,DEMO / SIMULATED DATA - Atmospheric Dynamics Prototype
2024-07-31,06:00,Kerala,10.8505,76.2711,Southwest Monsoon,72 hours,Normal,9.5,28.6,18.4,8.2,30.4,18.9,19.3,28.3,14.9,12.6,28.6,18.2,12.6,29.3,15.7,12.4,29.3,18.2,16.6,31.5,15.3,13.0,28.8,15.6,8.5,24.1,26.0,DEMO / SIMULATED DATA - Atmospheric Dynamics Prototype
2024-05-17,00:00,Andhra Pradesh,15.9129,79.74,Summer,48 hours,Storm/Cyclone,169.1,22.1,98.8,156.9,23.3,98.1,168.8,25.1,87.6,166.9,22.8,101.0,165.8,24.0,101.8,168.0,24.8,102.7,166.3,20.3,105.2,164.1,22.6,106.7,170.4,22.1,88.8,DEMO / SIMULATED DATA - Atmospheric Dynamics Prototype
2024-11-12,12:00,Andhra Pradesh,15.9129,79.74,Northeast Monsoon,24 hours,Heavy Rain,132.8,23.0,39.5,151.5,23.1,37.9,133.2,21.6,41.9,133.6,22.5,41.8,130.9,22.8,39.7,133.8,23.5,43.5,138.4,23.0,42.3,137.2,20.2,37.6,127.6,23.0,45.7,DEMO / SIMULATED DATA - Atmospheric Dynamics Prototype
2024-03-08,12:00,Tamil Nadu,11.1271,78.6569,Summer,24 hours,Normal,0.0,39.9,14.3,0.0,39.4,18.3,2.0,39.4,14.8,1.9,39.4,16.2,4.2,38.4,13.9,1.1,39.9,17.0,0.0,38.5,16.9,0.0,41.2,16.3,4.3,39.0,16.8,DEMO / SIMULATED DATA - Atmospheric Dynamics Prototype
2024-11-10,06:00,Tamil Nadu,11.1271,78.6569,Northeast Monsoon,6 hours,Normal,15.3,26.8,19.3,12.1,27.3,20.9,21.2,27.0,20.5,15.0,26.7,18.3,21.4,27.1,20.3,6.1,26.4,19.9,12.5,27.1,21.6,19.3,26.7,13.6,15.7,26.2,16.1,DEMO / SIMULATED DATA - Atmospheric Dynamics Prototype
2024-05-18,06:00,Kerala,10.8505,76.2711,Summer,24 hours,Heat Wave,0.0,48.2,20.4,6.2,49.1,21.7,2.8,48.8,17.7,1.8,48.4,20.5,0.0,47.7,23.5,0.0,47.3,23.7,1.2,51.1,17.1,0.0,50.0,14.8,7.6,46.0,23.4,DEMO / SIMULATED DATA - Atmospheric Dynamics Prototype
2024-11-02,18:00,Kerala,10.8505,76.2711,Post-Monsoon,12 hours,Normal,0.7,26.5,24.5,0.0,26.1,27.8,4.4,27.3,21.6,1.0,26.3,23.1,0.5,26.1,25.4,0.0,27.3,23.2,0.0,28.1,24.4,4.7,24.8,20.8,0.0,25.2,21.5,DEMO / SIMULATED DATA - Atmospheric Dynamics Prototype
2024-03-08,06:00,Telangana,18.1124,79.0193,Summer,12 hours,Normal,0.0,40.1,9.0,1.0,42.8,10.9,1.0,39.9,4.6,2.1,39.9,9.9,0.0,39.2,11.4,5.3,39.1,8.9,0.0,41.1,13.2,2.6,40.6,8.8,2.5,39.7,7.4,DEMO / SIMULATED DATA - Atmospheric Dynamics Prototype
2024-01-02,00:00,Rajasthan,27.0238,74.2179,Winter,24 hours,Heavy Rain,116.6,8.0,35.8,95.4,7.8,37.8,117.5,8.1,38.7,117.8,7.8,36.5,118.0,8.5,34.2,119.7,7.5,39.5,123.0,8.1,37.8,118.0,7.9,34.8,110.1,6.8,36.3,DEMO / SIMULATED DATA - Atmospheric Dynamics Prototype
2024-07-04,12:00,Maharashtra,19.7515,75.7139,Southwest Monsoon,48 hours,Heavy Rain,124.3,31.9,33.6,107.4,33.3,39.8,122.4,31.7,36.6,123.3,31.5,32.6,120.8,32.3,34.5,126.7,31.8,27.5,125.5,30.4,41.5,135.1,29.7,29.1,108.2,33.5,30.2,DEMO / SIMULATED DATA - Atmospheric Dynamics Prototype
2024-08-04,06:00,Tamil Nadu,11.1271,78.6569,Southwest Monsoon,12 hours,Normal,6.5,26.9,9.6,3.2,29.6,8.7,4.5,28.5,8.7,8.7,25.4,10.6,12.0,26.7,11.8,14.2,27.1,8.6,9.3,25.7,13.9,3.6,24.7,9.2,4.3,22.9,9.7,DEMO / SIMULATED DATA - Atmospheric Dynamics Prototype
2024-10-21,18:00,Odisha,20.9517,85.0985,Post-Monsoon,24 hours,Heat Wave,0.0,45.3,16.5,2.2,46.0,12.5,0.0,44.9,17.3,1.7,44.9,17.5,0.0,44.6,16.8,1.3,47.5,16.7,0.0,45.9,12.9,0.0,44.8,21.2,7.1,41.9,19.8,DEMO / SIMULATED DATA - Atmospheric Dynamics Prototype
2024-09-11,06:00,Andhra Pradesh,15.9129,79.74,Southwest Monsoon,6 hours,Heavy Rain,88.5,27.9,50.0,78.7,28.2,49.3,87.5,28.0,53.1,86.9,27.5,48.2,84.4,27.0,49.3,86.0,29.9,49.1,90.3,27.6,41.9,86.8,26.3,51.2,87.1,26.7,49.5,DEMO / SIMULATED DATA - Atmospheric Dynamics Prototype
2024-07-19,00:00,Kerala,10.8505,76.2711,Southwest Monsoon,72 hours,Normal,13.3,23.7,16.6,9.9,21.5,20.4,10.8,24.4,1.0,14.7,24.5,16.8,16.3,22.9,12.8,6.1,22.2,14.6,18.9,22.8,21.9,15.4,27.8,13.5,16.7,26.9,21.0,DEMO / SIMULATED DATA - Atmospheric Dynamics Prototype
2024-09-11,00:00,Karnataka,15.3173,75.7139,Southwest Monsoon,48 hours,Normal,9.0,21.0,17.0,11.8,20.1,14.6,5.6,23.5,17.2,12.4,20.1,18.5,9.7,20.3,16.9,4.5,21.5,12.5,13.0,19.8,21.4,20.8,21.0,23.9,14.2,17.9,17.7,DEMO / SIMULATED DATA - Atmospheric Dynamics Prototype
2024-07-01,00:00,Telangana,18.1124,79.0193,Southwest Monsoon,48 hours,Normal,26.1,25.4,12.5,18.6,25.0,4.7,23.1,24.4,9.0,25.4,25.4,12.8,22.1,25.7,11.5,24.2,23.4,11.3,32.2,27.4,14.2,24.3,26.5,9.0,24.0,23.8,17.9,DEMO / SIMULATED DATA - Atmospheric Dynamics Prototype
2024-01-21,18:00,Tamil Nadu,11.1271,78.6569,Winter,24 hours,Heavy Rain,107.6,17.5,50.4,114.2,17.9,44.8,105.3,17.5,50.3,107.5,16.6,50.2,109.4,16.8,50.6,107.9,17.7,50.5,101.4,14.3,46.8,104.9,15.6,50.2,113.9,18.8,52.7,DEMO / SIMULATED DATA - Atmospheric Dynamics Prototype
2024-11-15,06:00,Kerala,10.8505,76.2711,Post-Monsoon,6 hours,Normal,0.2,29.3,20.3,,30.8,22.6,6.8,28.3,20.3,3.1,29.4,22.0,2.9,30.2,19.0,4.0,27.8,18.1,1.7,29.6,24.3,4.0,28.7,24.9,2.9,30.6,23.6,DEMO / SIMULATED DATA - Atmospheric Dynamics Prototype
2024-06-12,00:00,Telangana,18.1124,79.0193,Southwest Monsoon,24 hours,Normal,5.5,27.2,11.6,5.4,29.0,21.3,5.1,26.7,9.5,6.5,26.2,14.2,9.1,27.1,12.1,4.5,27.2,20.4,3.1,24.5,11.7,3.2,28.4,12.0,12.6,23.7,14.8,DEMO / SIMULATED DATA - Atmospheric Dynamics Prototype
2024-09-03,00:00,Maharashtra,19.7515,75.7139,Southwest Monsoon,72 hours,Heavy Rain,93.3,21.8,49.1,66.4,23.6,44.0,84.2,23.0,51.1,94.7,23.7,46.8,94.3,20.9,44.1,98.4,27.4,41.7,99.7,21.5,50.8,92.9,26.8,44.1,88.4,22.0,53.1,DEMO / SIMULATED DATA - Atmospheric Dynamics Prototype
2024-01-30,12:00,Kerala,10.8505,76.2711,Winter,48 hours,Normal,0.8,23.0,20.1,2.0,22.6,14.8,10.3,21.3,18.0,1.2,22.3,20.8,0.0,22.8,21.5,0.0,20.4,18.6,0.0,22.6,27.4,2.9,23.5,21.8,3.1,22.0,14.5,DEMO / SIMULATED DATA - Atmospheric Dynamics Prototype
2024-06-05,12:00,Odisha,20.9517,85.0985,Southwest Monsoon,6 hours,Normal,6.6,36.9,18.7,1.1,37.8,17.7,9.5,37.3,19.6,6.5,36.1,19.5,4.5,37.0,20.4,7.0,35.5,21.4,9.4,35.1,19.1,10.1,36.1,13.8,1.4,36.7,22.6,DEMO / SIMULATED DATA - Atmospheric Dynamics Prototype
2024-05-13,00:00,Karnataka,15.3173,75.7139,Summer,6 hours,Heat Wave,0.0,47.2,11.9,0.0,46.2,17.0,0.0,47.3,,2.4,46.9,11.6,0.0,46.3,13.1,0.3,47.7,13.5,1.9,47.5,14.1,5.8,46.1,10.9,3.9,47.1,6.6,DEMO / SIMULATED DATA - Atmospheric Dynamics Prototype
2024-04-06,18:00,Karnataka,15.3173,75.7139,Summer,6 hours,Normal,0.0,35.1,15.6,0.0,35.2,19.3,0.0,35.8,14.9,0.4,35.7,16.1,0.0,34.6,17.7,0.0,37.1,16.0,0.0,33.9,18.2,0.0,36.0,11.3,1.8,37.1,17.2,DEMO / SIMULATED DATA - Atmospheric Dynamics Prototype
2024-12-27,06:00,Tamil Nadu,11.1271,78.6569,Northeast Monsoon,12 hours,Normal,11.8,28.3,10.0,11.3,26.9,11.3,15.9,28.8,13.1,10.2,28.4,11.3,10.7,28.5,10.8,14.7,26.7,14.3,12.7,29.9,13.6,2.0,28.8,11.9,10.7,28.3,6.1,DEMO / SIMULATED DATA - Atmospheric Dynamics Prototype
2024-07-27,18:00,Rajasthan,27.0238,74.2179,Southwest Monsoon,6 hours,Normal,4.3,28.2,7.5,0.3,27.2,6.4,7.2,26.7,7.6,3.4,27.1,9.1,1.9,28.2,6.1,3.7,26.7,8.6,4.5,28.4,10.6,0.0,26.7,13.6,6.9,25.3,6.7,DEMO / SIMULATED DATA - Atmospheric Dynamics Prototype
2024-10-25,18:00,Telangana,18.1124,79.0193,Post-Monsoon,12 hours,Normal,3.4,26.0,13.9,8.0,25.7,17.5,0.0,26.8,11.0,3.9,26.7,15.5,0.4,25.4,16.5,0.4,25.3,11.1,4.4,26.9,19.7,14.3,26.9,15.3,0.0,29.1,14.9,DEMO / SIMULATED DATA - Atmospheric Dynamics Prototype
2024-08-24,06:00,Kerala,10.8505,76.2711,Southwest Monsoon,24 hours,High Wind,13.7,27.5,53.0,10.9,26.4,49.9,11.5,27.4,51.7,14.5,27.3,49.5,15.4,27.9,55.9,15.8,28.5,50.4,15.9,27.8,45.5,13.4,25.9,46.4,11.9,26.4,49.3,DEMO / SIMULATED DATA - Atmospheric Dynamics Prototype
2024-10-21,18:00,Karnataka,15.3173,75.7139,Post-Monsoon,72 hours,Normal,0.6,28.4,15.7,0.0,27.9,19.2,2.9,29.2,7.7,1.5,28.1,15.1,0.0,28.2,14.5,1.5,26.6,20.2,0.0,28.9,11.3,0.0,25.0,14.7,6.0,31.7,15.0,DEMO / SIMULATED DATA - Atmospheric Dynamics Prototype
2024-06-03,12:00,Telangana,18.1124,79.0193,Southwest Monsoon,24 hours,Normal,5.4,30.3,11.5,5.5,31.5,7.7,3.7,30.1,8.5,7.4,30.8,11.0,7.5,30.9,12.3,14.5,31.1,15.8,5.7,29.5,6.0,7.0,31.2,15.6,2.5,31.5,5.1,DEMO / SIMULATED DATA - Atmospheric Dynamics Prototype
2024-02-24,12:00,Kerala,10.8505,76.2711,Winter,12 hours,Heavy Rain,88.9,19.9,48.4,129.7,19.2,42.1,87.9,19.6,49.4,89.7,19.3,46.1,88.2,20.5,46.6,90.8,18.4,48.4,85.7,19.5,41.4,92.8,19.4,48.0,91.0,18.7,46.2,DEMO / SIMULATED DATA - Atmospheric Dynamics Prototype
2024-09-30,00:00,Telangana,18.1124,79.0193,Southwest Monsoon,72 hours,Normal,5.8,21.3,10.6,2.0,23.8,12.3,15.7,21.0,10.1,4.1,21.6,12.6,3.7,21.5,10.5,2.0,18.5,12.8,7.8,20.8,15.7,6.9,22.3,10.6,0.0,24.7,13.3,DEMO / SIMULATED DATA - Atmospheric Dynamics Prototype
2024-11-14,06:00,Telangana,18.1124,79.0193,Post-Monsoon,48 hours,Normal,0.9,28.1,15.5,4.6,29.9,20.0,7.4,31.7,24.1,2.1,28.8,12.7,2.7,27.6,16.7,0.0,29.3,11.4,6.9,31.4,8.8,0.6,26.0,6.4,0.2,29.5,20.0,DEMO / SIMULATED DATA - Atmospheric Dynamics Prototype
2024-08-10,18:00,Kerala,10.8505,76.2711,Southwest Monsoon,12 hours,Storm/Cyclone,131.0,27.6,90.8,121.7,27.4,88.8,132.0,27.9,87.0,136.4,28.1,90.4,132.4,27.5,87.9,133.1,29.3,91.1,136.5,28.6,93.6,133.1,27.3,87.9,146.9,27.9,91.5,DEMO / SIMULATED DATA - Atmospheric Dynamics Prototype
2024-08-04,00:00,Kerala,10.8505,76.2711,Southwest Monsoon,6 hours,Heavy Rain,90.1,21.4,38.3,107.8,22.8,36.9,89.9,20.8,38.9,89.7,21.9,37.5,84.4,21.2,39.9,92.1,22.3,35.4,85.3,22.1,35.2,85.1,21.7,38.2,101.7,22.0,39.0,DEMO / SIMULATED DATA - Atmospheric Dynamics Prototype
2024-10-27,06:00,Maharashtra,19.7515,75.7139,Post-Monsoon,6 hours,Normal,0.4,27.1,16.7,0.0,27.0,26.9,0.0,27.9,14.4,1.7,27.5,16.7,0.7,28.0,16.4,0.0,27.2,18.9,7.8,25.5,17.8,0.0,27.3,13.5,0.0,29.6,17.0,DEMO / SIMULATED DATA - Atmospheric Dynamics Prototype
2024-09-20,12:00,Telangana,18.1124,79.0193,Southwest Monsoon,12 hours,High Wind,21.7,30.4,59.3,24.8,31.8,66.7,19.9,31.0,60.8,23.1,30.7,58.9,24.3,30.0,59.5,20.1,30.8,56.8,27.1,30.6,65.2,18.7,30.7,59.7,25.1,31.6,53.4,DEMO / SIMULATED DATA - Atmospheric Dynamics Prototype
2024-11-10,18:00,Telangana,18.1124,79.0193,Post-Monsoon,48 hours,Normal,0.0,27.6,12.6,0.0,28.1,11.0,0.0,27.0,15.4,0.0,27.0,12.6,0.0,28.7,14.3,0.0,28.9,10.6,0.0,25.1,10.0,0.0,24.2,11.8,0.0,28.3,16.1,DEMO / SIMULATED DATA - Atmospheric Dynamics Prototype
2024-03-01,00:00,Telangana,18.1124,79.0193,Summer,48 hours,Heat Wave,0.0,47.5,13.5,0.0,49.0,8.2,2.0,48.6,15.8,0.0,47.7,14.5,0.0,48.5,18.4,0.0,47.8,12.8,0.2,49.7,14.6,0.0,46.2,9.4,0.0,46.3,17.5,DEMO / SIMULATED DATA - Atmospheric Dynamics Prototype
2024-04-06,18:00,Andhra Pradesh,15.9129,79.74,Summer,6 hours,Normal,0.0,35.5,21.4,5.1,36.0,19.4,0.0,35.0,19.4,1.5,34.6,20.3,2.2,34.7,20.7,0.6,35.1,19.5,4.5,34.8,22.0,0.0,34.7,16.5,0.1,33.5,22.6,DEMO / SIMULATED DATA - Atmospheric Dynamics Prototype
2024-10-01,12:00,Telangana,18.1124,79.0193,Post-Monsoon,6 hours,Normal,1.2,31.0,11.1,4.4,30.7,10.5,0.7,32.1,10.0,4.2,30.9,10.5,2.8,30.4,11.9,2.9,32.1,10.1,0.0,30.1,14.2,10.1,32.1,6.5,5.1,29.6,9.6,DEMO / SIMULATED DATA - Atmospheric Dynamics Prototype
2024-04-11,18:00,Kerala,10.8505,76.2711,Summer,48 hours,Heavy Rain,92.0,27.4,37.3,74.4,24.2,40.3,94.2,26.1,35.4,88.9,29.6,39.5,90.8,27.2,41.7,95.4,28.2,36.9,87.9,29.8,37.2,86.1,33.3,38.5,84.1,29.3,43.1,DEMO / SIMULATED DATA - Atmospheric Dynamics Prototype
2024-01-31,12:00,Tamil Nadu,11.1271,78.6569,Winter,12 hours,Normal,0.0,23.8,13.9,6.6,22.9,20.1,0.0,23.6,11.4,0.4,23.8,13.3,0.5,25.8,14.9,0.9,23.1,15.6,0.6,23.7,15.6,0.0,23.7,9.2,0.1,22.6,11.0,DEMO / SIMULATED DATA - Atmospheric Dynamics Prototype
2024-07-28,06:00,Maharashtra,19.7515,75.7139,Southwest Monsoon,48 hours,Normal,9.0,26.1,22.5,11.4,23.7,25.4,19.8,29.0,14.0,7.6,24.3,22.5,3.9,26.7,19.1,11.8,23.6,22.2,14.1,23.5,22.0,8.2,27.3,19.0,0.0,20.6,30.4,DEMO / SIMULATED DATA - Atmospheric Dynamics Prototype
2024-01-23,00:00,Maharashtra,19.7515,75.7139,Winter,12 hours,Storm/Cyclone,92.2,26.5,89.0,,29.2,83.6,85.9,27.0,88.2,91.6,26.1,88.8,90.4,28.9,90.7,92.0,25.7,90.3,85.3,25.9,88.9,93.2,26.3,86.3,96.9,23.8,87.8,DEMO / SIMULATED DATA - Atmospheric Dynamics Prototype
2024-10-18,00:00,Maharashtra,19.7515,75.7139,Post-Monsoon,12 hours,Normal,1.0,22.6,17.9,6.0,23.9,14.9,1.3,23.4,16.8,0.7,23.0,19.6,1.7,21.8,17.4,0.1,23.3,16.8,1.9,23.1,15.2,0.0,23.3,25.1,0.0,23.5,23.3,DEMO / SIMULATED DATA - Atmospheric Dynamics Prototype
2024-10-12,12:00,Andhra Pradesh,15.9129,79.74,Northeast Monsoon,48 hours,Storm/Cyclone,180.1,26.9,70.1,184.1,27.4,71.2,178.5,27.7,74.8,178.9,27.7,70.4,185.0,26.8,70.3,177.8,29.2,68.4,179.6,27.0,71.1,170.9,28.0,72.5,181.2,27.7,69.8,DEMO / SIMULATED DATA - Atmospheric Dynamics Prototype
2024-09-04,12:00,Odisha,20.9517,85.0985,Southwest Monsoon,6 hours,Normal,3.7,34.7,12.6,4.2,35.0,7.5,3.5,36.0,12.9,5.1,34.9,16.6,2.6,35.4,17.9,4.4,34.1,12.9,8.9,34.6,12.7,9.8,34.9,18.9,0.0,35.4,20.8,DEMO / SIMULATED DATA - Atmospheric Dynamics Prototype
2024-05-16,06:00,Rajasthan,27.0238,74.2179,Summer,6 hours,Normal,0.0,45.9,8.0,2.6,45.2,5.1,0.0,45.3,7.2,2.0,45.7,7.0,0.0,46.1,7.1,0.0,44.8,6.6,3.9,45.8,9.4,6.0,45.7,8.0,0.2,46.0,3.7,DEMO / SIMULATED DATA - Atmospheric Dynamics Prototype
2024-04-09,06:00,Telangana,18.1124,79.0193,Summer,72 hours,Normal,0.0,38.2,5.9,0.0,39.2,6.1,7.5,37.8,14.6,0.2,39.5,8.0,0.9,38.9,7.0,0.0,39.3,3.2,0.0,38.7,5.6,0.0,38.4,10.2,0.0,42.3,14.0,DEMO / SIMULATED DATA - Atmospheric Dynamics Prototype
2024-04-02,06:00,Telangana,18.1124,79.0193,Summer,48 hours,Heat Wave,0.0,43.7,8.3,0.0,42.3,7.4,0.0,43.2,19.5,3.2,43.3,8.8,6.6,45.4,14.1,6.5,43.7,7.8,1.3,43.3,3.5,1.8,40.7,9.0,0.0,43.5,9.4,DEMO / SIMULATED DATA - Atmospheric Dynamics Prototype
2024-11-09,18:00,Kerala,10.8505,76.2711,Post-Monsoon,72 hours,Normal,0.0,28.4,15.9,0.1,28.0,18.1,0.0,29.3,13.1,2.2,26.4,21.3,11.2,26.8,14.5,0.0,26.1,19.2,0.0,23.7,19.7,0.0,28.2,20.1,0.0,27.4,33.2,DEMO / SIMULATED DATA - Atmospheric Dynamics Prototype
2024-10-01,12:00,Andhra Pradesh,15.9129,79.74,Northeast Monsoon,72 hours,Heavy Rain,91.8,22.5,51.5,88.9,22.5,46.0,83.2,22.9,57.3,95.8,23.2,53.1,94.4,22.7,53.9,104.5,23.0,52.2,95.2,24.0,44.3,93.1,24.8,62.3,92.0,21.3,52.7,DEMO / SIMULATED DATA - Atmospheric Dynamics Prototype
2024-07-16,12:00,Kerala,10.8505,76.2711,Southwest Monsoon,72 hours,Storm/Cyclone,136.1,24.9,90.3,121.2,27.2,89.4,130.9,22.8,82.0,136.0,23.2,87.7,139.0,26.0,93.8,136.1,23.0,87.0,139.9,22.8,89.8,128.7,23.3,83.1,136.2,21.1,85.0,DEMO / SIMULATED DATA - Atmospheric Dynamics Prototype
2024-09-07,18:00,Rajasthan,27.0238,74.2179,Southwest Monsoon,72 hours,High Wind,9.6,32.5,53.9,10.1,36.7,52.4,15.8,36.2,54.8,7.8,31.6,55.0,7.5,32.0,47.4,7.1,30.1,57.5,0.0,33.3,60.0,14.9,31.4,58.6,9.7,31.3,51.3,DEMO / SIMULATED DATA - Atmospheric Dynamics Prototype
2024-08-04,06:00,Tamil Nadu,11.1271,78.6569,Southwest Monsoon,12 hours,Heavy Rain,124.2,25.6,36.6,118.5,24.7,35.0,123.2,25.9,36.1,120.5,26.1,35.8,116.2,25.5,34.9,126.5,25.8,34.6,121.6,25.8,36.5,122.7,25.4,38.2,115.7,27.9,34.6,DEMO / SIMULATED DATA - Atmospheric Dynamics Prototype
2024-01-06,00:00,Telangana,18.1124,79.0193,Winter,24 hours,Normal,0.7,17.2,14.6,5.0,16.2,9.4,0.0,16.7,13.8,3.9,16.9,16.3,0.0,17.2,19.2,0.0,17.1,8.7,10.6,15.4,11.9,4.2,17.6,21.8,4.8,17.1,19.8,DEMO / SIMULATED DATA - Atmospheric Dynamics Prototype
2024-06-10,12:00,Rajasthan,27.0238,74.2179,Southwest Monsoon,48 hours,Heavy Rain,85.9,30.7,28.1,77.2,29.9,33.4,76.6,28.9,31.7,84.7,29.9,27.6,85.6,31.9,29.3,79.8,30.8,30.2,87.2,29.9,26.8,82.4,28.1,20.4,88.6,28.8,31.5,DEMO / SIMULATED DATA - Atmospheric Dynamics Prototype
2024-08-27,18:00,Kerala,10.8505,76.2711,Southwest Monsoon,12 hours,Storm/Cyclone,183.9,23.1,91.7,180.0,23.6,91.5,183.5,23.7,95.2,184.1,23.6,92.1,184.4,22.6,89.4,181.7,25.4,96.4,187.7,24.7,89.9,188.7,24.7,91.4,177.8,20.8,93.5,DEMO / SIMULATED DATA - Atmospheric Dynamics Prototype
2024-09-15,18:00,Kerala,10.8505,76.2711,Southwest Monsoon,24 hours,Normal,7.5,26.6,17.0,16.5,25.0,14.1,7.5,26.7,13.5,8.3,26.6,16.7,10.0,27.2,22.8,8.6,26.5,14.0,1.9,26.3,12.0,11.7,25.9,22.4,9.2,27.2,12.2,DEMO / SIMULATED DATA - Atmospheric Dynamics Prototype
2024-03-19,18:00,Kerala,10.8505,76.2711,Summer,24 hours,Normal,0.0,35.7,19.7,0.0,37.6,23.6,0.0,36.4,18.8,3.7,36.2,16.2,0.0,36.0,22.3,5.8,37.8,14.6,0.0,35.1,16.3,12.6,36.1,18.8,0.0,36.1,9.2,DEMO / SIMULATED DATA - Atmospheric Dynamics Prototype
2024-11-03,12:00,Kerala,10.8505,76.2711,Post-Monsoon,72 hours,Heat Wave,0.0,46.8,19.6,0.0,48.7,9.0,0.9,48.0,17.2,0.4,46.1,16.8,2.1,46.9,18.8,0.0,48.9,19.1,0.0,44.3,11.4,0.0,45.8,18.8,0.0,44.7,15.8,DEMO / SIMULATED DATA - Atmospheric Dynamics Prototype
2024-10-17,00:00,Maharashtra,19.7515,75.7139,Post-Monsoon,6 hours,Normal,0.0,24.7,27.3,8.7,24.7,29.5,0.0,23.8,26.9,1.4,25.5,26.9,0.0,24.8,28.7,1.9,25.7,28.7,4.2,25.9,26.7,0.0,23.1,29.5,0.8,27.8,20.7,DEMO / SIMULATED DATA - Atmospheric Dynamics Prototype
2024-01-11,18:00,Kerala,10.8505,76.2711,Winter,24 hours,Heavy Rain,62.5,19.8,47.7,28.5,20.7,52.8,61.2,18.7,48.3,61.0,19.1,49.1,61.6,18.0,49.2,59.8,20.5,55.1,62.4,19.9,48.2,62.0,17.9,49.1,59.2,19.0,44.1,DEMO / SIMULATED DATA - Atmospheric Dynamics Prototype
2024-01-20,12:00,Tamil Nadu,11.1271,78.6569,Winter,6 hours,Heat Wave,0.0,48.1,19.5,0.3,46.3,17.2,0.0,47.2,20.2,2.3,48.3,19.5,3.8,48.5,16.7,7.7,47.6,20.2,0.0,48.3,23.9,0.0,47.5,20.1,0.0,49.4,16.5,DEMO / SIMULATED DATA - Atmospheric Dynamics Prototype
2024-03-01,18:00,Rajasthan,27.0238,74.2179,Summer,12 hours,Normal,0.7,44.3,8.2,0.0,46.9,9.3,1.7,44.2,8.2,2.1,44.4,10.5,0.8,43.0,8.8,3.4,43.7,7.9,0.0,45.7,13.5,1.7,44.8,9.4,4.6,44.7,12.7,DEMO / SIMULATED DATA - Atmospheric Dynamics Prototype
2024-06-30,12:00,Kerala,10.8505,76.2711,Southwest Monsoon,24 hours,Normal,13.2,33.7,10.3,12.8,36.5,13.2,15.1,33.0,11.3,10.8,34.0,12.6,9.8,33.7,9.6,15.0,33.7,13.2,17.8,35.4,21.8,9.3,33.0,8.6,2.0,34.2,9.8,DEMO / SIMULATED DATA - Atmospheric Dynamics Prototype
2024-06-24,12:00,Rajasthan,27.0238,74.2179,Southwest Monsoon,72 hours,Heavy Rain,63.3,29.1,46.8,53.9,29.5,49.2,63.1,29.1,47.8,62.8,28.9,41.6,64.2,30.3,36.9,64.8,29.5,50.7,62.7,25.0,37.0,48.2,31.4,37.9,74.1,28.1,45.3,DEMO / SIMULATED DATA - Atmospheric Dynamics Prototype
2024-09-06,12:00,Karnataka,15.3173,75.7139,Southwest Monsoon,72 hours,Storm/Cyclone,123.6,28.7,73.2,96.7,26.0,60.0,112.9,26.2,81.4,121.1,28.1,70.9,126.0,27.5,70.2,120.4,27.2,71.9,118.3,28.2,66.1,123.1,29.2,66.8,117.8,28.2,79.3,DEMO / SIMULATED DATA - Atmospheric Dynamics Prototype
2024-04-21,06:00,Karnataka,15.3173,75.7139,Summer,12 hours,High Wind,2.6,36.0,56.4,2.5,36.2,59.3,5.0,36.4,60.3,4.3,35.9,54.0,4.4,36.0,56.2,5.7,35.7,57.6,4.6,32.9,51.3,6.6,36.6,45.6,0.0,38.4,59.3,DEMO / SIMULATED DATA - Atmospheric Dynamics Prototype
2024-11-16,18:00,Kerala,10.8505,76.2711,Post-Monsoon,24 hours,Normal,0.7,27.4,17.4,0.0,30.2,19.2,0.9,27.3,13.5,3.6,26.8,18.3,4.2,25.5,19.1,1.0,27.8,15.5,7.2,26.6,17.3,0.8,26.9,19.2,4.9,27.2,20.5,DEMO / SIMULATED DATA - Atmospheric Dynamics Prototype
2024-02-10,06:00,Kerala,10.8505,76.2711,Winter,24 hours,High Wind,8.8,22.6,68.8,10.2,20.4,60.7,14.8,23.2,71.7,5.7,22.8,70.5,3.8,23.6,68.0,9.2,23.2,69.4,9.6,21.4,71.1,4.3,21.3,69.3,1.5,24.7,74.6,DEMO / SIMULATED DATA - Atmospheric Dynamics Prototype
2024-12-13,00:00,Andhra Pradesh,15.9129,79.74,Northeast Monsoon,12 hours,High Wind,34.4,26.6,54.7,32.6,25.3,57.7,29.4,25.0,50.2,33.2,27.1,55.5,28.5,27.8,56.6,30.4,26.5,58.9,36.4,29.2,54.3,31.4,25.1,54.8,39.2,26.8,53.1,DEMO / SIMULATED DATA - Atmospheric Dynamics Prototype
2024-06-18,18:00,Rajasthan,27.0238,74.2179,Southwest Monsoon,48 hours,Normal,4.1,30.8,16.2,7.1,31.3,16.6,1.9,27.2,19.1,4.1,31.4,13.7,7.7,30.8,11.4,1.8,30.1,14.4,6.8,28.6,15.3,3.1,33.7,18.3,1.0,33.8,9.0,DEMO / SIMULATED DATA - Atmospheric Dynamics Prototype
2024-09-26,12:00,Kerala,10.8505,76.2711,Southwest Monsoon,12 hours,Heavy Rain,110.5,30.0,36.1,120.9,29.2,34.2,110.7,30.2,37.7,108.8,30.5,33.6,109.9,28.5,36.9,111.2,30.2,33.9,103.1,30.0,32.9,113.0,31.1,30.1,106.9,32.8,34.1,DEMO / SIMULATED DATA - Atmospheric Dynamics Prototype
2024-01-03,12:00,Karnataka,15.3173,75.7139,Winter,48 hours,Normal,0.0,24.9,22.4,5.7,27.3,23.3,0.0,22.6,24.6,2.7,23.5,22.6,4.7,24.0,20.4,0.0,23.6,23.0,0.0,22.9,18.6,8.9,25.1,30.1,0.0,21.7,20.8,DEMO / SIMULATED DATA - Atmospheric Dynamics Prototype
2024-06-28,12:00,Odisha,20.9517,85.0985,Southwest Monsoon,6 hours,Normal,8.5,32.3,19.0,9.2,32.2,23.5,14.4,31.7,18.2,9.0,32.2,20.3,8.3,31.6,23.0,5.0,33.6,17.8,8.3,32.4,17.5,11.8,32.9,24.6,11.6,30.5,18.4,DEMO / SIMULATED DATA - Atmospheric Dynamics Prototype
2024-01-08,00:00,Odisha,20.9517,85.0985,Winter,48 hours,Normal,1.0,19.3,18.8,11.1,18.0,8.0,4.2,23.1,15.2,3.6,18.2,25.0,5.8,19.3,15.6,4.1,17.3,24.7,1.6,16.4,27.3,6.3,19.9,23.5,0.0,17.9,33.8,DEMO / SIMULATED DATA - Atmospheric Dynamics Prototype
2024-11-29,12:00,Andhra Pradesh,15.9129,79.74,Northeast Monsoon,12 hours,Heavy Rain,127.3,30.6,47.0,113.2,32.3,48.6,122.6,31.4,46.1,124.7,30.9,45.9,125.3,31.5,49.3,126.9,31.1,45.2,124.4,30.2,45.8,124.6,31.9,47.4,122.3,29.6,41.6,DEMO / SIMULATED DATA - Atmospheric Dynamics Prototype
2024-12-12,06:00,Rajasthan,27.0238,74.2179,Post-Monsoon,6 hours,Normal,0.0,27.4,10.5,1.5,29.8,8.1,0.8,27.4,9.5,2.2,28.3,12.4,0.1,28.9,10.3,0.0,27.0,11.6,0.0,27.5,11.9,0.0,29.6,16.2,10.9,28.3,12.2,DEMO / SIMULATED DATA - Atmospheric Dynamics Prototype
2024-10-23,00:00,Andhra Pradesh,15.9129,79.74,Northeast Monsoon,24 hours,Normal,22.0,25.2,18.1,29.3,24.0,13.7,21.4,24.9,18.1,21.8,25.3,16.2,21.7,26.5,19.3,18.8,24.3,16.8,20.3,24.5,13.9,23.5,24.5,13.9,24.8,26.7,16.9,DEMO / SIMULATED DATA - Atmospheric Dynamics Prototype
2024-09-15,18:00,Tamil Nadu,11.1271,78.6569,Southwest Monsoon,48 hours,Normal,4.7,31.7,9.7,4.4,35.2,2.3,0.4,32.5,14.3,1.4,32.8,8.9,0.0,33.5,11.6,0.0,33.4,13.7,4.7,30.9,4.3,2.2,33.7,1.0,0.0,32.3,13.9,DEMO / SIMULATED DATA - Atmospheric Dynamics Prototype
2024-04-19,00:00,Kerala,10.8505,76.2711,Summer,12 hours,Normal,0.6,31.9,17.2,0.0,32.1,17.2,0.0,32.8,19.5,2.2,32.5,16.0,0.0,33.7,18.2,2.4,31.4,17.6,2.8,34.2,13.5,5.7,31.3,22.8,0.0,31.8,8.0,DEMO / SIMULATED DATA - Atmospheric Dynamics Prototype
2024-06-07,00:00,Telangana,18.1124,79.0193,Southwest Monsoon,24 hours,Heavy Rain,71.7,17.9,30.2,86.3,17.6,31.3,70.9,17.8,29.9,73.4,17.8,30.8,73.2,18.8,35.8,74.1,16.6,26.1,71.4,19.3,29.4,70.7,19.3,30.1,77.7,15.2,32.6,DEMO / SIMULATED DATA - Atmospheric Dynamics Prototype
2024-03-25,00:00,Tamil Nadu,11.1271,78.6569,Summer,12 hours,High Wind,15.7,35.2,66.8,13.8,34.3,60.3,16.3,35.2,64.1,18.1,35.5,65.7,19.2,35.7,66.8,14.5,35.0,63.4,13.3,36.1,66.3,25.5,34.3,66.5,18.2,36.2,65.7,DEMO / SIMULATED DATA - Atmospheric Dynamics Prototype
2024-04-13,06:00,Karnataka,15.3173,75.7139,Summer,48 hours,Normal,0.0,33.2,16.9,1.5,33.3,15.8,5.3,31.5,29.5,0.0,32.7,19.1,0.0,33.8,17.6,0.0,35.1,24.5,0.0,31.9,19.4,0.0,32.2,15.4,0.0,30.7,18.5,DEMO / SIMULATED DATA - Atmospheric Dynamics Prototype
2024-10-15,00:00,Odisha,20.9517,85.0985,Post-Monsoon,12 hours,Normal,0.6,22.9,10.4,0.0,22.2,12.9,3.3,22.4,7.0,1.4,23.4,11.8,0.0,22.4,9.9,4.6,21.8,11.6,2.3,23.5,12.8,0.0,23.8,10.4,0.0,25.6,14.3,DEMO / SIMULATED DATA - Atmospheric Dynamics Prototype
2024-01-17,18:00,Telangana,18.1124,79.0193,Winter,72 hours,Normal,0.9,19.0,15.5,0.0,23.1,11.7,4.5,17.5,11.6,3.7,18.8,16.5,3.9,18.7,15.0,5.4,19.3,17.6,0.0,20.3,16.1,4.0,19.8,22.5,5.0,16.0,11.3,DEMO / SIMULATED DATA - Atmospheric Dynamics Prototype
2024-09-25,06:00,Karnataka,15.3173,75.7139,Southwest Monsoon,24 hours,Heat Wave,0.0,45.3,17.5,0.0,43.2,22.0,0.0,46.0,18.5,1.3,46.3,17.8,1.8,44.2,17.7,0.0,43.2,22.1,0.0,44.7,22.7,4.9,50.6,13.3,0.0,48.8,13.3,DEMO / SIMULATED DATA - Atmospheric Dynamics Prototype
2024-01-30,00:00,Maharashtra,19.7515,75.7139,Winter,24 hours,Normal,0.0,15.2,15.2,3.0,15.2,10.9,3.6,16.2,15.9,2.1,13.5,14.6,0.0,14.2,18.0,3.1,14.2,13.0,2.0,13.6,12.8,0.0,13.6,12.1,5.2,12.0,17.3,DEMO / SIMULATED DATA - Atmospheric Dynamics Prototype
2024-02-23,18:00,Tamil Nadu,11.1271,78.6569,Winter,6 hours,Normal,0.0,21.4,23.6,5.8,22.8,19.2,0.0,21.8,23.9,3.0,21.2,22.7,0.0,19.4,21.3,4.1,21.8,29.0,3.2,21.8,18.6,1.4,21.3,19.5,6.3,21.5,25.3,DEMO / SIMULATED DATA - Atmospheric Dynamics Prototype
2024-10-03,06:00,Odisha,20.9517,85.0985,Post-Monsoon,6 hours,Normal,0.4,26.0,15.2,1.5,25.7,16.1,4.6,25.3,15.5,0.3,26.5,15.6,0.0,25.5,14.9,0.4,27.8,13.8,0.0,23.8,16.7,0.9,26.8,16.1,0.0,28.6,16.5,DEMO / SIMULATED DATA - Atmospheric Dynamics Prototype
2024-02-07,18:00,Rajasthan,27.0238,74.2179,Winter,12 hours,Heavy Rain,82.2,8.3,29.6,77.0,10.5,31.1,78.5,7.8,28.3,85.6,7.7,30.8,81.5,7.7,26.7,82.7,7.8,26.0,88.6,8.2,36.4,87.3,7.6,36.8,87.9,7.4,28.2,DEMO / SIMULATED DATA - Atmospheric Dynamics Prototype
2024-08-17,06:00,Telangana,18.1124,79.0193,Southwest Monsoon,12 hours,Normal,8.1,29.0,13.2,9.4,27.9,8.2,10.5,29.2,14.1,8.0,29.4,12.4,11.9,29.0,13.9,9.3,29.4,9.1,8.0,30.4,12.8,5.9,30.4,13.3,4.9,27.6,13.0,DEMO / SIMULATED DATA - Atmospheric Dynamics Prototype
2024-12-01,06:00,Odisha,20.9517,85.0985,Post-Monsoon,48 hours,Heavy Rain,64.5,20.7,44.6,64.5,21.2,51.4,69.4,19.3,35.1,65.2,19.7,46.1,59.7,20.1,46.4,69.1,20.6,45.2,52.1,20.2,44.2,67.3,20.1,42.0,77.7,17.7,52.8,DEMO / SIMULATED DATA - Atmospheric Dynamics Prototype
2024-05-24,00:00,Maharashtra,19.7515,75.7139,Summer,6 hours,Normal,0.6,31.6,17.7,0.0,31.9,21.0,2.0,31.2,19.2,0.0,31.1,20.5,0.0,32.7,19.5,0.0,30.9,21.1,0.0,31.6,22.2,0.0,28.7,22.8,0.0,31.6,16.9,DEMO / SIMULATED DATA - Atmospheric Dynamics Prototype
2024-02-13,18:00,Odisha,20.9517,85.0985,Winter,72 hours,Normal,0.5,20.2,21.6,2.2,22.6,17.4,5.9,16.2,33.4,4.8,18.9,23.7,4.9,19.3,24.7,7.5,18.0,18.8,9.0,20.3,24.0,1.0,22.2,24.8,1.4,14.8,26.1,DEMO / SIMULATED DATA - Atmospheric Dynamics Prototype
2024-06-08,18:00,Tamil Nadu,11.1271,78.6569,Southwest Monsoon,48 hours,Storm/Cyclone,135.9,25.6,77.1,128.0,25.3,72.4,143.9,25.9,73.5,133.4,24.4,78.2,131.6,24.1,82.9,135.1,25.0,76.3,132.5,25.4,77.3,136.0,23.2,81.8,132.0,24.2,72.9,DEMO / SIMULATED DATA - Atmospheric Dynamics Prototype
2024-07-04,00:00,Odisha,20.9517,85.0985,Southwest Monsoon,6 hours,High Wind,7.2,22.0,63.4,4.2,19.5,60.0,6.3,22.7,63.2,6.9,22.4,64.1,3.2,22.1,62.4,9.0,20.5,66.7,8.9,21.8,58.5,0.9,22.9,66.4,12.3,24.5,66.5,DEMO / SIMULATED DATA - Atmospheric Dynamics Prototype
2024-01-10,12:00,Kerala,10.8505,76.2711,Winter,12 hours,Normal,0.0,21.7,20.5,0.0,21.0,24.1,0.0,21.9,20.5,2.4,22.1,18.1,0.0,22.2,17.8,0.0,21.6,17.0,4.9,20.7,23.2,0.0,22.7,14.2,7.3,23.5,18.1,DEMO / SIMULATED DATA - Atmospheric Dynamics Prototype
2024-05-13,18:00,Kerala,10.8505,76.2711,Summer,72 hours,Normal,0.0,33.0,14.8,12.3,34.7,5.5,0.0,34.9,21.3,0.1,32.5,15.9,0.0,34.0,15.8,0.0,32.3,14.2,0.3,30.4,10.7,0.0,31.8,11.6,0.0,33.8,27.3,DEMO / SIMULATED DATA - Atmospheric Dynamics Prototype
2024-01-06,12:00,Telangana,18.1124,79.0193,Winter,24 hours,Normal,0.0,23.6,8.0,0.0,24.3,4.7,3.7,23.7,7.7,1.8,24.2,9.2,2.6,24.2,11.0,5.0,25.3,9.5,0.0,23.3,14.2,1.3,22.9,5.6,0.0,25.3,5.8,DEMO / SIMULATED DATA - Atmospheric Dynamics Prototype
2024-06-16,06:00,Andhra Pradesh,15.9129,79.74,Southwest Monsoon,72 hours,Heavy Rain,135.0,21.8,40.2,103.4,23.4,33.8,139.6,22.9,41.1,130.7,22.2,35.1,129.5,20.1,40.0,130.0,23.9,39.7,128.7,23.8,29.9,134.0,23.1,33.8,131.5,20.1,32.3,DEMO / SIMULATED DATA - Atmospheric Dynamics Prototype
2024-11-04,18:00,Tamil Nadu,11.1271,78.6569,Northeast Monsoon,72 hours,Heavy Rain,160.1,24.3,51.7,156.9,26.7,44.6,156.0,26.4,47.3,159.9,23.4,46.9,160.4,23.3,50.9,159.7,25.1,52.5,164.6,25.1,50.6,155.7,22.2,34.8,159.2,21.4,45.5,DEMO / SIMULATED DATA - Atmospheric Dynamics Prototype
2024-08-29,06:00,Maharashtra,19.7515,75.7139,Southwest Monsoon,48 hours,Heat Wave,0.0,45.9,24.6,0.0,44.3,15.1,11.1,44.7,21.7,2.2,44.7,21.9,0.0,45.5,23.1,3.8,42.0,23.9,3.9,44.7,27.3,0.6,44.5,15.0,2.8,46.6,20.2,DEMO / SIMULATED DATA - Atmospheric Dynamics Prototype
2024-04-22,06:00,Kerala,10.8505,76.2711,Summer,6 hours,Normal,1.0,34.9,22.4,1.1,32.5,22.6,0.4,36.1,22.9,1.9,35.2,23.1,3.0,36.1,25.4,0.7,37.0,21.0,6.0,34.0,25.2,0.0,35.7,19.3,0.0,33.4,24.5,DEMO / SIMULATED DATA - Atmospheric Dynamics Prototype
2024-08-22,06:00,Maharashtra,19.7515,75.7139,Southwest Monsoon,12 hours,Normal,8.8,29.4,13.9,3.8,31.0,9.7,6.4,28.7,10.9,8.1,29.1,13.5,9.6,28.9,13.5,8.4,29.7,14.2,13.5,28.6,11.9,8.4,29.3,8.1,0.7,29.2,20.0,DEMO / SIMULATED DATA - Atmospheric Dynamics Prototype
2024-06-28,12:00,Tamil Nadu,11.1271,78.6569,Southwest Monsoon,6 hours,Normal,13.9,31.5,19.9,21.8,30.5,18.2,15.8,30.4,17.8,15.5,30.9,20.2,14.1,30.0,18.1,14.2,30.7,24.7,16.6,32.0,20.3,17.2,31.6,16.3,15.6,30.4,21.7,DEMO / SIMULATED DATA - Atmospheric Dynamics Prototype
2024-07-01,00:00,Andhra Pradesh,15.9129,79.74,Southwest Monsoon,24 hours,Normal,4.4,25.0,13.1,1.3,22.2,12.8,5.9,24.0,13.1,7.6,24.3,8.3,1.9,25.7,6.9,7.1,22.8,12.4,1.3,24.5,7.3,12.9,22.9,7.8,14.7,25.6,6.9,DEMO / SIMULATED DATA - Atmospheric Dynamics Prototype
2024-06-20,18:00,Odisha,20.9517,85.0985,Southwest Monsoon,6 hours,Normal,5.1,27.3,15.9,,26.3,6.2,10.3,28.5,16.1,5.2,27.6,16.8,1.7,29.2,17.1,3.9,28.8,13.2,0.0,26.5,18.2,14.9,26.3,11.6,5.3,27.3,23.7,DEMO / SIMULATED DATA - Atmospheric Dynamics Prototype
2024-07-02,12:00,Rajasthan,27.0238,74.2179,Southwest Monsoon,48 hours,Normal,9.8,33.0,7.4,0.0,31.1,5.2,16.4,32.0,1.0,8.6,32.3,5.7,7.3,32.6,6.3,0.0,32.5,12.6,7.3,31.9,3.8,10.7,30.0,1.4,17.6,34.5,4.2,DEMO / SIMULATED DATA - Atmospheric Dynamics Prototype
2024-04-04,00:00,Tamil Nadu,11.1271,78.6569,Summer,48 hours,Storm/Cyclone,178.0,24.7,73.8,150.8,24.6,70.7,168.0,28.8,75.5,179.1,24.1,76.1,178.0,24.3,76.2,172.7,24.3,70.1,181.9,23.3,78.9,177.4,26.2,75.9,185.4,22.6,79.2,DEMO / SIMULATED DATA - Atmospheric Dynamics Prototype
2024-09-21,18:00,Telangana,18.1124,79.0193,Southwest Monsoon,72 hours,Heat Wave,0.0,45.1,8.8,13.4,42.4,1.0,1.3,45.9,1.0,1.4,45.9,10.9,0.0,46.9,11.1,7.1,43.4,8.8,0.0,47.2,5.4,0.0,46.3,13.7,0.0,45.7,15.4,DEMO / SIMULATED DATA - Atmospheric Dynamics Prototype
2024-02-21,12:00,Kerala,10.8505,76.2711,Winter,24 hours,Normal,2.5,25.1,14.9,2.0,23.3,8.9,3.3,25.1,13.8,1.9,25.0,13.1,0.0,23.9,15.7,0.0,27.0,15.4,4.7,27.0,11.6,4.6,25.9,12.5,0.0,21.1,10.3,DEMO / SIMULATED DATA - Atmospheric Dynamics Prototype
2024-06-26,18:00,Rajasthan,27.0238,74.2179,Southwest Monsoon,72 hours,Normal,4.2,27.1,10.3,10.9,25.4,10.4,8.0,29.3,7.0,8.6,27.7,10.9,1.2,24.3,8.6,21.8,26.7,3.6,3.1,28.5,6.9,0.0,32.8,12.6,16.7,26.1,22.7,DEMO / SIMULATED DATA - Atmospheric Dynamics Prototype
2024-12-16,06:00,Andhra Pradesh,15.9129,79.74,Northeast Monsoon,48 hours,Normal,14.4,29.1,15.1,17.2,28.5,17.1,11.5,29.8,11.6,13.1,28.6,13.7,16.1,27.9,14.0,13.4,27.8,12.6,15.9,30.3,16.3,17.5,29.3,11.4,2.4,27.9,14.4,DEMO / SIMULATED DATA - Atmospheric Dynamics Prototype
2024-01-30,12:00,Karnataka,15.3173,75.7139,Winter,12 hours,Heavy Rain,127.2,17.8,43.9,112.9,16.5,45.2,124.3,17.1,47.1,125.0,17.5,45.5,130.8,18.4,44.8,123.1,16.9,47.7,125.2,16.8,43.3,129.8,17.5,43.2,116.0,17.7,48.3,DEMO / SIMULATED DATA - Atmospheric Dynamics Prototype
2024-10-30,12:00,Rajasthan,27.0238,74.2179,Post-Monsoon,12 hours,Storm/Cyclone,146.4,20.7,71.5,114.8,19.2,69.8,143.7,19.8,72.5,146.4,20.6,67.2,145.4,21.3,73.6,146.7,21.4,70.8,141.2,18.9,64.7,149.6,20.8,59.6,149.3,20.7,67.2,DEMO / SIMULATED DATA - Atmospheric Dynamics Prototype
2024-10-14,06:00,Maharashtra,19.7515,75.7139,Post-Monsoon,24 hours,Normal,0.2,25.7,12.6,3.2,26.7,14.3,0.4,25.5,9.2,2.7,26.7,11.5,6.0,27.6,11.3,5.5,26.1,6.9,0.0,26.8,17.5,2.0,26.1,8.8,0.0,27.1,12.8,DEMO / SIMULATED DATA - Atmospheric Dynamics Prototype
2024-02-04,18:00,Odisha,20.9517,85.0985,Winter,24 hours,Normal,0.0,20.9,25.3,0.0,20.7,20.0,3.2,20.6,28.9,2.0,20.9,23.6,0.0,20.4,23.5,0.0,21.2,25.1,3.6,19.8,26.2,6.2,23.1,22.1,0.0,19.8,21.0,DEMO / SIMULATED DATA - Atmospheric Dynamics Prototype
2024-07-30,18:00,Odisha,20.9517,85.0985,Southwest Monsoon,48 hours,High Wind,25.2,27.6,60.2,25.5,29.7,60.5,35.2,28.0,70.7,30.0,26.4,56.9,32.9,26.5,58.1,23.1,25.2,62.0,27.5,27.9,54.6,35.0,24.0,53.2,31.4,28.3,56.5,DEMO / SIMULATED DATA - Atmospheric Dynamics Prototype
2024-08-24,12:00,Telangana,18.1124,79.0193,Southwest Monsoon,48 hours,Normal,13.3,35.0,14.2,3.7,39.9,12.2,6.8,37.5,7.5,17.0,35.1,12.0,11.0,35.2,12.3,15.7,35.8,11.1,21.2,34.5,15.1,10.9,34.1,13.8,26.2,35.9,7.9,DEMO / SIMULATED DATA - Atmospheric Dynamics Prototype
2024-11-11,18:00,Telangana,18.1124,79.0193,Post-Monsoon,72 hours,Storm/Cyclone,112.9,27.5,65.7,67.2,24.0,73.1,118.1,25.3,62.5,114.5,28.6,66.9,113.5,28.9,61.9,113.6,26.9,65.2,107.3,27.9,61.5,113.6,31.1,72.2,124.3,28.3,73.7,DEMO / SIMULATED DATA - Atmospheric Dynamics Prototype
2024-04-22,00:00,Odisha,20.9517,85.0985,Summer,48 hours,Heavy Rain,83.5,24.1,34.1,83.7,24.9,25.1,74.5,19.1,28.4,83.2,24.9,32.1,81.1,24.9,33.3,84.7,23.6,33.6,81.5,24.5,21.5,83.5,23.8,42.9,85.1,27.6,29.4,DEMO / SIMULATED DATA - Atmospheric Dynamics Prototype
2024-11-05,12:00,Andhra Pradesh,15.9129,79.74,Northeast Monsoon,24 hours,Normal,15.9,27.9,20.7,19.7,30.6,25.7,20.5,27.9,22.1,14.7,28.3,20.5,13.5,30.3,23.1,16.8,27.8,13.8,6.3,26.4,18.6,19.2,29.2,20.7,17.8,27.6,26.1,DEMO / SIMULATED DATA - Atmospheric Dynamics Prototype
2024-12-01,06:00,Maharashtra,19.7515,75.7139,Post-Monsoon,12 hours,High Wind,5.6,29.3,54.0,0.0,30.4,54.2,8.5,29.4,52.8,4.8,29.6,53.5,2.4,28.3,51.0,5.2,30.2,51.3,1.5,29.5,58.7,9.1,29.2,50.0,5.8,30.7,56.6,DEMO / SIMULATED DATA - Atmospheric Dynamics Prototype
2024-12-18,06:00,Tamil Nadu,11.1271,78.6569,Northeast Monsoon,72 hours,Heavy Rain,151.7,20.5,51.2,150.7,20.6,47.3,148.3,20.5,50.7,153.5,20.0,53.0,158.1,18.4,53.3,149.1,19.9,40.3,147.0,21.5,47.5,148.2,19.8,52.5,165.3,20.3,71.5,DEMO / SIMULATED DATA - Atmospheric Dynamics Prototype
2024-08-05,06:00,Kerala,10.8505,76.2711,Southwest Monsoon,24 hours,High Wind,14.9,33.8,60.7,15.4,34.3,63.8,9.8,33.9,57.6,14.2,33.4,59.3,11.0,32.7,55.5,14.9,31.7,62.0,21.6,36.0,56.6,8.8,35.1,60.9,14.5,31.4,61.3,DEMO / SIMULATED DATA - Atmospheric Dynamics Prototype
2024-02-02,18:00,Karnataka,15.3173,75.7139,Winter,48 hours,Heavy Rain,54.2,15.3,38.1,41.0,14.2,42.9,51.0,13.7,39.1,58.2,15.5,38.7,60.9,16.7,40.1,58.7,16.0,39.0,59.1,15.9,37.9,55.4,15.9,39.7,56.7,13.1,36.9,DEMO / SIMULATED DATA - Atmospheric Dynamics Prototype
2024-10-07,00:00,Karnataka,15.3173,75.7139,Post-Monsoon,48 hours,Heavy Rain,51.0,16.2,48.6,42.3,16.1,40.1,43.7,18.7,46.6,53.7,16.5,48.2,58.0,16.4,47.9,49.9,17.6,48.1,51.2,16.7,42.4,51.6,16.1,51.0,57.9,15.7,51.6,DEMO / SIMULATED DATA - Atmospheric Dynamics Prototype
2024-07-27,12:00,Karnataka,15.3173,75.7139,Southwest Monsoon,48 hours,Heavy Rain,115.6,27.6,48.3,98.6,28.2,43.4,109.3,28.9,57.0,115.5,26.4,50.0,116.6,29.1,47.2,118.3,27.9,50.1,110.5,23.5,54.7,114.0,24.0,48.2,118.2,27.7,49.9,DEMO / SIMULATED DATA - Atmospheric Dynamics Prototype
2024-04-27,12:00,Karnataka,15.3173,75.7139,Summer,24 hours,Normal,0.0,38.7,14.7,0.0,41.2,12.0,0.0,38.7,13.5,1.5,38.7,16.1,1.9,38.9,19.6,0.0,41.0,17.0,2.4,35.9,6.6,0.0,39.0,18.0,3.1,38.8,19.2,DEMO / SIMULATED DATA - Atmospheric Dynamics Prototype
2024-05-13,06:00,Rajasthan,27.0238,74.2179,Summer,72 hours,High Wind,2.3,40.9,59.6,0.0,36.8,50.8,4.4,45.0,65.9,2.0,40.3,60.5,1.8,42.0,59.3,8.0,42.2,48.6,0.0,42.3,64.0,0.0,36.0,60.9,0.0,38.8,69.5,DEMO / SIMULATED DATA - Atmospheric Dynamics Prototype
2024-02-23,06:00,Rajasthan,27.0238,74.2179,Winter,48 hours,Normal,1.8,14.7,17.9,0.0,12.8,20.4,0.0,15.5,30.1,3.0,14.3,15.0,0.0,15.1,20.9,0.0,14.7,8.9,1.8,13.0,13.4,0.5,13.8,11.3,12.7,15.0,20.3,DEMO / SIMULATED DATA - Atmospheric Dynamics Prototype
2024-06-07,06:00,Karnataka,15.3173,75.7139,Southwest Monsoon,12 hours,Heavy Rain,148.9,24.8,40.8,160.0,25.6,38.9,149.9,23.5,39.9,149.3,24.7,38.7,148.9,25.5,38.9,149.0,24.5,41.9,149.8,24.7,42.0,146.2,24.0,34.7,152.5,24.6,36.0,DEMO / SIMULATED DATA - Atmospheric Dynamics Prototype
2024-10-27,18:00,Telangana,18.1124,79.0193,Post-Monsoon,12 hours,Normal,1.0,26.1,7.4,1.2,27.6,13.3,4.5,26.6,8.7,1.2,26.2,10.5,0.0,26.2,9.8,5.8,26.0,6.2,0.0,26.1,11.4,0.0,27.1,12.0,0.0,25.8,13.0,DEMO / SIMULATED DATA - Atmospheric Dynamics Prototype
2024-02-17,12:00,Kerala,10.8505,76.2711,Winter,24 hours,Heat Wave,0.0,44.2,18.0,0.0,45.4,16.3,0.0,43.9,17.7,1.8,44.6,16.3,1.8,44.1,13.0,0.0,44.2,20.1,4.2,43.2,15.2,0.0,42.6,10.9,2.8,49.0,22.3,DEMO / SIMULATED DATA - Atmospheric Dynamics Prototype
2024-10-04,12:00,Maharashtra,19.7515,75.7139,Post-Monsoon,6 hours,Heavy Rain,69.8,29.8,43.6,47.7,28.9,46.2,71.3,30.5,43.9,71.0,30.1,44.7,65.9,28.8,44.7,70.1,28.6,42.7,76.9,30.9,48.4,64.7,32.1,41.7,77.4,30.3,46.2,DEMO / SIMULATED DATA - Atmospheric Dynamics Prototype
2024-06-18,06:00,Maharashtra,19.7515,75.7139,Southwest Monsoon,24 hours,Normal,17.7,29.6,13.9,15.1,29.5,8.9,19.1,28.1,16.1,17.7,29.8,13.3,20.0,29.7,12.5,17.6,27.5,16.6,17.0,31.7,15.4,18.9,30.2,9.6,15.1,29.8,12.4,DEMO / SIMULATED DATA - Atmospheric Dynamics Prototype
2024-04-09,18:00,Kerala,10.8505,76.2711,Summer,6 hours,Normal,0.4,33.5,15.3,0.0,35.4,21.2,5.4,33.5,16.7,0.8,33.6,12.4,0.0,33.2,12.8,1.9,33.5,15.9,0.0,34.5,7.6,0.0,33.4,7.9,2.3,33.2,17.6,DEMO / SIMULATED DATA - Atmospheric Dynamics Prototype
2024-03-10,00:00,Odisha,20.9517,85.0985,Summer,48 hours,Heavy Rain,101.3,29.2,46.9,83.0,29.9,44.8,109.1,28.4,46.8,106.0,29.4,45.6,96.9,28.8,43.9,97.4,29.1,44.5,115.4,30.6,51.9,100.6,29.4,44.6,119.6,29.0,43.3,DEMO / SIMULATED DATA - Atmospheric Dynamics Prototype
2024-06-22,00:00,Tamil Nadu,11.1271,78.6569,Southwest Monsoon,48 hours,Normal,5.7,23.1,18.4,6.2,22.8,27.2,10.8,19.8,15.7,7.7,23.7,19.6,7.6,23.6,22.0,12.6,23.7,20.8,0.0,21.9,15.9,0.0,24.6,19.1,18.5,24.5,20.3,DEMO / SIMULATED DATA - Atmospheric Dynamics Prototype
2024-04-09,00:00,Telangana,18.1124,79.0193,Summer,48 hours,Heat Wave,0.0,48.2,11.2,0.0,48.0,11.9,0.0,48.2,11.2,5.1,48.8,7.8,5.6,49.2,7.3,0.0,49.7,6.1,9.1,48.1,13.7,0.0,47.3,6.3,10.7,49.5,5.4,DEMO / SIMULATED DATA - Atmospheric Dynamics Prototype
2024-08-23,00:00,Tamil Nadu,11.1271,78.6569,Southwest Monsoon,6 hours,Heat Wave,0.0,48.1,15.2,5.7,49.0,18.9,0.0,48.8,15.3,1.8,47.7,18.4,2.2,47.1,19.3,0.0,49.2,14.6,6.9,48.4,21.2,0.0,46.6,16.3,0.0,47.2,20.4,DEMO / SIMULATED DATA - Atmospheric Dynamics Prototype
2024-05-19,00:00,Odisha,20.9517,85.0985,Summer,24 hours,Storm/Cyclone,124.7,25.9,70.7,98.1,24.1,71.7,122.6,25.7,72.2,125.1,26.1,70.8,124.7,25.5,70.3,130.7,27.4,62.8,122.5,25.9,78.5,123.8,25.3,69.7,124.0,26.3,72.5,DEMO / SIMULATED DATA - Atmospheric Dynamics Prototype
2024-01-06,12:00,Maharashtra,19.7515,75.7139,Winter,12 hours,Normal,0.0,21.8,15.2,0.0,23.1,11.4,3.1,21.7,11.2,2.1,22.3,15.0,2.1,21.6,16.1,0.0,23.1,16.5,8.6,22.7,14.4,0.0,19.8,14.7,0.0,24.4,13.4,DEMO / SIMULATED DATA - Atmospheric Dynamics Prototype
2024-08-17,06:00,Andhra Pradesh,15.9129,79.74,Southwest Monsoon,6 hours,Heavy Rain,91.6,27.1,51.9,95.2,29.1,50.6,88.8,26.2,50.0,87.9,27.2,53.2,85.3,26.9,53.4,92.4,26.7,49.5,89.5,27.4,54.5,85.2,27.3,52.9,87.0,27.9,55.8,DEMO / SIMULATED DATA - Atmospheric Dynamics Prototype
2024-02-27,18:00,Maharashtra,19.7515,75.7139,Winter,12 hours,Heavy Rain,70.9,19.2,43.5,65.5,19.4,48.7,66.5,19.8,44.4,70.7,19.9,44.6,74.6,18.6,45.3,67.2,21.4,42.3,65.0,18.1,46.8,70.7,20.6,49.7,75.9,20.7,39.1,DEMO / SIMULATED DATA - Atmospheric Dynamics Prototype
2024-09-09,18:00,Kerala,10.8505,76.2711,Southwest Monsoon,48 hours,Heavy Rain,130.4,24.1,35.2,117.0,23.3,30.2,133.1,24.7,26.4,128.6,24.0,36.4,127.3,25.5,38.3,126.6,23.0,34.7,125.7,24.8,34.3,136.4,23.6,39.9,126.8,23.0,34.9,DEMO / SIMULATED DATA - Atmospheric Dynamics Prototype
2024-12-08,18:00,Telangana,18.1124,79.0193,Post-Monsoon,6 hours,Normal,1.8,28.1,19.8,2.6,28.6,18.7,2.7,27.9,18.5,3.3,27.9,18.2,4.9,27.1,18.7,4.4,27.2,19.3,0.0,27.6,15.2,0.0,28.3,19.6,7.1,29.2,18.3,DEMO / SIMULATED DATA - Atmospheric Dynamics Prototype
2024-10-18,00:00,Kerala,10.8505,76.2711,Post-Monsoon,48 hours,Heavy Rain,79.7,20.9,49.5,71.4,17.4,48.9,66.7,18.9,49.4,84.2,20.3,50.3,82.8,18.9,49.0,79.4,20.7,50.8,83.8,21.0,56.6,78.4,18.9,59.1,96.8,22.2,35.9,DEMO / SIMULATED DATA - Atmospheric Dynamics Prototype
2024-01-14,12:00,Odisha,20.9517,85.0985,Winter,48 hours,Heavy Rain,78.1,18.1,39.7,81.5,18.2,48.9,77.3,16.8,37.9,84.4,18.0,38.1,82.1,16.5,39.5,85.4,18.7,38.9,88.4,18.7,32.3,77.0,20.5,40.6,88.9,15.7,39.2,DEMO / SIMULATED DATA - Atmospheric Dynamics Prototype
2024-11-25,06:00,Odisha,20.9517,85.0985,Post-Monsoon,6 hours,Normal,0.3,28.1,12.1,5.4,28.2,3.3,0.0,28.2,7.0,0.7,28.2,10.8,0.0,27.8,11.4,0.0,28.0,11.0,0.0,28.5,6.1,3.4,28.8,13.9,0.0,27.8,11.6,DEMO / SIMULATED DATA - Atmospheric Dynamics Prototype
2024-07-28,00:00,Kerala,10.8505,76.2711,Southwest Monsoon,72 hours,Heavy Rain,141.6,21.0,50.5,154.1,22.7,43.6,135.4,24.3,38.0,141.6,21.1,49.5,141.5,23.9,54.6,147.1,19.0,54.2,151.3,20.4,50.5,148.9,20.5,41.1,119.3,21.8,47.0,DEMO / SIMULATED DATA - Atmospheric Dynamics Prototype
2024-01-11,06:00,Rajasthan,27.0238,74.2179,Winter,24 hours,Normal,0.0,10.5,3.0,3.7,8.0,1.0,0.7,10.3,7.8,1.8,11.3,3.6,0.0,12.7,6.7,3.4,12.2,4.3,0.0,11.2,1.0,0.0,10.4,1.0,5.5,10.1,5.0,DEMO / SIMULATED DATA - Atmospheric Dynamics Prototype
2024-12-04,18:00,Karnataka,15.3173,75.7139,Post-Monsoon,12 hours,Normal,0.0,26.2,16.7,6.3,24.3,26.0,0.8,26.2,15.5,1.5,26.2,18.3,1.8,26.0,17.4,2.8,26.9,20.3,2.1,25.0,9.6,1.0,26.5,24.2,0.0,26.8,20.1,DEMO / SIMULATED DATA - Atmospheric Dynamics Prototype
2024-07-04,12:00,Karnataka,15.3173,75.7139,Southwest Monsoon,12 hours,Heavy Rain,140.9,29.1,51.0,127.1,29.1,47.9,140.8,28.7,48.0,139.8,29.1,52.4,139.9,27.5,54.2,142.6,28.6,45.9,141.0,29.4,52.4,137.4,29.4,58.5,138.2,30.8,50.9,DEMO / SIMULATED DATA - Atmospheric Dynamics Prototype
2024-03-07,18:00,Maharashtra,19.7515,75.7139,Summer,48 hours,Normal,0.0,36.2,21.6,3.8,38.3,5.0,1.7,36.3,16.4,4.9,36.4,18.3,1.6,35.1,16.4,3.3,36.0,15.2,7.7,36.3,17.9,0.0,34.1,13.0,12.0,40.6,28.9,DEMO / SIMULATED DATA - Atmospheric Dynamics Prototype
2024-07-07,12:00,Tamil Nadu,11.1271,78.6569,Southwest Monsoon,72 hours,Normal,6.7,,14.3,11.7,30.4,23.2,1.9,28.4,19.7,9.4,31.3,12.7,3.2,30.6,10.1,17.6,32.9,10.9,7.1,29.7,13.6,0.0,29.7,5.1,19.3,33.6,23.8,DEMO / SIMULATED DATA - Atmospheric Dynamics Prototype
2024-09-01,00:00,Maharashtra,19.7515,75.7139,Southwest Monsoon,48 hours,Heavy Rain,133.5,17.9,46.4,125.3,16.9,51.9,124.2,17.3,42.5,135.0,18.2,47.1,128.6,18.9,47.5,137.2,17.5,50.3,133.9,17.1,43.5,121.3,20.2,52.0,153.9,17.2,42.4,DEMO / SIMULATED DATA - Atmospheric Dynamics Prototype
2024-04-16,00:00,Andhra Pradesh,15.9129,79.74,Summer,24 hours,Normal,0.6,27.4,20.9,0.0,29.4,23.3,0.0,27.3,16.5,1.0,27.9,20.4,0.0,26.3,19.2,0.0,27.6,21.3,0.5,27.9,16.2,1.0,29.7,20.2,3.5,28.1,25.2,DEMO / SIMULATED DATA - Atmospheric Dynamics Prototype
2024-02-09,18:00,Maharashtra,19.7515,75.7139,Winter,24 hours,Heat Wave,0.0,47.3,19.3,2.2,45.8,14.1,0.0,48.4,18.9,0.4,46.0,18.7,1.0,45.4,19.8,0.3,44.1,20.2,0.0,46.3,23.1,0.8,46.6,17.0,0.0,47.6,13.4,DEMO / SIMULATED DATA - Atmospheric Dynamics Prototype
2024-12-05,00:00,Rajasthan,27.0238,74.2179,Post-Monsoon,48 hours,Heat Wave,0.0,48.2,18.7,8.0,48.5,16.7,0.0,48.4,15.7,0.0,48.3,18.7,0.0,48.8,15.4,0.0,47.4,24.4,0.0,46.1,15.8,0.0,51.1,19.2,0.0,47.9,18.5,DEMO / SIMULATED DATA - Atmospheric Dynamics Prototype
2024-12-24,06:00,Kerala,10.8505,76.2711,Post-Monsoon,6 hours,High Wind,3.0,26.8,62.2,8.5,28.0,64.1,2.8,25.7,61.2,4.7,27.2,61.6,2.4,26.6,58.8,4.4,25.6,66.4,3.6,27.9,65.3,11.9,27.0,60.8,1.2,29.1,56.7,DEMO / SIMULATED DATA - Atmospheric Dynamics Prototype
2024-02-09,00:00,Karnataka,15.3173,75.7139,Winter,24 hours,Normal,0.1,14.9,16.3,0.0,17.7,7.9,0.0,15.4,16.0,1.8,14.1,13.7,3.4,13.0,12.9,0.0,15.5,16.3,2.8,14.4,11.3,2.9,12.4,12.1,0.0,15.2,15.9,DEMO / SIMULATED DATA - Atmospheric Dynamics Prototype
2024-09-11,00:00,Odisha,20.9517,85.0985,Southwest Monsoon,24 hours,Normal,5.0,25.4,16.7,5.1,25.8,18.6,4.9,25.6,16.4,8.2,24.9,20.0,9.6,25.9,21.6,9.8,25.2,16.1,0.0,23.9,20.5,9.9,22.2,22.4,11.8,27.4,19.2,DEMO / SIMULATED DATA - Atmospheric Dynamics Prototype
2024-05-15,00:00,Tamil Nadu,11.1271,78.6569,Summer,48 hours,Heavy Rain,129.5,28.3,52.1,114.7,25.1,51.4,136.9,28.7,50.0,128.2,29.4,56.1,128.8,29.9,54.4,129.3,29.6,55.2,124.7,27.7,58.6,133.7,31.7,55.3,124.5,28.3,56.8,DEMO / SIMULATED DATA - Atmospheric Dynamics Prototype
2024-05-21,12:00,Telangana,18.1124,79.0193,Summer,6 hours,Normal,0.0,46.8,7.8,0.0,46.6,6.0,5.9,47.7,5.6,1.3,47.3,5.6,0.0,47.8,5.7,4.2,47.5,5.3,2.4,47.3,2.7,0.0,46.3,9.2,0.0,47.4,5.2,DEMO / SIMULATED DATA - Atmospheric Dynamics Prototype
2024-06-07,12:00,Tamil Nadu,11.1271,78.6569,Southwest Monsoon,6 hours,Normal,5.0,32.3,16.3,0.0,32.4,22.3,3.2,33.1,16.9,4.5,33.2,13.5,0.0,34.3,14.3,5.1,32.7,16.2,8.1,33.7,13.4,4.0,31.4,13.8,5.5,33.8,9.6,DEMO / SIMULATED DATA - Atmospheric Dynamics Prototype
2024-12-05,12:00,Tamil Nadu,11.1271,78.6569,Northeast Monsoon,24 hours,Normal,17.4,34.1,16.4,22.4,32.2,17.9,17.2,32.9,13.0,16.7,34.5,18.7,16.0,34.1,19.6,16.3,34.5,16.7,13.3,33.4,16.5,11.1,35.0,22.7,26.6,35.4,18.1,DEMO / SIMULATED DATA - Atmospheric Dynamics Prototype
2024-07-08,00:00,Andhra Pradesh,15.9129,79.74,Southwest Monsoon,6 hours,Normal,7.2,21.2,18.8,10.1,21.3,17.2,6.5,21.7,16.3,7.6,20.6,18.3,5.1,19.9,18.9,9.9,22.5,23.0,4.6,21.5,17.5,14.3,23.0,19.4,4.2,15.9,12.8,DEMO / SIMULATED DATA - Atmospheric Dynamics Prototype
2024-08-19,00:00,Maharashtra,19.7515,75.7139,Southwest Monsoon,24 hours,Heavy Rain,104.7,19.6,42.1,105.5,19.6,41.2,105.8,19.9,39.6,103.7,20.1,41.2,100.6,20.7,40.9,106.8,19.2,36.1,110.9,20.7,44.2,99.8,20.7,43.3,100.6,19.1,41.7,DEMO / SIMULATED DATA - Atmospheric Dynamics Prototype
2024-10-05,12:00,Rajasthan,27.0238,74.2179,Post-Monsoon,24 hours,Heavy Rain,89.9,24.4,36.2,105.0,28.3,38.6,90.7,25.4,40.7,92.8,24.2,34.6,88.0,24.2,33.5,91.2,25.5,33.1,94.9,23.8,34.2,95.7,23.4,30.1,94.2,24.2,42.1,DEMO / SIMULATED DATA - Atmospheric Dynamics Prototype
2024-04-20,18:00,Karnataka,15.3173,75.7139,Summer,12 hours,Normal,0.9,36.9,13.6,0.0,38.9,20.2,2.6,36.6,14.1,2.1,37.0,9.9,0.1,37.8,9.3,2.3,38.1,12.9,3.1,34.7,10.4,2.7,37.5,11.3,2.5,36.8,5.5,DEMO / SIMULATED DATA - Atmospheric Dynamics Prototype
2024-06-22,18:00,Andhra Pradesh,15.9129,79.74,Southwest Monsoon,12 hours,High Wind,24.8,26.6,54.2,34.2,27.0,55.6,26.8,27.0,56.4,21.2,27.4,53.9,21.4,27.8,55.1,25.6,25.8,51.6,21.1,26.0,54.4,18.6,29.1,56.2,19.4,28.2,52.0,DEMO / SIMULATED DATA - Atmospheric Dynamics Prototype
2024-03-28,00:00,Maharashtra,19.7515,75.7139,Summer,6 hours,Normal,0.8,29.3,18.2,0.0,30.4,25.6,1.8,30.3,16.4,1.4,29.6,17.6,0.0,29.8,16.4,0.0,30.0,16.2,0.0,30.7,19.8,3.8,30.3,21.8,3.2,27.0,13.7,DEMO / SIMULATED DATA - Atmospheric Dynamics Prototype
2024-06-14,18:00,Rajasthan,27.0238,74.2179,Southwest Monsoon,6 hours,Normal,4.8,30.3,10.2,8.4,29.7,12.2,6.4,29.8,9.1,5.9,30.0,12.0,4.3,29.0,11.2,9.5,29.0,12.0,6.1,29.5,16.7,9.7,32.0,10.3,0.0,30.6,9.7,DEMO / SIMULATED DATA - Atmospheric Dynamics Prototype
2024-05-17,00:00,Telangana,18.1124,79.0193,Summer,72 hours,Normal,0.9,36.2,14.8,0.6,33.3,15.3,0.0,37.4,19.5,3.6,36.7,15.3,0.8,35.3,16.3,6.0,35.9,12.8,0.0,36.6,20.5,11.3,36.7,6.1,0.0,39.2,20.6,DEMO / SIMULATED DATA - Atmospheric Dynamics Prototype
2024-10-29,12:00,Andhra Pradesh,15.9129,79.74,Northeast Monsoon,48 hours,Storm/Cyclone,211.5,27.0,80.3,219.4,26.5,98.0,214.9,28.2,89.7,212.3,27.0,86.6,211.8,26.2,84.5,217.7,27.2,87.2,211.1,28.6,87.3,212.1,27.9,85.7,208.9,25.2,88.3,DEMO / SIMULATED DATA - Atmospheric Dynamics Prototype
2024-12-22,12:00,Maharashtra,19.7515,75.7139,Post-Monsoon,72 hours,Normal,0.7,32.1,17.7,7.7,30.3,22.7,0.4,34.7,14.6,2.8,31.2,18.8,8.3,33.8,19.1,2.3,35.0,27.7,0.0,31.5,24.8,0.0,26.3,13.2,3.5,29.4,9.2,DEMO / SIMULATED DATA - Atmospheric Dynamics Prototype
2024-07-29,18:00,Tamil Nadu,11.1271,78.6569,Southwest Monsoon,6 hours,High Wind,24.3,29.7,49.0,25.6,28.6,51.4,21.9,28.9,49.5,22.9,29.2,51.8,17.3,29.2,48.3,28.5,29.5,54.2,18.7,30.3,51.1,20.3,29.6,48.6,29.6,27.5,56.8,DEMO / SIMULATED DATA - Atmospheric Dynamics Prototype
2024-11-28,00:00,Andhra Pradesh,15.9129,79.74,Northeast Monsoon,72 hours,Heavy Rain,141.3,15.2,46.0,129.8,14.8,53.7,139.9,17.0,33.7,139.0,15.2,48.8,132.3,17.1,48.2,148.1,12.8,47.2,132.5,17.1,46.6,141.1,17.4,46.0,141.0,11.7,56.1,DEMO / SIMULATED DATA - Atmospheric Dynamics Prototype
2024-10-11,18:00,Kerala,10.8505,76.2711,Post-Monsoon,72 hours,Normal,0.0,28.0,25.2,11.9,28.6,31.2,9.8,28.5,30.7,3.4,28.1,24.2,0.1,27.9,22.7,0.9,31.2,21.1,3.9,28.6,33.2,12.0,25.9,21.6,0.0,26.8,22.4,DEMO / SIMULATED DATA - Atmospheric Dynamics Prototype
2024-10-04,12:00,Andhra Pradesh,15.9129,79.74,Northeast Monsoon,12 hours,Normal,10.6,32.1,12.1,6.3,34.1,9.8,11.9,31.9,11.7,12.8,33.2,13.6,14.4,32.2,16.1,17.1,33.8,10.6,11.3,33.9,14.8,15.9,33.9,17.2,5.5,32.0,9.3,DEMO / SIMULATED DATA - Atmospheric Dynamics Prototype
2024-06-14,18:00,Maharashtra,19.7515,75.7139,Southwest Monsoon,12 hours,Heavy Rain,121.6,21.4,41.7,112.5,21.4,40.0,119.0,21.3,43.9,122.0,21.4,44.3,121.6,21.9,45.9,119.6,21.7,44.6,117.9,21.6,48.1,120.0,22.9,41.1,130.9,18.7,42.0,DEMO / SIMULATED DATA - Atmospheric Dynamics Prototype
2024-08-03,00:00,Telangana,18.1124,79.0193,Southwest Monsoon,48 hours,Normal,3.8,21.8,10.9,0.0,21.7,13.4,0.0,20.7,24.4,6.9,23.5,10.3,5.0,19.7,6.4,4.8,21.9,8.6,15.6,26.2,9.7,9.2,23.6,16.5,0.0,26.1,10.5,DEMO / SIMULATED DATA - Atmospheric Dynamics Prototype
2024-03-09,12:00,Odisha,20.9517,85.0985,Summer,48 hours,Normal,0.0,36.4,10.1,8.5,35.5,2.3,0.1,38.5,10.1,6.5,38.6,10.0,0.8,36.4,9.4,10.9,38.3,17.4,15.5,38.6,7.9,5.4,40.1,12.9,0.0,39.4,2.5,DEMO / SIMULATED DATA - Atmospheric Dynamics Prototype
2024-05-19,00:00,Kerala,10.8505,76.2711,Summer,24 hours,Normal,2.5,30.8,16.4,1.9,28.7,22.5,3.9,30.9,14.9,4.0,32.0,16.8,2.9,30.9,15.2,6.5,29.5,13.5,7.4,32.9,17.5,0.0,32.9,17.3,3.2,33.6,20.5,DEMO / SIMULATED DATA - Atmospheric Dynamics Prototype
2024-11-30,00:00,Karnataka,15.3173,75.7139,Post-Monsoon,12 hours,Normal,0.0,25.3,17.4,2.9,23.6,14.8,0.0,25.5,13.6,2.9,24.9,15.9,0.0,24.5,19.0,1.3,24.5,17.8,2.7,25.7,5.9,10.5,26.1,21.8,0.0,23.8,15.1,DEMO / SIMULATED DATA - Atmospheric Dynamics Prototype
2024-10-05,18:00,Telangana,18.1124,79.0193,Post-Monsoon,72 hours,Heat Wave,0.0,47.9,17.6,0.0,47.9,9.2,14.9,46.3,16.4,1.8,46.3,19.4,0.0,47.7,17.3,0.0,45.0,20.1,0.0,44.6,16.2,8.8,47.8,19.5,0.0,46.2,23.8,DEMO / SIMULATED DATA - Atmospheric Dynamics Prototype
2024-06-21,06:00,Rajasthan,27.0238,74.2179,Southwest Monsoon,6 hours,Normal,5.6,29.6,11.2,13.5,32.3,15.8,6.4,29.5,11.5,6.6,30.2,12.7,6.0,30.5,14.8,1.9,29.3,13.8,5.1,29.1,14.9,3.4,30.5,10.0,16.4,31.5,9.8,DEMO / SIMULATED DATA - Atmospheric Dynamics Prototype
2024-09-21,18:00,Maharashtra,19.7515,75.7139,Southwest Monsoon,48 hours,Heavy Rain,94.6,23.4,50.7,76.2,25.9,50.7,97.4,19.9,49.0,94.6,24.6,52.2,95.7,23.5,53.2,91.7,25.0,48.9,94.7,21.7,53.2,89.9,23.9,55.0,101.0,29.1,50.7,DEMO / SIMULATED DATA - Atmospheric Dynamics Prototype
2024-07-26,00:00,Karnataka,15.3173,75.7139,Southwest Monsoon,12 hours,Heavy Rain,133.2,23.0,35.7,138.5,21.1,34.3,130.9,23.1,33.9,134.4,23.4,38.1,137.1,22.7,40.1,136.1,24.0,40.7,133.5,24.1,36.8,129.6,22.1,34.9,135.5,24.2,38.2,DEMO / SIMULATED DATA - Atmospheric Dynamics Prototype
2024-03-25,18:00,Kerala,10.8505,76.2711,Summer,72 hours,Heavy Rain,91.9,30.6,40.1,109.8,29.4,42.9,98.8,31.2,42.5,93.3,30.9,43.5,94.0,29.7,37.6,96.1,29.6,41.6,83.8,30.2,48.2,93.5,33.3,50.5,99.3,31.7,39.4,DEMO / SIMULATED DATA - Atmospheric Dynamics Prototype
2024-06-02,12:00,Tamil Nadu,11.1271,78.6569,Southwest Monsoon,6 hours,Heavy Rain,138.6,25.1,46.3,144.7,24.8,49.8,136.4,25.2,44.0,137.4,24.0,46.5,135.2,25.4,44.1,136.9,25.5,48.9,146.0,22.9,43.5,130.5,23.4,48.2,138.5,22.7,47.7,DEMO / SIMULATED DATA - Atmospheric Dynamics Prototype
2024-12-06,06:00,Kerala,10.8505,76.2711,Post-Monsoon,24 hours,Heavy Rain,117.0,26.5,42.0,126.3,23.9,47.8,112.6,25.9,41.2,117.1,26.3,42.4,122.5,26.5,41.4,113.5,27.1,40.3,116.0,26.0,44.7,120.9,25.1,39.3,112.8,26.8,46.5,DEMO / SIMULATED DATA - Atmospheric Dynamics Prototype
2024-02-04,06:00,Karnataka,15.3173,75.7139,Winter,6 hours,Normal,0.0,22.9,24.1,0.0,24.0,21.8,0.0,22.7,26.3,1.8,22.9,23.5,1.6,23.0,27.1,3.6,23.7,20.9,2.9,22.7,22.8,0.0,22.7,21.8,0.8,22.6,25.0,DEMO / SIMULATED DATA - Atmospheric Dynamics Prototype
2024-06-08,18:00,Andhra Pradesh,15.9129,79.74,Southwest Monsoon,48 hours,Storm/Cyclone,105.6,22.9,85.3,99.0,23.4,72.9,108.2,24.9,85.9,103.6,24.0,87.7,106.2,24.8,86.2,102.5,22.3,82.9,110.8,25.1,90.2,101.1,23.0,89.0,97.5,24.9,90.4,DEMO / SIMULATED DATA - Atmospheric Dynamics Prototype
2024-10-08,12:00,Andhra Pradesh,15.9129,79.74,Northeast Monsoon,6 hours,Heavy Rain,99.5,29.6,52.6,120.1,29.4,54.6,101.9,30.5,55.2,97.6,29.4,54.0,102.6,29.5,54.4,93.5,30.2,54.5,102.6,30.6,55.5,98.1,29.3,55.2,91.0,27.4,50.2,DEMO / SIMULATED DATA - Atmospheric Dynamics Prototype
2024-03-01,00:00,Telangana,18.1124,79.0193,Summer,6 hours,Normal,0.5,37.3,7.8,2.5,35.2,6.2,2.3,37.0,6.5,0.0,37.9,8.5,0.0,36.7,10.3,0.0,37.4,5.8,0.0,38.7,6.4,0.0,39.0,7.7,0.0,37.6,12.2,DEMO / SIMULATED DATA - Atmospheric Dynamics Prototype
2024-12-12,06:00,Andhra Pradesh,15.9129,79.74,Northeast Monsoon,48 hours,Heavy Rain,135.2,22.6,48.8,150.8,23.7,53.4,140.8,25.1,44.4,135.9,23.2,47.4,133.7,24.6,42.5,134.8,22.8,48.1,143.7,23.4,47.0,131.3,23.1,55.0,136.2,22.3,44.6,DEMO / SIMULATED DATA - Atmospheric Dynamics Prototype
2024-12-18,06:00,Rajasthan,27.0238,74.2179,Post-Monsoon,72 hours,Normal,1.4,29.2,12.9,6.1,29.3,14.2,15.6,29.2,8.2,2.5,29.7,13.2,0.0,28.2,10.1,0.0,30.3,15.2,1.3,27.2,14.2,6.0,33.2,15.1,5.2,29.6,11.5,DEMO / SIMULATED DATA - Atmospheric Dynamics Prototype
2024-06-13,06:00,Tamil Nadu,11.1271,78.6569,Southwest Monsoon,48 hours,Normal,4.2,29.9,19.3,8.0,28.6,20.4,0.0,31.0,27.1,4.3,29.7,23.4,6.3,29.5,22.6,0.0,30.3,30.4,0.0,29.4,18.3,0.0,28.4,19.5,15.4,31.0,26.0,DEMO / SIMULATED DATA - Atmospheric Dynamics Prototype
2024-10-29,18:00,Maharashtra,19.7515,75.7139,Post-Monsoon,72 hours,Heat Wave,0.0,45.6,16.0,7.4,46.2,7.9,0.0,43.0,11.4,2.7,46.8,16.4,1.6,45.3,16.4,3.0,47.8,13.1,0.0,44.0,19.3,6.1,47.6,11.7,2.7,49.5,21.3,DEMO / SIMULATED DATA - Atmospheric Dynamics Prototype
2024-06-28,12:00,Maharashtra,19.7515,75.7139,Southwest Monsoon,12 hours,Normal,10.2,29.3,19.4,10.3,29.6,17.4,10.3,27.7,18.2,14.6,29.6,21.1,9.0,29.3,19.3,13.4,28.1,21.5,18.1,28.7,21.9,16.7,31.3,18.3,15.8,30.7,24.7,DEMO / SIMULATED DATA - Atmospheric Dynamics Prototype
2024-05-06,12:00,Karnataka,15.3173,75.7139,Summer,6 hours,Normal,0.0,39.0,17.4,0.0,38.5,16.2,0.0,39.0,19.8,1.5,39.3,17.1,0.0,40.5,18.2,2.7,39.0,15.0,2.0,39.9,16.9,1.1,39.0,15.0,1.6,37.9,20.6,DEMO / SIMULATED DATA - Atmospheric Dynamics Prototype
2024-04-27,00:00,Andhra Pradesh,15.9129,79.74,Summer,24 hours,Normal,0.0,34.7,19.0,3.8,34.8,23.9,0.0,35.6,19.3,3.7,33.9,19.2,0.0,34.2,19.8,0.0,31.3,12.9,0.0,34.2,23.8,1.8,34.9,15.8,16.5,34.7,23.7,DEMO / SIMULATED DATA - Atmospheric Dynamics Prototype
2024-05-14,00:00,Kerala,10.8505,76.2711,Summer,6 hours,Normal,1.3,31.2,16.8,6.0,29.2,15.0,0.0,31.0,19.3,4.2,31.4,17.9,3.9,31.0,17.3,0.1,31.2,19.8,7.7,32.0,16.6,8.8,32.0,15.8,0.6,30.6,19.9,DEMO / SIMULATED DATA - Atmospheric Dynamics Prototype
2024-07-12,00:00,Odisha,20.9517,85.0985,Southwest Monsoon,6 hours,Heavy Rain,95.7,22.1,40.4,100.3,23.5,42.7,100.5,20.6,38.2,95.0,22.2,38.4,93.9,21.0,40.7,96.2,24.1,42.9,93.8,22.7,34.6,96.3,22.2,37.1,94.7,21.0,36.5,DEMO / SIMULATED DATA - Atmospheric Dynamics Prototype
2024-11-22,00:00,Andhra Pradesh,15.9129,79.74,Northeast Monsoon,24 hours,High Wind,19.6,24.1,51.3,12.7,21.2,49.5,21.2,25.0,52.5,21.5,24.3,51.0,16.7,23.2,54.5,23.0,24.8,54.3,20.3,23.8,50.7,22.8,24.5,42.7,24.7,25.2,52.9,DEMO / SIMULATED DATA - Atmospheric Dynamics Prototype
2024-02-10,12:00,Karnataka,15.3173,75.7139,Winter,6 hours,Normal,0.3,27.0,18.9,0.0,28.7,17.4,0.0,27.9,15.9,0.0,27.1,15.2,0.2,27.1,16.0,0.0,25.1,17.7,0.0,28.0,16.9,0.0,27.3,12.4,0.0,28.1,13.1,DEMO / SIMULATED DATA - Atmospheric Dynamics Prototype
2024-08-07,00:00,Kerala,10.8505,76.2711,Southwest Monsoon,48 hours,High Wind,15.1,17.4,72.5,6.3,17.3,68.0,24.6,15.1,79.0,11.1,17.7,72.0,10.6,20.4,74.6,5.0,19.1,70.7,20.1,17.4,70.9,13.5,15.1,70.2,6.1,16.4,73.7,DEMO / SIMULATED DATA - Atmospheric Dynamics Prototype
2024-01-16,06:00,Andhra Pradesh,15.9129,79.74,Winter,48 hours,Normal,1.5,22.4,13.5,1.2,22.1,20.6,6.8,22.8,21.6,2.8,22.4,15.0,0.0,23.1,11.9,0.0,19.4,13.9,2.2,22.2,15.6,7.7,22.4,16.7,4.1,24.8,16.7,DEMO / SIMULATED DATA - Atmospheric Dynamics Prototype
2024-11-05,18:00,Rajasthan,27.0238,74.2179,Post-Monsoon,72 hours,Normal,0.8,30.8,3.3,0.0,29.7,1.5,0.0,27.9,11.9,0.3,30.7,2.5,0.0,30.1,3.8,1.7,30.1,4.7,0.0,30.6,1.0,0.0,33.0,1.9,0.0,29.5,1.0,DEMO / SIMULATED DATA - Atmospheric Dynamics Prototype
2024-01-27,06:00,Telangana,18.1124,79.0193,Winter,24 hours,Normal,0.0,20.5,15.8,0.0,21.5,17.9,0.0,21.9,14.7,0.7,21.0,18.1,0.0,21.3,12.0,0.3,22.1,17.4,0.0,20.0,20.6,0.0,21.7,25.4,3.1,20.1,15.0,DEMO / SIMULATED DATA - Atmospheric Dynamics Prototype
2024-11-28,06:00,Andhra Pradesh,15.9129,79.74,Northeast Monsoon,48 hours,Normal,11.6,27.0,17.0,12.3,28.3,25.6,0.0,22.8,25.7,8.4,28.3,19.4,11.8,27.1,18.6,10.7,29.8,18.9,9.2,26.4,16.3,6.8,30.3,17.7,3.4,27.9,25.6,DEMO / SIMULATED DATA - Atmospheric Dynamics Prototype
2024-11-07,00:00,Kerala,10.8505,76.2711,Post-Monsoon,48 hours,Heavy Rain,77.7,20.3,51.7,82.3,21.4,47.3,85.4,21.4,49.6,75.5,20.2,57.2,80.6,18.7,54.5,79.0,17.2,59.5,70.7,21.3,58.2,61.6,20.8,56.4,85.5,23.0,57.2,DEMO / SIMULATED DATA - Atmospheric Dynamics Prototype
2024-05-05,12:00,Maharashtra,19.7515,75.7139,Summer,6 hours,Normal,4.5,35.7,21.1,1.7,37.1,26.2,2.2,35.7,20.5,5.0,35.0,21.6,6.9,35.4,19.7,8.0,34.5,21.6,1.8,37.0,19.1,4.7,32.5,21.1,3.6,35.8,26.5,DEMO / SIMULATED DATA - Atmospheric Dynamics Prototype
2024-12-12,12:00,Karnataka,15.3173,75.7139,Post-Monsoon,72 hours,Normal,0.6,32.6,26.5,0.0,30.0,21.7,2.1,32.7,21.4,2.4,32.2,24.9,1.4,34.2,26.7,0.0,32.4,22.7,0.0,32.7,21.6,0.0,33.6,28.5,10.5,28.2,25.1,DEMO / SIMULATED DATA - Atmospheric Dynamics Prototype
2024-10-13,18:00,Andhra Pradesh,15.9129,79.74,Northeast Monsoon,6 hours,Normal,11.2,28.2,13.4,15.1,27.6,14.0,9.2,27.5,12.8,12.4,28.2,11.4,19.4,29.7,12.2,10.7,27.8,9.8,8.4,27.6,5.4,9.8,29.1,20.5,13.7,26.8,9.2,DEMO / SIMULATED DATA - Atmospheric Dynamics Prototype
2024-04-28,12:00,Rajasthan,27.0238,74.2179,Summer,12 hours,Normal,0.0,45.3,8.4,0.0,44.3,14.7,1.8,46.2,6.3,0.0,45.2,5.2,0.0,45.6,12.8,0.0,45.4,3.9,0.1,45.1,1.3,0.0,43.7,2.2,0.0,46.1,5.6,DEMO / SIMULATED DATA - Atmospheric Dynamics Prototype
2024-10-07,00:00,Kerala,10.8505,76.2711,Post-Monsoon,48 hours,Heat Wave,0.0,47.1,22.3,2.7,45.4,31.5,0.0,47.8,30.6,4.4,46.5,21.7,0.0,47.8,19.1,10.6,44.4,16.4,0.0,45.3,24.7,11.1,49.3,23.5,0.1,45.8,24.6,DEMO / SIMULATED DATA - Atmospheric Dynamics Prototype
2024-10-10,12:00,Kerala,10.8505,76.2711,Post-Monsoon,48 hours,Normal,0.0,31.1,20.1,2.1,32.7,25.2,3.2,28.9,21.0,3.5,30.8,19.0,1.1,29.4,22.1,0.0,33.0,17.0,5.1,29.9,25.9,8.5,32.2,16.8,2.9,29.5,13.3,DEMO / SIMULATED DATA - Atmospheric Dynamics Prototype
2024-06-24,06:00,Andhra Pradesh,15.9129,79.74,Southwest Monsoon,24 hours,Heavy Rain,65.0,24.9,42.2,55.1,23.7,38.2,62.7,25.0,43.1,67.4,24.1,41.9,65.4,25.6,42.2,65.5,23.9,43.8,64.4,25.8,41.8,65.0,23.6,41.5,76.7,21.5,40.0,DEMO / SIMULATED DATA - Atmospheric Dynamics Prototype
2024-03-14,12:00,Odisha,20.9517,85.0985,Summer,6 hours,Normal,0.0,39.9,21.2,1.4,38.9,21.7,4.7,39.2,23.2,1.8,39.1,21.5,0.0,39.4,18.4,0.5,40.7,22.0,0.0,39.1,26.7,0.0,39.1,15.4,8.5,37.3,25.2,DEMO / SIMULATED DATA - Atmospheric Dynamics Prototype
2024-04-23,06:00,Andhra Pradesh,15.9129,79.74,Summer,6 hours,Heat Wave,0.0,46.7,23.3,1.1,47.6,24.8,0.5,47.1,23.2,2.4,46.0,23.7,1.8,46.8,22.7,5.2,46.8,22.6,0.0,45.5,23.4,0.0,45.7,28.1,5.1,45.2,21.9,DEMO / SIMULATED DATA - Atmospheric Dynamics Prototype
2024-02-25,00:00,Kerala,10.8505,76.2711,Winter,48 hours,Normal,0.0,13.6,10.9,0.0,15.9,7.5,11.8,12.2,11.3,4.9,13.8,12.0,1.2,12.4,5.6,5.0,15.2,16.3,0.0,14.2,11.1,0.0,12.9,15.0,18.3,14.2,12.0,DEMO / SIMULATED DATA - Atmospheric Dynamics Prototype
2024-12-01,12:00,Kerala,10.8505,76.2711,Post-Monsoon,12 hours,Normal,1.9,34.0,15.8,1.5,31.5,21.7,2.5,34.0,18.6,2.6,33.6,16.5,5.3,33.8,15.2,3.5,35.3,18.6,0.0,32.6,12.9,4.4,33.4,17.7,0.0,32.7,18.0,DEMO / SIMULATED DATA - Atmospheric Dynamics Prototype
2024-01-13,18:00,Kerala,10.8505,76.2711,Winter,72 hours,Heat Wave,0.0,44.3,23.3,8.0,47.3,28.1,0.0,46.7,28.2,0.7,44.2,23.0,0.0,43.7,26.3,0.0,45.8,20.3,1.0,44.7,16.0,0.0,44.9,23.0,2.3,41.7,29.4,DEMO / SIMULATED DATA - Atmospheric Dynamics Prototype
2024-07-27,12:00,Rajasthan,27.0238,74.2179,Southwest Monsoon,24 hours,Heat Wave,0.0,44.5,9.3,1.5,45.2,18.0,2.1,44.3,10.5,1.8,44.0,12.3,1.0,44.5,13.7,0.0,45.2,11.2,8.1,41.6,13.9,0.0,42.0,5.2,0.0,46.6,17.3,DEMO / SIMULATED DATA - Atmospheric Dynamics Prototype
2024-06-23,00:00,Karnataka,15.3173,75.7139,Southwest Monsoon,48 hours,Heavy Rain,93.0,19.0,49.2,99.2,21.8,40.9,91.7,16.4,51.6,93.7,18.9,48.5,87.6,19.0,49.6,89.3,20.4,50.1,93.3,17.8,48.3,87.4,18.4,49.3,111.1,18.8,45.0,DEMO / SIMULATED DATA - Atmospheric Dynamics Prototype
2024-12-27,06:00,Kerala,10.8505,76.2711,Post-Monsoon,48 hours,Normal,0.0,28.1,21.9,8.5,29.5,16.9,1.4,30.3,23.7,2.7,28.4,22.0,0.0,29.2,23.5,0.6,29.1,23.0,0.0,28.4,20.7,7.1,27.6,20.5,5.7,27.6,22.5,DEMO / SIMULATED DATA - Atmospheric Dynamics Prototype
2024-07-19,12:00,Andhra Pradesh,15.9129,79.74,Southwest Monsoon,6 hours,Heavy Rain,67.6,28.3,36.0,61.3,28.6,30.7,66.6,27.9,36.6,69.3,28.4,37.1,69.1,28.9,35.2,69.3,26.8,39.6,65.0,26.7,33.8,73.8,29.2,42.6,69.1,30.4,34.5,DEMO / SIMULATED DATA - Atmospheric Dynamics Prototype
2024-07-25,06:00,Rajasthan,27.0238,74.2179,Southwest Monsoon,48 hours,Heat Wave,0.0,47.8,14.2,0.0,47.7,16.8,0.0,46.6,25.4,0.1,45.0,10.3,0.0,48.6,12.9,0.0,44.7,16.6,0.0,44.4,7.7,0.7,46.5,9.9,0.0,40.9,4.5,DEMO / SIMULATED DATA - Atmospheric Dynamics Prototype
2024-04-25,18:00,Kerala,10.8505,76.2711,Summer,6 hours,Heavy Rain,119.6,31.9,36.2,88.7,33.2,39.2,119.6,32.0,38.4,119.4,32.0,37.7,113.6,32.3,38.5,125.6,32.8,40.5,118.8,31.9,33.6,117.0,33.2,37.8,122.2,29.6,38.3,DEMO / SIMULATED DATA - Atmospheric Dynamics Prototype
2024-03-09,06:00,Andhra Pradesh,15.9129,79.74,Summer,12 hours,Normal,0.1,35.7,18.9,0.0,38.1,17.3,0.0,34.9,19.2,3.0,35.2,20.4,0.0,35.5,21.9,0.0,34.0,22.1,5.1,34.0,24.8,2.1,37.2,15.8,7.8,35.3,17.5,DEMO / SIMULATED DATA - Atmospheric Dynamics Prototype
2024-02-03,06:00,Tamil Nadu,11.1271,78.6569,Winter,48 hours,Normal,0.6,21.4,14.9,8.2,25.8,10.0,1.8,20.7,27.1,4.8,21.4,17.9,2.4,22.5,18.7,1.2,21.1,20.8,4.8,20.0,11.6,0.0,23.6,22.7,15.6,19.8,15.7,DEMO / SIMULATED DATA - Atmospheric Dynamics Prototype
2024-11-17,18:00,Rajasthan,27.0238,74.2179,Post-Monsoon,12 hours,Normal,1.0,27.1,15.3,4.4,26.5,8.0,0.0,27.2,19.6,2.3,26.4,15.5,0.0,27.0,16.5,0.0,26.6,15.5,0.0,24.9,13.1,3.8,28.0,20.5,7.5,25.6,12.0,DEMO / SIMULATED DATA - Atmospheric Dynamics Prototype
2024-06-10,12:00,Tamil Nadu,11.1271,78.6569,Southwest Monsoon,48 hours,Normal,5.7,31.2,18.2,17.2,26.6,26.4,0.0,32.0,25.0,5.8,31.4,19.2,5.0,31.4,20.6,10.5,29.5,19.8,5.4,32.0,20.5,5.3,31.2,21.1,2.6,32.9,13.8,DEMO / SIMULATED DATA - Atmospheric Dynamics Prototype
2024-12-22,18:00,Telangana,18.1124,79.0193,Post-Monsoon,24 hours,Heat Wave,0.0,45.4,12.2,6.3,43.7,6.2,0.0,45.1,11.2,2.9,45.5,12.8,1.5,45.6,11.6,5.1,48.1,14.0,2.0,45.5,8.0,5.0,45.0,11.9,0.8,43.2,18.7,DEMO / SIMULATED DATA - Atmospheric Dynamics Prototype
2024-02-16,18:00,Kerala,10.8505,76.2711,Winter,6 hours,Normal,1.0,22.0,18.5,3.5,21.1,16.5,5.4,22.5,18.5,0.9,21.7,17.6,0.8,21.0,19.6,1.4,22.9,12.8,0.3,21.9,19.6,2.0,22.7,17.8,0.0,19.8,18.2,DEMO / SIMULATED DATA - Atmospheric Dynamics Prototype
2024-11-11,06:00,Odisha,20.9517,85.0985,Post-Monsoon,12 hours,High Wind,6.1,28.4,65.7,4.9,28.5,59.4,5.6,28.7,69.6,8.1,29.1,65.7,5.9,28.1,64.1,4.0,30.3,62.6,4.5,30.2,69.6,16.7,29.9,66.7,9.3,26.8,65.3,DEMO / SIMULATED DATA - Atmospheric Dynamics Prototype
2024-03-28,18:00,Kerala,10.8505,76.2711,Summer,24 hours,Normal,0.0,32.8,19.2,0.0,35.4,21.1,0.0,32.2,19.6,0.2,32.6,25.0,1.0,31.1,21.6,0.0,31.8,22.7,0.0,33.3,21.2,0.0,33.2,27.6,0.0,33.5,31.8,DEMO / SIMULATED DATA - Atmospheric Dynamics Prototype
2024-11-30,06:00,Kerala,10.8505,76.2711,Post-Monsoon,12 hours,Heat Wave,0.0,47.4,18.4,9.8,46.2,30.6,0.7,47.2,19.8,3.8,47.2,16.0,0.0,47.1,17.0,0.0,45.6,13.7,0.0,47.7,15.9,9.7,48.3,15.8,9.3,47.1,17.4,DEMO / SIMULATED DATA - Atmospheric Dynamics Prototype
2024-10-28,06:00,Andhra Pradesh,15.9129,79.74,Northeast Monsoon,12 hours,Normal,19.2,28.7,19.4,13.5,28.4,15.8,19.9,29.4,17.1,17.6,29.2,18.9,21.2,28.9,21.0,18.4,29.4,17.4,12.5,26.9,17.7,11.8,30.9,19.1,23.9,30.0,19.4,DEMO / SIMULATED DATA - Atmospheric Dynamics Prototype
2024-01-06,06:00,Kerala,10.8505,76.2711,Winter,6 hours,Normal,0.3,19.1,24.2,6.3,15.8,23.0,3.4,19.4,20.9,0.1,19.8,27.3,0.7,19.4,24.7,0.0,20.0,27.3,0.0,20.9,23.7,0.0,20.9,29.1,0.0,17.9,31.5,DEMO / SIMULATED DATA - Atmospheric Dynamics Prototype
2024-09-02,06:00,Odisha,20.9517,85.0985,Southwest Monsoon,72 hours,Normal,14.9,28.3,19.9,21.3,27.8,13.5,13.2,30.9,8.8,15.5,29.3,16.3,12.9,28.3,17.4,12.1,29.0,20.5,20.9,29.4,25.5,10.2,34.2,9.5,21.5,25.7,8.4,DEMO / SIMULATED DATA - Atmospheric Dynamics Prototype
2024-06-03,06:00,Maharashtra,19.7515,75.7139,Southwest Monsoon,48 hours,Heavy Rain,80.6,21.8,34.3,63.9,19.3,34.6,80.5,24.6,42.0,79.5,22.9,33.9,80.6,22.3,30.9,83.6,25.7,29.8,77.3,22.2,35.2,81.3,20.5,26.9,74.6,23.6,46.5,DEMO / SIMULATED DATA - Atmospheric Dynamics Prototype
2024-02-28,18:00,Kerala,10.8505,76.2711,Winter,12 hours,Normal,3.2,21.5,20.8,2.6,21.8,19.4,0.3,22.9,22.6,2.0,22.0,23.2,4.0,21.4,24.2,0.5,22.2,20.9,2.2,21.2,25.2,0.0,23.9,24.8,3.4,21.1,20.8,DEMO / SIMULATED DATA - Atmospheric Dynamics Prototype
2024-09-07,06:00,Tamil Nadu,11.1271,78.6569,Southwest Monsoon,6 hours,Heavy Rain,102.2,23.2,39.9,105.2,24.3,42.9,103.8,23.8,38.0,101.3,24.2,42.1,103.7,23.6,42.9,90.7,25.6,42.2,103.2,22.1,39.0,103.7,25.5,45.5,105.2,24.3,40.7,DEMO / SIMULATED DATA - Atmospheric Dynamics Prototype
2024-07-31,12:00,Kerala,10.8505,76.2711,Southwest Monsoon,6 hours,High Wind,23.3,30.5,63.0,29.3,29.5,61.2,18.2,31.7,59.3,23.5,31.0,62.9,20.3,30.7,67.6,17.3,30.9,59.1,29.6,30.7,68.0,20.0,29.9,59.6,30.3,32.7,60.3,DEMO / SIMULATED DATA - Atmospheric Dynamics Prototype
2024-02-13,18:00,Maharashtra,19.7515,75.7139,Winter,48 hours,Normal,0.0,22.1,12.9,4.5,21.6,2.0,2.9,20.6,13.7,0.4,22.2,14.1,0.0,22.2,12.5,0.0,24.4,11.6,0.0,23.0,12.7,2.2,19.9,12.1,0.0,21.6,21.5,DEMO / SIMULATED DATA - Atmospheric Dynamics Prototype
2024-01-28,18:00,Andhra Pradesh,15.9129,79.74,Winter,24 hours,Normal,0.9,17.8,16.7,4.4,20.8,11.3,1.8,17.2,19.9,2.0,19.0,17.0,0.0,18.6,14.7,7.1,20.7,20.7,0.7,16.1,17.4,2.2,21.5,17.3,0.0,18.2,14.8,DEMO / SIMULATED DATA - Atmospheric Dynamics Prototype
2024-08-22,18:00,Andhra Pradesh,15.9129,79.74,Southwest Monsoon,12 hours,Heavy Rain,63.2,21.8,34.1,50.2,20.5,36.4,57.4,21.6,34.8,65.3,21.8,30.8,64.8,22.3,31.4,61.8,21.9,31.9,63.9,22.5,32.3,66.1,21.4,30.9,70.0,21.0,27.7,DEMO / SIMULATED DATA - Atmospheric Dynamics Prototype
2024-11-10,06:00,Rajasthan,27.0238,74.2179,Post-Monsoon,12 hours,Heavy Rain,66.6,23.0,36.8,56.6,22.6,33.3,65.0,22.9,36.5,64.3,22.1,36.0,66.3,22.9,41.5,64.9,23.8,38.6,64.3,20.9,35.4,59.0,20.4,34.8,67.0,22.7,29.6,DEMO / SIMULATED DATA - Atmospheric Dynamics Prototype
2024-02-29,18:00,Karnataka,15.3173,75.7139,Winter,6 hours,Normal,0.0,22.1,20.8,0.0,22.4,27.2,4.0,22.5,16.2,2.0,22.7,20.1,3.9,22.5,19.3,6.3,21.8,26.6,0.0,21.6,14.2,0.0,23.7,18.7,0.0,24.0,21.5,DEMO / SIMULATED DATA - Atmospheric Dynamics Prototype
2024-02-11,00:00,Odisha,20.9517,85.0985,Winter,6 hours,Normal,0.0,16.7,13.8,3.9,15.2,18.8,0.0,17.7,12.0,2.2,17.7,12.7,0.0,16.8,15.3,0.0,18.3,17.5,0.0,17.1,13.8,2.8,17.8,7.7,8.1,18.5,9.4,DEMO / SIMULATED DATA - Atmospheric Dynamics Prototype
2024-07-10,18:00,Maharashtra,19.7515,75.7139,Southwest Monsoon,12 hours,Heavy Rain,148.5,24.8,50.3,156.0,25.1,52.3,143.6,24.3,53.1,146.6,25.1,50.6,146.6,24.8,47.6,146.3,25.2,49.9,141.3,23.9,55.0,153.4,24.8,51.6,145.2,27.0,49.1,DEMO / SIMULATED DATA - Atmospheric Dynamics Prototype
2024-11-09,18:00,Tamil Nadu,11.1271,78.6569,Northeast Monsoon,24 hours,Heavy Rain,117.5,19.4,52.7,138.9,16.8,47.8,114.7,19.2,50.8,119.6,19.7,53.7,119.4,19.1,55.0,119.7,21.0,50.3,121.7,18.3,52.5,113.2,20.0,58.5,124.2,20.1,52.0,DEMO / SIMULATED DATA - Atmospheric Dynamics Prototype
2024-04-09,06:00,Karnataka,15.3173,75.7139,Summer,6 hours,High Wind,9.9,36.9,51.8,11.2,38.2,54.0,10.1,37.3,51.3,11.5,37.6,49.1,12.6,38.0,48.9,13.4,39.1,53.2,13.6,36.1,50.2,9.0,36.4,47.0,9.1,38.2,46.4,DEMO / SIMULATED DATA - Atmospheric Dynamics Prototype
2024-01-27,00:00,Maharashtra,19.7515,75.7139,Winter,6 hours,Heat Wave,0.0,47.7,22.3,0.0,47.2,22.5,0.0,47.6,18.8,2.5,47.7,20.5,0.0,47.6,20.6,4.1,48.1,22.0,0.0,45.9,20.1,0.3,47.6,19.5,8.1,49.4,20.5,DEMO / SIMULATED DATA - Atmospheric Dynamics Prototype
2024-11-30,00:00,Rajasthan,27.0238,74.2179,Post-Monsoon,6 hours,Heat Wave,0.0,45.0,15.9,0.0,46.0,12.7,0.0,44.8,15.3,0.9,45.4,16.6,0.0,44.7,19.7,0.0,44.2,14.8,0.1,45.8,18.7,4.6,45.6,9.5,0.0,46.7,20.4,DEMO / SIMULATED DATA - Atmospheric Dynamics Prototype
2024-05-14,00:00,Telangana,18.1124,79.0193,Summer,72 hours,Normal,0.0,38.6,10.4,0.0,39.2,24.0,0.0,41.4,4.5,6.7,39.0,8.4,0.0,40.0,9.6,6.8,41.1,9.1,8.5,36.9,5.6,7.8,35.1,10.4,10.2,42.0,7.4,DEMO / SIMULATED DATA - Atmospheric Dynamics Prototype
2024-12-30,12:00,Karnataka,15.3173,75.7139,Post-Monsoon,6 hours,Normal,0.0,32.1,14.7,1.6,30.8,21.7,0.0,32.1,15.1,0.3,32.1,13.5,0.0,33.2,13.0,0.3,32.4,10.7,0.0,33.9,14.5,0.0,31.7,14.6,1.1,29.1,14.6,DEMO / SIMULATED DATA - Atmospheric Dynamics Prototype
2024-04-29,00:00,Andhra Pradesh,15.9129,79.74,Summer,6 hours,Normal,0.5,29.0,20.9,5.0,26.9,19.9,0.0,29.8,18.9,3.1,29.8,17.6,1.2,30.6,16.4,0.8,29.1,14.2,0.0,30.0,20.7,1.3,28.8,25.5,12.2,30.7,11.1,DEMO / SIMULATED DATA - Atmospheric Dynamics Prototype
2024-09-10,18:00,Andhra Pradesh,15.9129,79.74,Southwest Monsoon,6 hours,High Wind,20.5,25.6,58.4,22.3,26.3,62.8,15.7,26.6,56.3,21.3,25.9,59.1,24.5,25.3,57.6,22.9,26.9,57.1,19.4,24.9,56.6,22.6,25.5,63.0,17.1,26.7,61.4,DEMO / SIMULATED DATA - Atmospheric Dynamics Prototype
2024-08-19,06:00,Karnataka,15.3173,75.7139,Southwest Monsoon,72 hours,Normal,18.1,28.0,15.2,15.5,25.2,9.5,10.2,26.0,3.4,20.3,27.6,15.5,10.8,29.2,14.7,24.8,29.8,13.1,12.3,28.3,12.8,22.7,23.5,17.3,31.1,27.0,19.5,DEMO / SIMULATED DATA - Atmospheric Dynamics Prototype
2024-07-01,18:00,Karnataka,15.3173,75.7139,Southwest Monsoon,6 hours,Normal,20.6,30.2,13.9,20.7,31.1,13.6,23.5,30.4,16.2,17.7,30.1,13.4,18.7,29.2,13.1,16.3,30.6,8.4,18.9,29.9,10.6,19.3,30.2,18.6,15.5,30.7,16.2,DEMO / SIMULATED DATA - Atmospheric Dynamics Prototype
2024-02-24,18:00,Tamil Nadu,11.1271,78.6569,Winter,48 hours,Heavy Rain,65.1,16.4,43.2,71.0,16.8,39.8,80.1,15.4,27.3,64.8,16.8,39.7,67.0,16.2,38.6,63.9,16.3,40.2,65.7,17.0,43.0,59.4,17.3,34.6,67.9,17.1,41.9,DEMO / SIMULATED DATA - Atmospheric Dynamics Prototype
2024-09-06,18:00,Kerala,10.8505,76.2711,Southwest Monsoon,48 hours,Normal,9.1,26.7,13.9,17.2,28.1,27.0,10.5,27.9,13.5,12.5,27.1,13.2,14.8,26.6,17.0,9.9,29.3,12.0,15.3,26.5,10.1,8.8,22.3,18.8,13.7,30.9,8.1,DEMO / SIMULATED DATA - Atmospheric Dynamics Prototype
2024-03-13,12:00,Karnataka,15.3173,75.7139,Summer,6 hours,Normal,0.0,37.2,25.4,1.1,36.0,17.5,0.3,38.2,26.5,2.2,36.4,23.6,6.7,36.7,26.6,0.0,35.4,24.9,4.3,39.2,25.6,0.0,34.2,23.2,0.0,36.3,17.9,DEMO / SIMULATED DATA - Atmospheric Dynamics Prototype
2024-05-27,18:00,Maharashtra,19.7515,75.7139,Summer,48 hours,Normal,0.1,31.7,9.9,3.2,31.7,8.9,0.0,31.6,12.4,0.2,31.1,11.9,0.0,31.9,11.0,0.0,32.4,11.3,0.0,29.7,6.2,0.9,31.6,17.3,0.0,29.8,13.8,DEMO / SIMULATED DATA - Atmospheric Dynamics Prototype
2024-01-25,00:00,Andhra Pradesh,15.9129,79.74,Winter,48 hours,Normal,0.0,14.7,6.0,3.5,16.4,10.9,11.5,17.3,4.2,4.3,14.9,6.8,4.2,14.6,4.6,0.0,14.3,7.3,8.5,15.9,2.5,0.0,15.8,10.8,8.6,14.1,8.8,DEMO / SIMULATED DATA - Atmospheric Dynamics Prototype
2024-08-17,18:00,Telangana,18.1124,79.0193,Southwest Monsoon,12 hours,Heat Wave,0.0,44.6,12.2,2.3,44.5,22.6,4.9,44.6,11.8,1.7,44.0,11.4,1.9,44.5,15.2,0.0,44.3,14.2,4.0,42.8,9.0,0.0,43.3,7.2,2.8,45.0,11.5,DEMO / SIMULATED DATA - Atmospheric Dynamics Prototype
2024-04-30,18:00,Andhra Pradesh,15.9129,79.74,Summer,24 hours,Storm/Cyclone,91.6,24.9,99.3,93.8,27.6,95.2,90.5,25.4,98.9,90.7,25.7,100.4,89.9,25.9,93.4,95.9,26.8,98.6,85.8,25.1,101.1,83.2,25.0,107.8,98.9,25.9,101.3,DEMO / SIMULATED DATA - Atmospheric Dynamics Prototype
2024-04-08,12:00,Karnataka,15.3173,75.7139,Summer,72 hours,High Wind,19.1,38.9,51.8,18.2,38.4,53.7,24.5,41.2,51.6,19.8,38.7,55.4,23.7,41.1,49.5,23.3,37.9,57.4,20.3,38.1,46.9,15.0,38.5,58.8,16.7,37.7,64.3,DEMO / SIMULATED DATA - Atmospheric Dynamics Prototype
2024-03-26,00:00,Karnataka,15.3173,75.7139,Summer,48 hours,Normal,6.2,28.0,15.1,0.0,27.3,6.6,2.1,26.5,13.3,3.1,28.5,12.8,6.2,27.9,11.2,6.0,27.4,16.9,2.6,29.0,10.6,0.5,27.8,6.0,0.1,30.5,19.1,DEMO / SIMULATED DATA - Atmospheric Dynamics Prototype
2024-09-16,12:00,Telangana,18.1124,79.0193,Southwest Monsoon,48 hours,High Wind,21.9,29.3,63.7,22.6,29.8,65.9,18.9,31.4,64.9,23.2,28.9,63.4,20.3,29.8,67.1,18.6,28.1,66.9,27.1,29.1,62.8,27.4,27.8,51.1,22.7,29.5,69.3,DEMO / SIMULATED DATA - Atmospheric Dynamics Prototype
2024-11-22,12:00,Rajasthan,27.0238,74.2179,Post-Monsoon,12 hours,Normal,1.5,36.6,17.9,6.3,35.4,16.8,1.1,36.5,19.8,3.4,36.2,18.7,4.6,37.3,16.4,3.8,37.9,20.0,0.0,35.4,19.8,6.8,35.2,17.9,1.7,35.0,19.2,DEMO / SIMULATED DATA - Atmospheric Dynamics Prototype
2024-09-04,18:00,Maharashtra,19.7515,75.7139,Southwest Monsoon,48 hours,High Wind,25.4,22.8,54.7,24.6,21.7,50.0,19.3,21.6,49.4,24.2,23.5,49.5,22.0,21.2,47.8,15.3,26.3,54.5,33.6,22.5,54.0,27.3,24.0,48.1,22.8,23.5,43.1,DEMO / SIMULATED DATA - Atmospheric Dynamics Prototype
2024-09-07,12:00,Karnataka,15.3173,75.7139,Southwest Monsoon,48 hours,Heavy Rain,149.0,29.1,44.0,158.5,27.9,56.5,148.7,28.7,47.0,148.1,28.4,42.5,150.2,29.4,50.4,150.1,27.7,40.7,156.9,30.3,36.8,139.1,29.1,47.3,144.3,25.4,37.3,DEMO / SIMULATED DATA - Atmospheric Dynamics Prototype
2024-11-09,06:00,Kerala,10.8505,76.2711,Post-Monsoon,6 hours,Normal,1.0,30.5,16.5,0.3,31.0,20.6,5.8,31.1,18.3,1.8,30.5,15.4,6.0,30.3,19.2,2.8,31.1,15.9,0.0,30.9,17.6,0.0,30.4,13.3,0.0,29.8,11.0,DEMO / SIMULATED DATA - Atmospheric Dynamics Prototype
2024-06-14,18:00,Telangana,18.1124,79.0193,Southwest Monsoon,24 hours,Normal,5.6,30.8,12.9,7.3,30.4,14.7,8.4,30.4,11.7,4.0,29.9,12.4,4.3,30.2,16.1,2.7,30.1,13.9,6.6,30.2,19.3,2.4,30.5,4.5,3.8,28.4,8.4,DEMO / SIMULATED DATA - Atmospheric Dynamics Prototype
2024-01-23,18:00,Rajasthan,27.0238,74.2179,Winter,72 hours,Normal,0.0,12.0,7.3,0.0,11.5,1.0,0.2,13.3,9.3,3.7,12.9,7.2,1.4,11.8,8.6,5.7,16.2,2.6,0.0,10.1,14.2,11.3,13.7,1.0,0.0,12.9,9.7,DEMO / SIMULATED DATA - Atmospheric Dynamics Prototype
2024-07-09,00:00,Kerala,10.8505,76.2711,Southwest Monsoon,6 hours,Heavy Rain,119.8,20.6,51.8,118.8,20.8,47.1,119.0,21.7,51.7,120.6,21.9,53.8,121.4,22.6,50.8,122.5,20.4,54.8,119.6,21.8,56.2,118.9,22.0,45.5,120.4,22.6,61.7,DEMO / SIMULATED DATA - Atmospheric Dynamics Prototype
2024-11-28,12:00,Telangana,18.1124,79.0193,Post-Monsoon,72 hours,Normal,0.3,29.2,15.6,0.0,27.7,9.0,0.7,30.2,21.7,4.0,29.3,16.2,0.0,29.9,21.6,6.9,28.5,18.7,0.0,28.3,10.6,13.1,27.6,14.6,0.0,32.0,15.4,DEMO / SIMULATED DATA - Atmospheric Dynamics Prototype
2024-10-17,06:00,Tamil Nadu,11.1271,78.6569,Northeast Monsoon,72 hours,High Wind,34.5,25.5,60.5,41.0,25.9,58.8,40.8,29.6,56.8,37.2,25.2,62.0,34.1,24.1,61.1,33.7,27.4,67.0,39.5,27.6,56.7,27.6,26.5,60.6,50.9,20.6,64.8,DEMO / SIMULATED DATA - Atmospheric Dynamics Prototype
2024-12-06,12:00,Tamil Nadu,11.1271,78.6569,Northeast Monsoon,72 hours,Normal,17.0,32.6,16.6,5.2,35.7,33.6,14.4,31.2,7.8,19.4,32.6,19.3,12.2,31.8,21.2,34.1,31.4,12.5,9.6,33.5,18.5,17.7,31.6,25.0,23.3,34.5,19.2,DEMO / SIMULATED DATA - Atmospheric Dynamics Prototype
2024-08-04,12:00,Kerala,10.8505,76.2711,Southwest Monsoon,6 hours,High Wind,16.1,33.0,62.6,18.1,33.9,64.7,12.8,31.8,62.7,17.5,33.2,62.7,22.5,32.2,61.9,17.0,32.5,64.4,18.8,34.8,64.4,14.7,34.2,62.5,14.3,32.4,60.5,DEMO / SIMULATED DATA - Atmospheric Dynamics Prototype
2024-01-29,00:00,Andhra Pradesh,15.9129,79.74,Winter,48 hours,Heavy Rain,55.2,14.1,34.4,39.6,15.7,31.5,61.5,15.1,36.7,57.7,13.6,35.2,53.1,13.0,37.6,49.8,13.5,35.4,68.2,15.3,31.4,55.1,13.6,36.1,62.2,12.7,35.6,DEMO / SIMULATED DATA - Atmospheric Dynamics Prototype
2024-08-05,06:00,Telangana,18.1124,79.0193,Southwest Monsoon,12 hours,Normal,6.4,26.4,6.6,3.2,23.5,2.4,6.7,26.7,5.7,6.4,25.5,3.2,0.5,25.9,3.6,5.5,26.5,1.9,4.9,23.7,5.9,5.5,24.2,1.0,15.5,27.0,3.5,DEMO / SIMULATED DATA - Atmospheric Dynamics Prototype
2024-03-23,18:00,Telangana,18.1124,79.0193,Summer,6 hours,High Wind,18.4,42.2,52.8,,40.7,59.1,18.0,42.9,49.6,19.2,42.9,52.2,17.7,43.3,49.3,25.6,42.4,50.6,19.7,43.5,50.2,15.5,42.5,54.5,17.4,42.8,56.4,DEMO / SIMULATED DATA - Atmospheric Dynamics Prototype
2024-02-09,00:00,Tamil Nadu,11.1271,78.6569,Winter,72 hours,Normal,0.0,18.7,21.5,2.4,21.4,18.3,2.0,20.4,31.6,2.9,19.0,18.1,5.4,17.1,25.9,9.0,17.7,17.4,0.0,19.1,19.6,0.0,22.1,16.2,0.0,19.0,11.2,DEMO / SIMULATED DATA - Atmospheric Dynamics Prototype
2024-08-08,06:00,Andhra Pradesh,15.9129,79.74,Southwest Monsoon,48 hours,Normal,6.5,25.7,23.6,11.4,26.1,24.5,10.6,29.7,28.3,7.4,24.5,24.1,7.6,24.3,24.1,10.0,25.5,21.6,9.5,24.0,27.6,3.8,21.6,21.2,6.1,26.9,26.2,DEMO / SIMULATED DATA - Atmospheric Dynamics Prototype
2024-01-30,00:00,Maharashtra,19.7515,75.7139,Winter,6 hours,Normal,0.0,14.7,17.8,0.1,15.5,28.5,4.5,14.9,16.7,0.8,14.9,16.8,0.0,14.1,18.3,1.0,15.3,12.4,0.0,16.4,14.3,0.0,14.3,23.0,3.2,14.3,15.9,DEMO / SIMULATED DATA - Atmospheric Dynamics Prototype
2024-04-25,18:00,Rajasthan,27.0238,74.2179,Summer,12 hours,Normal,0.0,40.3,15.5,7.1,41.8,23.2,3.0,40.9,18.3,1.2,39.9,16.6,1.3,40.4,16.9,1.8,39.6,17.1,0.8,40.9,15.7,2.0,40.8,11.3,0.0,37.9,21.8,DEMO / SIMULATED DATA - Atmospheric Dynamics Prototype
2024-04-01,00:00,Maharashtra,19.7515,75.7139,Summer,6 hours,Normal,0.0,30.2,18.0,0.0,29.5,20.5,4.5,29.9,18.8,0.9,29.6,19.0,0.0,30.9,17.1,3.0,27.7,20.1,0.0,31.0,18.1,0.0,30.5,21.0,1.3,28.0,18.9,DEMO / SIMULATED DATA - Atmospheric Dynamics Prototype
2024-07-06,06:00,Tamil Nadu,11.1271,78.6569,Southwest Monsoon,48 hours,Heavy Rain,104.9,24.0,49.2,106.1,27.7,47.3,102.2,25.4,55.7,105.3,24.2,47.7,100.2,23.1,49.7,107.6,25.9,49.7,111.1,21.0,43.7,104.9,26.0,47.5,102.9,24.8,47.8,DEMO / SIMULATED DATA - Atmospheric Dynamics Prototype
2024-02-22,06:00,Telangana,18.1124,79.0193,Winter,6 hours,Normal,0.0,19.8,12.4,0.0,21.2,16.4,0.0,20.0,7.1,0.6,19.7,13.3,0.0,19.4,10.5,2.7,19.2,12.4,0.0,19.9,15.5,0.0,20.7,12.6,0.2,19.3,15.6,DEMO / SIMULATED DATA - Atmospheric Dynamics Prototype
2024-10-12,00:00,Karnataka,15.3173,75.7139,Post-Monsoon,48 hours,Heavy Rain,116.2,19.2,41.2,141.8,16.3,45.0,123.2,20.9,39.9,117.5,19.9,38.8,111.1,21.0,39.6,114.9,22.2,36.2,120.6,17.9,37.6,117.2,20.5,46.2,123.7,17.7,34.4,DEMO / SIMULATED DATA - Atmospheric Dynamics Prototype
2024-11-11,12:00,Karnataka,15.3173,75.7139,Post-Monsoon,6 hours,Heat Wave,0.0,46.4,15.6,0.0,44.6,9.9,4.0,46.1,12.2,1.7,46.6,16.4,1.2,46.1,13.5,4.7,46.3,17.1,1.6,49.6,15.0,0.0,45.5,19.2,1.2,45.7,17.0,DEMO / SIMULATED DATA - Atmospheric Dynamics Prototype
2024-02-03,18:00,Maharashtra,19.7515,75.7139,Winter,48 hours,Normal,3.5,22.9,17.1,9.4,24.1,16.8,2.3,22.0,12.3,4.0,22.7,19.2,3.4,23.6,18.3,3.1,23.4,13.4,6.5,20.5,18.3,7.2,23.1,17.1,0.0,22.8,29.0,DEMO / SIMULATED DATA - Atmospheric Dynamics Prototype
2024-06-12,00:00,Andhra Pradesh,15.9129,79.74,Southwest Monsoon,72 hours,Heavy Rain,116.3,19.5,41.1,115.1,20.6,44.4,110.7,16.4,48.3,117.1,20.1,42.6,121.9,20.4,42.6,108.8,18.9,46.7,111.4,19.8,43.6,120.0,17.2,40.4,123.2,24.3,39.6,DEMO / SIMULATED DATA - Atmospheric Dynamics Prototype
2024-08-08,06:00,Maharashtra,19.7515,75.7139,Southwest Monsoon,6 hours,Heavy Rain,116.9,22.0,47.4,102.8,23.1,47.9,114.0,22.1,45.5,117.9,22.6,47.3,117.3,21.3,47.5,119.3,21.9,46.3,117.7,22.8,43.9,118.0,23.8,49.5,117.2,23.0,49.3,DEMO / SIMULATED DATA - Atmospheric Dynamics Prototype
2024-11-17,18:00,Kerala,10.8505,76.2711,Post-Monsoon,6 hours,Normal,0.7,26.0,12.9,4.5,26.2,12.3,7.1,25.1,11.2,1.9,25.9,13.9,0.6,28.0,12.9,1.6,25.7,13.9,0.0,26.8,15.4,0.0,24.5,13.2,7.5,24.7,14.3,DEMO / SIMULATED DATA - Atmospheric Dynamics Prototype
2024-11-06,12:00,Andhra Pradesh,15.9129,79.74,Northeast Monsoon,24 hours,High Wind,34.4,35.6,55.7,34.9,36.8,51.3,31.4,34.7,52.8,36.3,35.1,57.7,36.5,35.0,52.3,31.8,36.4,57.9,38.8,35.2,63.3,39.9,33.7,59.2,34.5,35.3,55.7,DEMO / SIMULATED DATA - Atmospheric Dynamics Prototype
2024-12-09,00:00,Rajasthan,27.0238,74.2179,Post-Monsoon,24 hours,Normal,2.7,21.8,13.5,0.0,22.5,13.0,3.3,21.7,12.9,2.9,21.9,13.4,4.2,21.4,9.3,0.0,22.0,12.1,0.0,21.9,13.1,0.2,22.2,19.2,10.1,22.1,13.1,DEMO / SIMULATED DATA - Atmospheric Dynamics Prototype
2024-10-05,18:00,Kerala,10.8505,76.2711,Post-Monsoon,12 hours,Heat Wave,0.0,47.0,19.0,0.0,47.6,15.2,0.0,46.3,17.6,2.4,46.7,17.5,0.3,46.6,16.9,3.8,46.9,17.5,0.0,44.7,18.2,0.0,48.0,19.1,8.0,47.4,15.8,DEMO / SIMULATED DATA - Atmospheric Dynamics Prototype
2024-08-12,06:00,Andhra Pradesh,15.9129,79.74,Southwest Monsoon,72 hours,Heavy Rain,80.4,24.5,48.6,77.1,22.1,54.0,82.0,25.6,53.2,80.2,24.6,48.3,91.1,23.1,45.2,89.4,25.6,48.9,77.4,24.0,47.5,69.6,26.7,36.1,73.4,23.4,63.6,DEMO / SIMULATED DATA - Atmospheric Dynamics Prototype
2024-03-07,18:00,Andhra Pradesh,15.9129,79.74,Summer,24 hours,Normal,0.7,36.4,19.2,10.0,37.0,25.5,3.3,35.7,18.8,2.0,35.0,18.2,0.8,36.5,21.6,2.2,32.9,15.0,0.0,36.6,20.1,2.1,34.9,22.1,4.8,34.1,12.0,DEMO / SIMULATED DATA - Atmospheric Dynamics Prototype
2024-12-18,06:00,Tamil Nadu,11.1271,78.6569,Northeast Monsoon,72 hours,Heavy Rain,151.7,20.5,51.2,150.7,20.6,47.3,148.3,20.5,50.7,153.5,20.0,53.0,158.1,18.4,53.3,149.1,19.9,40.3,147.0,21.5,47.5,148.2,19.8,52.5,165.3,20.3,71.5,DEMO / SIMULATED DATA - Atmospheric Dynamics Prototype
2024-11-11,12:00,Karnataka,15.3173,75.7139,Post-Monsoon,6 hours,Heat Wave,0.0,46.4,15.6,0.0,44.6,9.9,4.0,46.1,12.2,1.7,46.6,16.4,1.2,46.1,13.5,4.7,46.3,17.1,1.6,49.6,15.0,0.0,45.5,19.2,1.2,45.7,17.0,DEMO / SIMULATED DATA - Atmospheric Dynamics Prototype
2024-12-29,12:00,Andhra Pradesh,15.9129,79.74,Northeast Monsoon,48 hours,Heavy Rain,140.3,25.1,40.9,120.0,26.6,28.7,135.9,25.2,33.9,136.9,25.3,42.0,148.6,24.3,38.3,137.1,25.9,44.4,137.9,25.6,42.7,131.4,24.9,37.6,129.4,25.6,47.0,DEMO / SIMULATED DATA - Atmospheric Dynamics Prototype
2024-05-08,12:00,Karnataka,15.3173,75.7139,Summer,48 hours,Heavy Rain,102.3,31.5,34.3,106.4,33.6,27.1,108.6,30.3,33.2,103.2,32.5,35.8,103.3,32.8,39.2,100.8,30.8,32.2,106.5,33.2,38.4,104.0,32.2,33.1,101.3,33.4,35.9,DEMO / SIMULATED DATA - Atmospheric Dynamics Prototype
2024-08-02,12:00,Maharashtra,19.7515,75.7139,Southwest Monsoon,12 hours,High Wind,15.3,33.7,49.0,0.8,33.5,49.0,16.9,34.0,49.0,18.1,33.7,49.7,15.0,32.6,49.8,14.9,33.2,49.0,13.9,31.9,51.2,23.8,34.1,50.2,23.0,36.8,48.2,DEMO / SIMULATED DATA - Atmospheric Dynamics Prototype
2024-09-15,18:00,Rajasthan,27.0238,74.2179,Southwest Monsoon,72 hours,Heavy Rain,92.8,22.1,37.3,83.7,24.7,40.5,84.8,23.1,30.4,91.8,21.9,37.6,99.9,23.2,37.0,99.6,19.4,33.9,91.2,26.5,31.5,80.4,18.8,42.9,87.9,21.7,42.7,DEMO / SIMULATED DATA - Atmospheric Dynamics Prototype
2024-09-28,06:00,Rajasthan,27.0238,74.2179,Southwest Monsoon,6 hours,Heavy Rain,92.6,22.8,31.9,90.3,22.3,33.9,96.3,21.8,33.0,89.7,22.6,31.5,95.8,23.4,34.5,90.9,24.0,29.9,92.8,22.2,30.4,85.2,20.1,36.2,83.9,23.2,26.5,DEMO / SIMULATED DATA - Atmospheric Dynamics Prototype
2024-06-12,06:00,Andhra Pradesh,15.9129,79.74,Southwest Monsoon,12 hours,Normal,4.8,27.1,12.6,2.6,27.0,10.0,0.7,26.0,14.1,7.1,27.1,12.2,4.5,27.7,14.5,5.3,25.8,13.1,10.4,26.5,13.8,4.7,29.1,9.9,10.7,26.5,9.5,DEMO / SIMULATED DATA - Atmospheric Dynamics Prototype
2024-04-22,12:00,Telangana,18.1124,79.0193,Summer,48 hours,Heat Wave,0.0,47.6,16.3,9.3,49.8,21.2,4.8,51.5,22.0,1.9,48.2,19.5,0.0,47.9,15.4,9.4,49.4,24.2,0.0,49.5,10.0,0.0,46.8,24.3,0.0,47.6,23.4,DEMO / SIMULATED DATA - Atmospheric Dynamics Prototype
2024-06-11,18:00,Maharashtra,19.7515,75.7139,Southwest Monsoon,24 hours,Normal,9.4,29.5,13.8,13.2,28.7,15.4,14.0,29.1,14.4,10.0,29.8,13.9,6.2,29.9,17.3,14.1,29.6,12.1,10.4,29.6,15.6,6.2,28.9,12.8,13.2,30.9,11.7,DEMO / SIMULATED DATA - Atmospheric Dynamics Prototype
2024-08-11,00:00,Rajasthan,27.0238,74.2179,Southwest Monsoon,24 hours,Storm/Cyclone,155.4,26.5,78.6,151.5,26.9,85.6,155.2,26.7,80.0,155.1,26.4,80.8,156.0,26.1,79.1,159.4,25.3,79.0,152.3,28.2,72.8,152.6,27.1,85.4,155.0,25.5,87.9,DEMO / SIMULATED DATA - Atmospheric Dynamics Prototype
2024-01-12,00:00,Tamil Nadu,11.1271,78.6569,Winter,12 hours,Normal,0.0,14.8,23.7,5.1,15.5,27.5,0.0,15.0,28.8,3.9,14.3,27.2,0.0,14.8,23.7,0.0,14.0,23.8,6.5,14.7,27.9,13.0,13.6,25.8,0.0,14.6,34.7,DEMO / SIMULATED DATA - Atmospheric Dynamics Prototype
2024-05-13,12:00,Andhra Pradesh,15.9129,79.74,Summer,12 hours,Heavy Rain,71.1,34.7,34.3,48.9,36.5,33.1,69.5,34.8,36.3,70.6,34.9,36.6,70.6,35.4,34.2,71.4,33.9,37.4,73.8,35.4,37.9,66.3,34.8,38.6,70.9,34.9,34.8,DEMO / SIMULATED DATA - Atmospheric Dynamics Prototype
2024-04-04,00:00,Tamil Nadu,11.1271,78.6569,Summer,48 hours,Storm/Cyclone,178.0,24.7,73.8,150.8,24.6,70.7,168.0,28.8,75.5,179.1,24.1,76.1,178.0,24.3,76.2,172.7,24.3,70.1,181.9,23.3,78.9,177.4,26.2,75.9,185.4,22.6,79.2,DEMO / SIMULATED DATA - Atmospheric Dynamics Prototype
2024-07-16,06:00,Odisha,20.9517,85.0985,Southwest Monsoon,48 hours,Normal,17.2,27.8,21.6,10.4,31.0,27.0,20.2,30.1,21.0,15.3,27.7,20.2,14.4,27.7,16.1,22.6,27.3,18.6,13.8,27.8,22.2,16.3,27.5,24.5,9.5,28.3,19.7,DEMO / SIMULATED DATA - Atmospheric Dynamics Prototype
2024-05-19,18:00,Kerala,10.8505,76.2711,Summer,12 hours,Normal,2.0,34.0,16.4,0.0,34.7,21.6,8.6,34.3,16.3,3.7,33.7,14.3,0.0,32.4,16.8,9.9,35.3,19.6,3.0,34.4,8.2,5.5,33.2,13.7,0.3,33.4,13.2,DEMO / SIMULATED DATA - Atmospheric Dynamics Prototype
2024-02-22,18:00,Rajasthan,27.0238,74.2179,Winter,12 hours,Normal,0.0,14.8,16.4,0.0,14.6,18.8,4.4,15.1,12.4,1.6,15.4,14.7,0.2,16.0,15.9,2.3,16.1,16.9,1.4,15.5,15.0,0.0,13.5,14.5,4.2,15.7,11.4,DEMO / SIMULATED DATA - Atmospheric Dynamics Prototype
